"player","pos","team","games","rush_att","rush_yds","rush_avg","rush_tds","rec_tgt","rec","rec_yds","rec_yds_g","rec_avg","rec_tds","fumbles_lost","site_pts","site_fppg","src_id","data_src","id","rush_09_tds","rush_1019_tds","rush_2029_tds","rush_3039_tds","rush_4049_tds","rush_50_tds","rush_50_yds","rush_100_yds","rec_rz_tgt","rec_50_yds","rec_100_yds","return_yds","scoring_opp","bye"
"Jahmyr Gibbs","RB","DET",17,279,1435,5.1,16,92,75,633,37.2,8.4,5,1,314,18.5,"3162723","CBS","16162",NA,NA,NA,NA,NA,NA,NA,NA,NA,NA,NA,NA,NA,NA
"Jonathan Taylor","RB","IND",17,359,1582,4.4,15,53,42,344,20.2,8.2,2,2,276,16.2,"2866395","CBS","14802",NA,NA,NA,NA,NA,NA,NA,NA,NA,NA,NA,NA,NA,NA
"Bijan Robinson","RB","ATL",17,291,1400,4.8,9,91,71,701,41.2,9.9,4,2,269,15.8,"3168163","CBS","16161",NA,NA,NA,NA,NA,NA,NA,NA,NA,NA,NA,NA,NA,NA
"Derrick Henry","RB","BAL",17,305,1656,5.4,15,23,17,171,10.1,10.1,1,2,259,15.2,"2061188","CBS","12626",NA,NA,NA,NA,NA,NA,NA,NA,NA,NA,NA,NA,NA,NA
"Christian McCaffrey","RB","SF",17,256,1008,3.9,8,95,75,688,40.5,9.2,5,1,229,13.5,"2136743","CBS","13130",NA,NA,NA,NA,NA,NA,NA,NA,NA,NA,NA,NA,NA,NA
"De'Von Achane","RB","MIA",17,229,1129,4.9,7,93,76,551,32.4,7.3,6,1,227,13.4,"3171161","CBS","16167",NA,NA,NA,NA,NA,NA,NA,NA,NA,NA,NA,NA,NA,NA
"James Cook","RB","BUF",17,288,1435,5,9,39,32,273,16.1,8.5,2,3,214,12.6,"2975698","CBS","15715",NA,NA,NA,NA,NA,NA,NA,NA,NA,NA,NA,NA,NA,NA
"Chase Brown","RB","CIN",17,236,1008,4.3,9,91,73,472,27.8,6.5,5,1,212,12.5,"2965160","CBS","16181",NA,NA,NA,NA,NA,NA,NA,NA,NA,NA,NA,NA,NA,NA
"Saquon Barkley","RB","PHI",17,306,1374,4.5,7,55,41,314,18.5,7.7,2,1,203,11.9,"2185957","CBS","13604",NA,NA,NA,NA,NA,NA,NA,NA,NA,NA,NA,NA,NA,NA
"Kenneth Walker III","RB","KC",17,263,1205,4.6,8,55,47,360,21.2,7.7,0,1,187,11,"3121372","CBS","15711",NA,NA,NA,NA,NA,NA,NA,NA,NA,NA,NA,NA,NA,NA
"Javonte Williams","RB","DAL",17,257,1198,4.7,11,43,31,147,8.6,4.7,1,2,186,10.9,"2961719","CBS","15256",NA,NA,NA,NA,NA,NA,NA,NA,NA,NA,NA,NA,NA,NA
"D'Andre Swift","RB","CHI",17,248,1121,4.5,9,48,36,325,19.1,9,1,1,185,10.9,"2871710","CBS","14797",NA,NA,NA,NA,NA,NA,NA,NA,NA,NA,NA,NA,NA,NA
"Cam Skattebo","RB","NYG",17,209,907,4.3,9,57,43,351,20.6,8.2,4,2,184,10.8,"26697012","CBS","17045",NA,NA,NA,NA,NA,NA,NA,NA,NA,NA,NA,NA,NA,NA
"Kyren Williams","RB","LAR",17,221,1046,4.7,9,43,33,243,14.3,7.4,3,2,181,10.6,"3121836","CBS","15710",NA,NA,NA,NA,NA,NA,NA,NA,NA,NA,NA,NA,NA,NA
"Bucky Irving","RB","TB",17,265,1028,3.9,6,51,44,400,23.5,9.1,3,1,179,10.5,"26693770","CBS","16598",NA,NA,NA,NA,NA,NA,NA,NA,NA,NA,NA,NA,NA,NA
"Ashton Jeanty","RB","LV",17,229,875,3.8,8,65,49,300,17.6,6.1,5,1,177,10.4,"28874008","CBS","17042",NA,NA,NA,NA,NA,NA,NA,NA,NA,NA,NA,NA,NA,NA
"Travis Etienne","RB","NO",17,254,992,3.9,5,66,48,362,21.3,7.5,5,1,177,10.4,"2809206","CBS","15253",NA,NA,NA,NA,NA,NA,NA,NA,NA,NA,NA,NA,NA,NA
"Omarion Hampton","RB","LAC",17,220,896,4.1,10,53,46,298,17.5,6.5,2,1,172,10.1,"28908905","CBS","17044",NA,NA,NA,NA,NA,NA,NA,NA,NA,NA,NA,NA,NA,NA
"Bhayshul Tuten","RB","JAC",17,224,891,4,12,22,16,128,7.5,8,3,3,170,10,"26732838","CBS","17052",NA,NA,NA,NA,NA,NA,NA,NA,NA,NA,NA,NA,NA,NA
"Breece Hall","RB","NYJ",17,224,1014,4.5,6,53,40,370,21.8,9.3,2,2,165,9.7,"3123469","CBS","15708",NA,NA,NA,NA,NA,NA,NA,NA,NA,NA,NA,NA,NA,NA
"Jeremiyah Love","RB","ARI",17,211,946,4.5,7,56,43,382,22.5,8.9,2,3,164,9.6,"29133405","CBS","17472",NA,NA,NA,NA,NA,NA,NA,NA,NA,NA,NA,NA,NA,NA
"Quinshon Judkins","RB","CLE",17,277,973,3.5,10,52,37,243,14.3,6.6,0,1,163,9.6,"28878286","CBS","17051",NA,NA,NA,NA,NA,NA,NA,NA,NA,NA,NA,NA,NA,NA
"David Montgomery","RB","HOU",17,263,1014,3.9,9,31,27,213,12.5,7.9,0,2,155,9.1,"2261252","CBS","14071",NA,NA,NA,NA,NA,NA,NA,NA,NA,NA,NA,NA,NA,NA
"Jadarian Price","RB","SEA",17,228,974,4.3,8,27,20,221,13,11.1,1,3,152,8.9,"28875230","CBS","17473",NA,NA,NA,NA,NA,NA,NA,NA,NA,NA,NA,NA,NA,NA
"MarShawn Lloyd","RB","GB",17,243,1022,4.2,8,17,13,130,7.6,10,1,3,148,8.7,"3162514","CBS","16604",NA,NA,NA,NA,NA,NA,NA,NA,NA,NA,NA,NA,NA,NA
"J.K. Dobbins","RB","DEN",17,248,1137,4.6,7,26,21,77,4.5,3.7,0,1,147,8.6,"2804420","CBS","14800",NA,NA,NA,NA,NA,NA,NA,NA,NA,NA,NA,NA,NA,NA
"TreVeyon Henderson","RB","NE",17,189,890,4.7,7,40,33,208,12.2,6.3,1,1,140,8.2,"26699547","CBS","17043",NA,NA,NA,NA,NA,NA,NA,NA,NA,NA,NA,NA,NA,NA
"Rico Dowdle","RB","PIT",17,191,834,4.4,7,46,36,252,14.8,7,1,1,137,8.1,"2252798","CBS","14823",NA,NA,NA,NA,NA,NA,NA,NA,NA,NA,NA,NA,NA,NA
"Jaylen Warren","RB","PIT",17,194,836,4.3,5,46,40,316,18.6,7.9,2,1,137,8.1,"3126535","CBS","15742",NA,NA,NA,NA,NA,NA,NA,NA,NA,NA,NA,NA,NA,NA
"Jonathon Brooks","RB","CAR",17,215,880,4.1,7,29,24,199,11.7,8.3,1,2,136,8,"26730706","CBS","16597",NA,NA,NA,NA,NA,NA,NA,NA,NA,NA,NA,NA,NA,NA
"Tony Pollard","RB","TEN",17,226,990,4.4,6,43,34,214,12.6,6.3,0,3,133,7.8,"2184011","CBS","14085",NA,NA,NA,NA,NA,NA,NA,NA,NA,NA,NA,NA,NA,NA
"Rhamondre Stevenson","RB","NE",17,169,698,4.1,6,40,33,333,19.6,10.1,2,3,129,7.6,"3125832","CBS","15259",NA,NA,NA,NA,NA,NA,NA,NA,NA,NA,NA,NA,NA,NA
"RJ Harvey","RB","DEN",17,149,530,3.6,6,56,45,332,19.5,7.4,4,1,128,7.5,"3121207","CBS","17068",NA,NA,NA,NA,NA,NA,NA,NA,NA,NA,NA,NA,NA,NA
"Jordan Mason","RB","MIN",17,195,911,4.7,7,21,18,82,4.8,4.6,0,1,126,7.4,"2967536","CBS","15972",NA,NA,NA,NA,NA,NA,NA,NA,NA,NA,NA,NA,NA,NA
"Jacory Croskey-Merritt","RB","WAS",17,180,859,4.8,8,13,9,71,4.2,7.9,0,2,125,7.4,"3126952","CBS","17256",NA,NA,NA,NA,NA,NA,NA,NA,NA,NA,NA,NA,NA,NA
"Chuba Hubbard","RB","CAR",17,167,712,4.3,5,44,33,210,12.4,6.4,3,1,122,7.2,"2865693","CBS","15261",NA,NA,NA,NA,NA,NA,NA,NA,NA,NA,NA,NA,NA,NA
"Kyle Monangai","RB","CHI",17,206,855,4.2,5,37,23,208,12.2,9,0,1,119,7,"3177368","CBS","17066",NA,NA,NA,NA,NA,NA,NA,NA,NA,NA,NA,NA,NA,NA
"Blake Corum","RB","LAR",17,175,886,5.1,6,8,6,36,2.1,6,0,1,116,6.8,"3169252","CBS","16593",NA,NA,NA,NA,NA,NA,NA,NA,NA,NA,NA,NA,NA,NA
"Kenneth Gainwell","RB","TB",17,123,536,4.4,4,71,60,438,25.8,7.3,2,1,115,6.8,"2968948","CBS","15255",NA,NA,NA,NA,NA,NA,NA,NA,NA,NA,NA,NA,NA,NA
"Rachaad White","RB","WAS",17,145,710,4.9,6,28,25,167,9.8,6.7,1,1,110,6.5,"3169147","CBS","15721",NA,NA,NA,NA,NA,NA,NA,NA,NA,NA,NA,NA,NA,NA
"Chris Rodriguez Jr.","RB","JAC",17,177,695,3.9,8,3,2,23,1.4,11.5,0,1,108,6.4,"2964667","CBS","16174",NA,NA,NA,NA,NA,NA,NA,NA,NA,NA,NA,NA,NA,NA
"Aaron Jones","RB","MIN",17,158,665,4.2,3,53,38,292,17.2,7.7,2,1,107,6.3,"2071937","CBS","13319",NA,NA,NA,NA,NA,NA,NA,NA,NA,NA,NA,NA,NA,NA
"Woody Marks","RB","HOU",17,150,561,3.7,3,32,21,179,10.5,8.5,3,1,93,5.5,"3171045","CBS","17053",NA,NA,NA,NA,NA,NA,NA,NA,NA,NA,NA,NA,NA,NA
"Mike Washington Jr.","RB","LV",17,164,611,3.7,4,36,27,227,13.4,8.4,1,2,93,5.5,"26693539","CBS","17482",NA,NA,NA,NA,NA,NA,NA,NA,NA,NA,NA,NA,NA,NA
"Josh Jacobs","RB","GB",14,128,506,4,6,27,21,171,12.2,8.1,1,1,91,6.5,"2257876","CBS","14073",NA,NA,NA,NA,NA,NA,NA,NA,NA,NA,NA,NA,NA,NA
"Kaelon Black","RB","SF",17,152,594,3.9,5,17,13,128,7.5,9.9,1,2,87,5.1,"3162599","CBS","17485",NA,NA,NA,NA,NA,NA,NA,NA,NA,NA,NA,NA,NA,NA
"Braelon Allen","RB","NYJ",17,141,550,3.9,6,21,15,111,6.5,7.4,1,3,87,5.1,"26726580","CBS","16596",NA,NA,NA,NA,NA,NA,NA,NA,NA,NA,NA,NA,NA,NA
"Tank Bigsby","RB","PHI",17,126,649,5.2,5,6,4,35,2.1,8.8,0,1,85,5,"3162021","CBS","16164",NA,NA,NA,NA,NA,NA,NA,NA,NA,NA,NA,NA,NA,NA
"Jordan James","RB","SF",17,126,494,3.9,4,31,24,235,13.8,9.8,1,2,82,4.8,"28916212","CBS","17055",NA,NA,NA,NA,NA,NA,NA,NA,NA,NA,NA,NA,NA,NA
"Tyjae Spears","RB","TEN",17,93,347,3.7,4,56,50,327,19.2,6.5,1,1,79,4.6,"3122588","CBS","16165",NA,NA,NA,NA,NA,NA,NA,NA,NA,NA,NA,NA,NA,NA
"Dylan Sampson","RB","CLE",17,105,289,2.8,2,53,44,351,20.6,8,3,2,74,4.4,"28912068","CBS","17047",NA,NA,NA,NA,NA,NA,NA,NA,NA,NA,NA,NA,NA,NA
"Zach Charbonnet","RB","SEA",13,113,449,4,6,20,16,129,9.9,8.1,0,1,73,5.6,"3123810","CBS","16169",NA,NA,NA,NA,NA,NA,NA,NA,NA,NA,NA,NA,NA,NA
"Malik Davis","RB","DAL",17,115,554,4.8,4,17,9,75,4.4,8.3,0,1,72,4.2,"2773009","CBS","15738",NA,NA,NA,NA,NA,NA,NA,NA,NA,NA,NA,NA,NA,NA
"Brian Robinson Jr.","RB","ATL",17,121,529,4.4,4,6,4,23,1.4,5.8,0,1,69,4.1,"2741207","CBS","15716",NA,NA,NA,NA,NA,NA,NA,NA,NA,NA,NA,NA,NA,NA
"Tyler Allgeier","RB","ARI",17,126,442,3.5,5,17,16,96,5.6,6,0,1,68,4,"2975590","CBS","15712",NA,NA,NA,NA,NA,NA,NA,NA,NA,NA,NA,NA,NA,NA
"Justice Hill","RB","BAL",17,64,325,5.1,3,32,26,218,12.8,8.4,2,0,67,3.9,"2250388","CBS","14086",NA,NA,NA,NA,NA,NA,NA,NA,NA,NA,NA,NA,NA,NA
"AJ Dillon","RB","CAR",17,121,532,4.4,3,20,18,146,8.6,8.1,1,5,66,3.9,"2867083","CBS","14805",NA,NA,NA,NA,NA,NA,NA,NA,NA,NA,NA,NA,NA,NA
"Emanuel Wilson","RB","SEA",17,128,529,4.1,3,17,14,93,5.5,6.6,0,1,66,3.9,"29104952","CBS","16432",NA,NA,NA,NA,NA,NA,NA,NA,NA,NA,NA,NA,NA,NA
"Tyrone Tracy Jr.","RB","NYG",17,123,524,4.3,2,25,19,140,8.2,7.4,1,1,66,3.9,"2963637","CBS","16747",NA,NA,NA,NA,NA,NA,NA,NA,NA,NA,NA,NA,NA,NA
"Ty Johnson","RB","BUF",17,53,225,4.3,2,33,24,280,16.5,11.7,3,0,64,3.8,"2179323","CBS","14095",NA,NA,NA,NA,NA,NA,NA,NA,NA,NA,NA,NA,NA,NA
"Alvin Kamara","RB","NO",16,111,422,3.8,3,35,28,205,12.8,7.3,0,1,62,3.9,"2082721","CBS","13132",NA,NA,NA,NA,NA,NA,NA,NA,NA,NA,NA,NA,NA,NA
"Christopher Brooks","RB","GB",17,117,536,4.6,2,17,13,91,5.4,7,0,1,60,3.5,"2962350","CBS","16387",NA,NA,NA,NA,NA,NA,NA,NA,NA,NA,NA,NA,NA,NA
"Samaje Perine","RB","CIN",17,96,443,4.6,4,22,17,132,7.8,7.8,0,3,59,3.5,"2131148","CBS","13133",NA,NA,NA,NA,NA,NA,NA,NA,NA,NA,NA,NA,NA,NA
"Isiah Pacheco","RB","DET",13,113,473,4.2,2,27,20,119,9.2,6,1,1,58,4.5,"2966551","CBS","15749",NA,NA,NA,NA,NA,NA,NA,NA,NA,NA,NA,NA,NA,NA
"Keaton Mitchell","RB","LAC",17,108,475,4.4,2,14,11,72,4.2,6.6,0,1,51,3,"3164710","CBS","16178",NA,NA,NA,NA,NA,NA,NA,NA,NA,NA,NA,NA,NA,NA
"Kimani Vidal","RB","LAC",17,87,334,3.8,2,22,16,145,8.5,9.1,1,0,48,2.8,"3163421","CBS","16757",NA,NA,NA,NA,NA,NA,NA,NA,NA,NA,NA,NA,NA,NA
"James Conner","RB","ARI",13,65,217,3.3,2,32,28,213,16.4,7.6,2,0,48,3.7,"2071585","CBS","13146",NA,NA,NA,NA,NA,NA,NA,NA,NA,NA,NA,NA,NA,NA
"Najee Harris","RB","NYG",17,80,353,4.4,3,12,10,75,4.4,7.5,0,0,48,2.8,"2741200","CBS","15254",NA,NA,NA,NA,NA,NA,NA,NA,NA,NA,NA,NA,NA,NA
"Adam Randall","RB","BAL",13,62,339,5.5,2,17,13,141,10.8,10.9,1,1,47,3.6,"28878514","CBS","17652",NA,NA,NA,NA,NA,NA,NA,NA,NA,NA,NA,NA,NA,NA
"Jaylen Wright","RB","MIA",17,104,384,3.7,2,12,7,49,2.9,7,0,2,39,2.3,"26698774","CBS","16610",NA,NA,NA,NA,NA,NA,NA,NA,NA,NA,NA,NA,NA,NA
"Kyle Juszczyk","FB","SF",17,4,2,0.5,0,33,27,257,15.1,9.5,2,0,30,1.8,"1683145","CBS","11367",NA,NA,NA,NA,NA,NA,NA,NA,NA,NA,NA,NA,NA,NA
"Brashard Smith","RB","KC",17,53,186,3.5,1,30,21,142,8.4,6.8,1,0,28,1.6,"26694196","CBS","17049",NA,NA,NA,NA,NA,NA,NA,NA,NA,NA,NA,NA,NA,NA
"Roschon Johnson","RB","CHI",17,34,116,3.4,3,3,3,18,1.1,6,0,0,23,1.4,"3121395","CBS","16175",NA,NA,NA,NA,NA,NA,NA,NA,NA,NA,NA,NA,NA,NA
"LeQuint Allen","RB","JAC",17,56,218,3.9,1,9,9,50,2.9,5.6,0,0,20,1.2,"28877884","CBS","17061",NA,NA,NA,NA,NA,NA,NA,NA,NA,NA,NA,NA,NA,NA
"Seth McGowan","RB","IND",17,32,142,4.4,2,3,2,25,1.5,12.5,0,0,19,1.1,"3161581","CBS","17475",NA,NA,NA,NA,NA,NA,NA,NA,NA,NA,NA,NA,NA,NA
"Isaiah Davis","RB","NYJ",17,31,171,5.5,1,9,7,61,3.6,8.7,0,0,18,1.1,"26718641","CBS","16752",NA,NA,NA,NA,NA,NA,NA,NA,NA,NA,NA,NA,NA,NA
"Sean Tucker","RB","TB",17,35,145,4.1,2,1,1,6,0.4,6,0,0,18,1.1,"3168416","CBS","16166",NA,NA,NA,NA,NA,NA,NA,NA,NA,NA,NA,NA,NA,NA
"Kaytron Allen","RB","WAS",17,35,171,4.9,1,3,2,22,1.3,11,0,0,17,1,"28875485","CBS","17478",NA,NA,NA,NA,NA,NA,NA,NA,NA,NA,NA,NA,NA,NA
"Emari Demercado","RB","DAL",17,32,206,6.4,0,7,5,41,2.4,8.2,0,0,14,0.8,"2964372","CBS","16385",NA,NA,NA,NA,NA,NA,NA,NA,NA,NA,NA,NA,NA,NA
"Jacob Saylors","RB","DET",17,29,136,4.7,1,5,4,40,2.4,10,0,0,13,0.8,"2976071","CBS","16850",NA,NA,NA,NA,NA,NA,NA,NA,NA,NA,NA,NA,NA,NA
"Andrew Beck","FB","NYJ",17,1,8,8,0,7,5,35,2.1,7,2,0,13,0.8,"2131774","CBS","14319",NA,NA,NA,NA,NA,NA,NA,NA,NA,NA,NA,NA,NA,NA
"Michael Burton","FB","CLE",17,9,10,1.1,1,8,6,40,2.4,6.7,1,0,13,0.8,"1759407","CBS","12325",NA,NA,NA,NA,NA,NA,NA,NA,NA,NA,NA,NA,NA,NA
"Corey Kiner","RB","NE",17,34,151,4.4,1,3,2,20,1.2,10,0,0,13,0.8,"26698879","CBS","17274",NA,NA,NA,NA,NA,NA,NA,NA,NA,NA,NA,NA,NA,NA
"Emmett Johnson","RB","KC",17,30,126,4.2,1,3,2,23,1.4,11.5,0,0,12,0.7,"28877097","CBS","17474",NA,NA,NA,NA,NA,NA,NA,NA,NA,NA,NA,NA,NA,NA
"Demond Claiborne","RB","MIN",17,29,134,4.6,1,3,2,21,1.2,10.5,0,0,12,0.7,"28883197","CBS","17481",NA,NA,NA,NA,NA,NA,NA,NA,NA,NA,NA,NA,NA,NA
"Audric Estime","RB","NO",17,30,122,4.1,1,3,3,24,1.4,8,0,0,12,0.7,"26713577","CBS","16595",NA,NA,NA,NA,NA,NA,NA,NA,NA,NA,NA,NA,NA,NA
"Jonah Coleman","RB","DEN",17,32,134,4.2,1,3,3,23,1.4,7.7,0,0,12,0.7,"28877250","CBS","17477",NA,NA,NA,NA,NA,NA,NA,NA,NA,NA,NA,NA,NA,NA
"DJ Giddens","RB","IND",17,32,133,4.2,1,1,1,11,0.6,11,0,0,11,0.6,"26695679","CBS","17060",NA,NA,NA,NA,NA,NA,NA,NA,NA,NA,NA,NA,NA,NA
"Kendre Miller","RB","NO",17,32,127,4,1,2,2,11,0.6,5.5,0,0,11,0.6,"3162256","CBS","16171",NA,NA,NA,NA,NA,NA,NA,NA,NA,NA,NA,NA,NA,NA
"George Holani","RB","SEA",17,35,118,3.4,1,4,4,30,1.8,7.5,0,0,11,0.6,"3131661","CBS","16608",NA,NA,NA,NA,NA,NA,NA,NA,NA,NA,NA,NA,NA,NA
"Devin Singletary","RB","NYG",17,35,130,3.7,1,1,1,10,0.6,10,0,0,11,0.6,"2241251","CBS","14080",NA,NA,NA,NA,NA,NA,NA,NA,NA,NA,NA,NA,NA,NA
"Kene Nwangwu","RB","NYJ",17,31,132,4.3,1,1,0,4,0.2,0,0,0,11,0.6,"2261254","CBS","15414",NA,NA,NA,NA,NA,NA,NA,NA,NA,NA,NA,NA,NA,NA
"Nicholas Singleton","RB","TEN",17,25,104,4.2,1,3,2,21,1.2,10.5,0,0,11,0.6,"28876754","CBS","17476",NA,NA,NA,NA,NA,NA,NA,NA,NA,NA,NA,NA,NA,NA
"Eli Heidenreich","RB","PIT",17,29,117,4,1,3,2,21,1.2,10.5,0,0,11,0.6,"28901170","CBS","17685",NA,NA,NA,NA,NA,NA,NA,NA,NA,NA,NA,NA,NA,NA
"Zonovan Knight","RB","ARI",17,26,86,3.3,1,3,3,20,1.2,6.7,0,0,11,0.6,"3121860","CBS","15727",NA,NA,NA,NA,NA,NA,NA,NA,NA,NA,NA,NA,NA,NA
"Raheim Sanders","RB","CLE",17,29,107,3.7,1,3,2,17,1,8.5,0,0,11,0.6,"26700087","CBS","17062",NA,NA,NA,NA,NA,NA,NA,NA,NA,NA,NA,NA,NA,NA
"Ameer Abdullah","RB","JAC",17,17,71,4.2,1,9,8,56,3.3,7,0,0,11,0.6,"1824308","CBS","12155",NA,NA,NA,NA,NA,NA,NA,NA,NA,NA,NA,NA,NA,NA
"Isaac Guerendo","RB","SF",13,25,122,4.9,1,3,3,29,2.2,9.7,0,0,10,0.8,"2964154","CBS","16688",NA,NA,NA,NA,NA,NA,NA,NA,NA,NA,NA,NA,NA,NA
"Rasheen Ali","RB","BAL",17,13,47,3.6,0,9,7,53,3.1,7.6,1,0,9,0.5,"3168797","CBS","16746",NA,NA,NA,NA,NA,NA,NA,NA,NA,NA,NA,NA,NA,NA
"Ollie Gordon II","RB","MIA",17,31,80,2.6,1,1,1,4,0.2,4,0,0,9,0.5,"28873887","CBS","17059",NA,NA,NA,NA,NA,NA,NA,NA,NA,NA,NA,NA,NA,NA
"Jahmyr Gibbs","RB","DET",NA,286,1389,NA,14,86,68,546,NA,NA,3,NA,NA,NA,"4429795","ESPN","16162",NA,NA,NA,NA,NA,NA,NA,NA,NA,NA,NA,NA,NA,NA
"Bijan Robinson","RB","ATL",NA,287,1372,NA,8,99,76,708,NA,NA,3,NA,NA,NA,"4430807","ESPN","16161",NA,NA,NA,NA,NA,NA,NA,NA,NA,NA,NA,NA,NA,NA
"Jonathan Taylor","RB","IND",NA,326,1502,NA,12,63,50,390,NA,NA,1,NA,NA,NA,"4242335","ESPN","14802",NA,NA,NA,NA,NA,NA,NA,NA,NA,NA,NA,NA,NA,NA
"Christian McCaffrey","RB","SF",NA,274,1130,NA,9,100,79,678,NA,NA,5,NA,NA,NA,"3117251","ESPN","13130",NA,NA,NA,NA,NA,NA,NA,NA,NA,NA,NA,NA,NA,NA
"James Cook III","RB","BUF",NA,300,1405,NA,11,46,36,302,NA,NA,2,NA,NA,NA,"4379399","ESPN","15715",NA,NA,NA,NA,NA,NA,NA,NA,NA,NA,NA,NA,NA,NA
"De'Von Achane","RB","MIA",NA,258,1311,NA,5,80,65,513,NA,NA,3,NA,NA,NA,"4429160","ESPN","16167",NA,NA,NA,NA,NA,NA,NA,NA,NA,NA,NA,NA,NA,NA
"Omarion Hampton","RB","LAC",NA,254,1085,NA,9,64,52,363,NA,NA,2,NA,NA,NA,"4685382","ESPN","17044",NA,NA,NA,NA,NA,NA,NA,NA,NA,NA,NA,NA,NA,NA
"Chase Brown","RB","CIN",NA,238,1036,NA,7,81,64,434,NA,NA,3,NA,NA,NA,"4362238","ESPN","16181",NA,NA,NA,NA,NA,NA,NA,NA,NA,NA,NA,NA,NA,NA
"Saquon Barkley","RB","PHI",NA,300,1284,NA,9,59,43,371,NA,NA,2,NA,NA,NA,"3929630","ESPN","13604",NA,NA,NA,NA,NA,NA,NA,NA,NA,NA,NA,NA,NA,NA
"Derrick Henry","RB","BAL",NA,322,1505,NA,13,28,21,210,NA,NA,1,NA,NA,NA,"3043078","ESPN","12626",NA,NA,NA,NA,NA,NA,NA,NA,NA,NA,NA,NA,NA,NA
"Ashton Jeanty","RB","LV",NA,278,1122,NA,7,86,65,492,NA,NA,2,NA,NA,NA,"4890973","ESPN","17042",NA,NA,NA,NA,NA,NA,NA,NA,NA,NA,NA,NA,NA,NA
"Jeremiyah Love","RB","ARI",NA,253,1119,NA,7,86,65,486,NA,NA,2,NA,NA,NA,"4870808","ESPN","17472",NA,NA,NA,NA,NA,NA,NA,NA,NA,NA,NA,NA,NA,NA
"Kenneth Walker III","RB","KCC",NA,277,1239,NA,9,60,48,376,NA,NA,2,NA,NA,NA,"4567048","ESPN","15711",NA,NA,NA,NA,NA,NA,NA,NA,NA,NA,NA,NA,NA,NA
"Breece Hall","RB","NYJ",NA,265,1163,NA,8,64,52,440,NA,NA,3,NA,NA,NA,"4427366","ESPN","15708",NA,NA,NA,NA,NA,NA,NA,NA,NA,NA,NA,NA,NA,NA
"Javonte Williams","RB","DAL",NA,289,1263,NA,11,51,37,218,NA,NA,2,NA,NA,NA,"4361579","ESPN","15256",NA,NA,NA,NA,NA,NA,NA,NA,NA,NA,NA,NA,NA,NA
"Kyren Williams","RB","LAR",NA,236,1070,NA,10,45,33,223,NA,NA,2,NA,NA,NA,"4430737","ESPN","15710",NA,NA,NA,NA,NA,NA,NA,NA,NA,NA,NA,NA,NA,NA
"Travis Etienne Jr.","RB","NO",NA,263,1141,NA,6,61,45,389,NA,NA,2,NA,NA,NA,"4239996","ESPN","15253",NA,NA,NA,NA,NA,NA,NA,NA,NA,NA,NA,NA,NA,NA
"Quinshon Judkins","RB","CLE",NA,318,1246,NA,7,42,32,222,NA,NA,1,NA,NA,NA,"4685702","ESPN","17051",NA,NA,NA,NA,NA,NA,NA,NA,NA,NA,NA,NA,NA,NA
"Cam Skattebo","RB","NYG",NA,241,1012,NA,7,56,45,332,NA,NA,1,NA,NA,NA,"4696981","ESPN","17045",NA,NA,NA,NA,NA,NA,NA,NA,NA,NA,NA,NA,NA,NA
"D'Andre Swift","RB","CHI",NA,216,980,NA,8,42,31,270,NA,NA,1,NA,NA,NA,"4259545","ESPN","14797",NA,NA,NA,NA,NA,NA,NA,NA,NA,NA,NA,NA,NA,NA
"Bhayshul Tuten","RB","JAC",NA,237,995,NA,7,46,34,252,NA,NA,1,NA,NA,NA,"4882093","ESPN","17052",NA,NA,NA,NA,NA,NA,NA,NA,NA,NA,NA,NA,NA,NA
"Bucky Irving","RB","TB",NA,244,991,NA,5,45,37,294,NA,NA,2,NA,NA,NA,"4596448","ESPN","16598",NA,NA,NA,NA,NA,NA,NA,NA,NA,NA,NA,NA,NA,NA
"David Montgomery","RB","HOU",NA,227,985,NA,7,38,32,228,NA,NA,1,NA,NA,NA,"4035538","ESPN","14071",NA,NA,NA,NA,NA,NA,NA,NA,NA,NA,NA,NA,NA,NA
"Jadarian Price","RB","SEA",NA,223,923,NA,8,35,27,212,NA,NA,1,NA,NA,NA,"4685512","ESPN","17473",NA,NA,NA,NA,NA,NA,NA,NA,NA,NA,NA,NA,NA,NA
"TreVeyon Henderson","RB","NE",NA,191,839,NA,7,47,39,269,NA,NA,1,NA,NA,NA,"4432710","ESPN","17043",NA,NA,NA,NA,NA,NA,NA,NA,NA,NA,NA,NA,NA,NA
"Rhamondre Stevenson","RB","NE",NA,174,742,NA,7,52,42,350,NA,NA,2,NA,NA,NA,"4569173","ESPN","15259",NA,NA,NA,NA,NA,NA,NA,NA,NA,NA,NA,NA,NA,NA
"Tony Pollard","RB","TEN",NA,239,1043,NA,5,39,30,182,NA,NA,0,NA,NA,NA,"3916148","ESPN","14085",NA,NA,NA,NA,NA,NA,NA,NA,NA,NA,NA,NA,NA,NA
"Jaylen Warren","RB","PIT",NA,184,809,NA,5,57,46,320,NA,NA,1,NA,NA,NA,"4569987","ESPN","15742",NA,NA,NA,NA,NA,NA,NA,NA,NA,NA,NA,NA,NA,NA
"Kenny Gainwell","RB","TB",NA,118,521,NA,5,64,52,342,NA,NA,2,NA,NA,NA,"4371733","ESPN","15255",NA,NA,NA,NA,NA,NA,NA,NA,NA,NA,NA,NA,NA,NA
"Josh Jacobs","RB","GB",NA,175,719,NA,8,31,24,183,NA,NA,1,NA,NA,NA,"4047365","ESPN","14073",NA,NA,NA,NA,NA,NA,NA,NA,NA,NA,NA,NA,NA,NA
"Jonathon Brooks","RB","CAR",NA,194,817,NA,4,47,37,279,NA,NA,1,NA,NA,NA,"4678008","ESPN","16597",NA,NA,NA,NA,NA,NA,NA,NA,NA,NA,NA,NA,NA,NA
"MarShawn Lloyd","RB","GB",NA,145,621,NA,5,27,21,148,NA,NA,1,NA,NA,NA,"4429023","ESPN","16604",NA,NA,NA,NA,NA,NA,NA,NA,NA,NA,NA,NA,NA,NA
"Rico Dowdle","RB","PIT",NA,227,993,NA,6,40,29,211,NA,NA,1,NA,NA,NA,"4038815","ESPN","14823",NA,NA,NA,NA,NA,NA,NA,NA,NA,NA,NA,NA,NA,NA
"Chuba Hubbard","RB","CAR",NA,190,765,NA,4,52,41,300,NA,NA,1,NA,NA,NA,"4241416","ESPN","15261",NA,NA,NA,NA,NA,NA,NA,NA,NA,NA,NA,NA,NA,NA
"Aaron Jones Sr.","RB","MIN",NA,150,654,NA,3,61,47,345,NA,NA,2,NA,NA,NA,"3042519","ESPN","13319",NA,NA,NA,NA,NA,NA,NA,NA,NA,NA,NA,NA,NA,NA
"Rachaad White","RB","WAS",NA,135,567,NA,5,46,40,266,NA,NA,2,NA,NA,NA,"4697815","ESPN","15721",NA,NA,NA,NA,NA,NA,NA,NA,NA,NA,NA,NA,NA,NA
"J.K. Dobbins","RB","DEN",NA,205,958,NA,7,28,21,132,NA,NA,1,NA,NA,NA,"4241985","ESPN","14800",NA,NA,NA,NA,NA,NA,NA,NA,NA,NA,NA,NA,NA,NA
"Kyle Monangai","RB","CHI",NA,189,813,NA,6,36,26,216,NA,NA,1,NA,NA,NA,"4608686","ESPN","17066",NA,NA,NA,NA,NA,NA,NA,NA,NA,NA,NA,NA,NA,NA
"RJ Harvey","RB","DEN",NA,78,316,NA,3,62,49,367,NA,NA,3,NA,NA,NA,"4568490","ESPN","17068",NA,NA,NA,NA,NA,NA,NA,NA,NA,NA,NA,NA,NA,NA
"Blake Corum","RB","LAR",NA,182,837,NA,7,22,17,117,NA,NA,1,NA,NA,NA,"4429096","ESPN","16593",NA,NA,NA,NA,NA,NA,NA,NA,NA,NA,NA,NA,NA,NA
"Jacory Croskey-Merritt","RB","WAS",NA,196,846,NA,7,21,16,119,NA,NA,1,NA,NA,NA,"4575131","ESPN","17256",NA,NA,NA,NA,NA,NA,NA,NA,NA,NA,NA,NA,NA,NA
"Tyjae Spears","RB","TEN",NA,105,446,NA,3,61,50,336,NA,NA,2,NA,NA,NA,"4428557","ESPN","16165",NA,NA,NA,NA,NA,NA,NA,NA,NA,NA,NA,NA,NA,NA
"Jordan Mason","RB","MIN",NA,195,902,NA,7,17,13,84,NA,NA,0,NA,NA,NA,"4360569","ESPN","15972",NA,NA,NA,NA,NA,NA,NA,NA,NA,NA,NA,NA,NA,NA
"Woody Marks","RB","HOU",NA,151,614,NA,3,33,24,199,NA,NA,1,NA,NA,NA,"4429059","ESPN","17053",NA,NA,NA,NA,NA,NA,NA,NA,NA,NA,NA,NA,NA,NA
"Zach Charbonnet","RB","SEA",NA,137,555,NA,7,26,20,145,NA,NA,0,NA,NA,NA,"4426385","ESPN","16169",NA,NA,NA,NA,NA,NA,NA,NA,NA,NA,NA,NA,NA,NA
"Jonah Coleman","RB","DEN",NA,66,272,NA,2,23,17,126,NA,NA,1,NA,NA,NA,"4702555","ESPN","17477",NA,NA,NA,NA,NA,NA,NA,NA,NA,NA,NA,NA,NA,NA
"Isiah Pacheco","RB","DET",NA,88,381,NA,3,11,9,60,NA,NA,0,NA,NA,NA,"4361529","ESPN","15749",NA,NA,NA,NA,NA,NA,NA,NA,NA,NA,NA,NA,NA,NA
"Chris Rodriguez Jr.","RB","JAC",NA,101,433,NA,3,6,4,31,NA,NA,0,NA,NA,NA,"4362619","ESPN","16174",NA,NA,NA,NA,NA,NA,NA,NA,NA,NA,NA,NA,NA,NA
"Alvin Kamara","RB","NO",NA,112,451,NA,2,38,31,208,NA,NA,1,NA,NA,NA,"3054850","ESPN","13132",NA,NA,NA,NA,NA,NA,NA,NA,NA,NA,NA,NA,NA,NA
"Tyler Allgeier","RB","ARI",NA,99,391,NA,3,23,18,128,NA,NA,0,NA,NA,NA,"4373626","ESPN","15712",NA,NA,NA,NA,NA,NA,NA,NA,NA,NA,NA,NA,NA,NA
"Mike Washington Jr.","RB","LV",NA,89,368,NA,2,12,9,64,NA,NA,0,NA,NA,NA,"4686658","ESPN","17482",NA,NA,NA,NA,NA,NA,NA,NA,NA,NA,NA,NA,NA,NA
"Dylan Sampson","RB","CLE",NA,57,236,NA,1,36,30,208,NA,NA,1,NA,NA,NA,"5081397","ESPN","17047",NA,NA,NA,NA,NA,NA,NA,NA,NA,NA,NA,NA,NA,NA
"Keaton Mitchell","RB","LAC",NA,83,393,NA,2,27,20,157,NA,NA,1,NA,NA,NA,"4596334","ESPN","16178",NA,NA,NA,NA,NA,NA,NA,NA,NA,NA,NA,NA,NA,NA
"Samaje Perine","RB","CIN",NA,101,440,NA,3,23,19,139,NA,NA,1,NA,NA,NA,"3116389","ESPN","13133",NA,NA,NA,NA,NA,NA,NA,NA,NA,NA,NA,NA,NA,NA
"Brian Robinson Jr.","RB","ATL",NA,135,560,NA,4,11,9,59,NA,NA,0,NA,NA,NA,"4241474","ESPN","15716",NA,NA,NA,NA,NA,NA,NA,NA,NA,NA,NA,NA,NA,NA
"Braelon Allen","RB","NYJ",NA,82,348,NA,3,16,13,90,NA,NA,0,NA,NA,NA,"4685247","ESPN","16596",NA,NA,NA,NA,NA,NA,NA,NA,NA,NA,NA,NA,NA,NA
"Tank Bigsby","RB","PHI",NA,83,372,NA,3,5,4,29,NA,NA,0,NA,NA,NA,"4429013","ESPN","16164",NA,NA,NA,NA,NA,NA,NA,NA,NA,NA,NA,NA,NA,NA
"Ray Davis","RB","BUF",NA,32,138,NA,1,10,8,60,NA,NA,0,NA,NA,NA,"4429501","ESPN","16603",NA,NA,NA,NA,NA,NA,NA,NA,NA,NA,NA,NA,NA,NA
"Najee Harris","RB","NYG",NA,107,432,NA,2,15,12,76,NA,NA,0,NA,NA,NA,"4241457","ESPN","15254",NA,NA,NA,NA,NA,NA,NA,NA,NA,NA,NA,NA,NA,NA
"Justice Hill","RB","BAL",NA,59,268,NA,2,51,39,348,NA,NA,2,NA,NA,NA,"4038441","ESPN","14086",NA,NA,NA,NA,NA,NA,NA,NA,NA,NA,NA,NA,NA,NA
"Kaelon Black","RB","SF",NA,75,311,NA,2,11,8,62,NA,NA,0,NA,NA,NA,"4696044","ESPN","17485",NA,NA,NA,NA,NA,NA,NA,NA,NA,NA,NA,NA,NA,NA
"Kimani Vidal","RB","LAC",NA,33,136,NA,1,11,8,63,NA,NA,0,NA,NA,NA,"4430968","ESPN","16757",NA,NA,NA,NA,NA,NA,NA,NA,NA,NA,NA,NA,NA,NA
"Jaylen Wright","RB","MIA",NA,60,252,NA,1,10,7,56,NA,NA,0,NA,NA,NA,"4682745","ESPN","16610",NA,NA,NA,NA,NA,NA,NA,NA,NA,NA,NA,NA,NA,NA
"Ollie Gordon II","RB","MIA",NA,47,195,NA,1,5,4,28,NA,NA,0,NA,NA,NA,"4711533","ESPN","17059",NA,NA,NA,NA,NA,NA,NA,NA,NA,NA,NA,NA,NA,NA
"Ty Johnson","RB","BUF",NA,51,220,NA,2,31,22,208,NA,NA,1,NA,NA,NA,"3915411","ESPN","14095",NA,NA,NA,NA,NA,NA,NA,NA,NA,NA,NA,NA,NA,NA
"Chris Brooks","RB","GB",NA,53,234,NA,2,25,19,137,NA,NA,1,NA,NA,NA,"3149687","ESPN","16387",NA,NA,NA,NA,NA,NA,NA,NA,NA,NA,NA,NA,NA,NA
"Brashard Smith","RB","KCC",NA,41,175,NA,1,22,16,121,NA,NA,1,NA,NA,NA,"4596602","ESPN","17049",NA,NA,NA,NA,NA,NA,NA,NA,NA,NA,NA,NA,NA,NA
"Malik Davis","RB","DAL",NA,67,290,NA,2,11,8,59,NA,NA,0,NA,NA,NA,"4240603","ESPN","15738",NA,NA,NA,NA,NA,NA,NA,NA,NA,NA,NA,NA,NA,NA
"Emmett Johnson","RB","KCC",NA,62,258,NA,2,11,8,59,NA,NA,0,NA,NA,NA,"4832955","ESPN","17474",NA,NA,NA,NA,NA,NA,NA,NA,NA,NA,NA,NA,NA,NA
"Isaiah Davis","RB","NYJ",NA,39,178,NA,1,16,13,96,NA,NA,0,NA,NA,NA,"4695404","ESPN","16752",NA,NA,NA,NA,NA,NA,NA,NA,NA,NA,NA,NA,NA,NA
"Jacob Saylors","RB","DET",NA,51,220,NA,2,9,7,48,NA,NA,0,NA,NA,NA,"4383429","ESPN","16850",NA,NA,NA,NA,NA,NA,NA,NA,NA,NA,NA,NA,NA,NA
"LeQuint Allen Jr.","RB","JAC",NA,8,32,NA,0,27,20,140,NA,NA,1,NA,NA,NA,"4911851","ESPN","17061",NA,NA,NA,NA,NA,NA,NA,NA,NA,NA,NA,NA,NA,NA
"George Holani","RB","SEA",NA,39,164,NA,2,11,8,62,NA,NA,0,NA,NA,NA,"4429835","ESPN","16608",NA,NA,NA,NA,NA,NA,NA,NA,NA,NA,NA,NA,NA,NA
"Tyrone Tracy Jr.","RB","NYG",NA,36,152,NA,1,15,12,87,NA,NA,0,NA,NA,NA,"4360516","ESPN","16747",NA,NA,NA,NA,NA,NA,NA,NA,NA,NA,NA,NA,NA,NA
"Sean Tucker","RB","TB",NA,44,182,NA,2,3,2,14,NA,NA,0,NA,NA,NA,"4430871","ESPN","16166",NA,NA,NA,NA,NA,NA,NA,NA,NA,NA,NA,NA,NA,NA
"Seth McGowan","RB","IND",NA,33,138,NA,1,11,9,59,NA,NA,0,NA,NA,NA,"4686468","ESPN","17475",NA,NA,NA,NA,NA,NA,NA,NA,NA,NA,NA,NA,NA,NA
"Jordan James","RB","SF",NA,35,151,NA,1,5,4,31,NA,NA,0,NA,NA,NA,"4685397","ESPN","17055",NA,NA,NA,NA,NA,NA,NA,NA,NA,NA,NA,NA,NA,NA
"Will Shipley","RB","PHI",NA,9,40,NA,0,15,11,83,NA,NA,0,NA,NA,NA,"4431545","ESPN","16601",NA,NA,NA,NA,NA,NA,NA,NA,NA,NA,NA,NA,NA,NA
"Emanuel Wilson","RB","SEA",NA,11,48,NA,0,2,1,10,NA,NA,0,NA,NA,NA,"4887558","ESPN","16432",NA,NA,NA,NA,NA,NA,NA,NA,NA,NA,NA,NA,NA,NA
"Emari Demercado","RB","DAL",NA,27,126,NA,1,6,4,28,NA,NA,0,NA,NA,NA,"4362478","ESPN","16385",NA,NA,NA,NA,NA,NA,NA,NA,NA,NA,NA,NA,NA,NA
"Kaleb Johnson","RB","GB",NA,8,33,NA,0,2,1,10,NA,NA,0,NA,NA,NA,"4819231","ESPN","17048",NA,NA,NA,NA,NA,NA,NA,NA,NA,NA,NA,NA,NA,NA
"Nicholas Singleton","RB","TEN",NA,20,84,NA,1,6,4,30,NA,NA,0,NA,NA,NA,"4685555","ESPN","17476",NA,NA,NA,NA,NA,NA,NA,NA,NA,NA,NA,NA,NA,NA
"Kendre Miller","RB","NO",NA,24,100,NA,0,4,3,22,NA,NA,0,NA,NA,NA,"4599739","ESPN","16171",NA,NA,NA,NA,NA,NA,NA,NA,NA,NA,NA,NA,NA,NA
"Tahj Brooks","RB","CIN",NA,30,128,NA,1,NA,NA,NA,NA,NA,NA,NA,NA,NA,"4429299","ESPN","17058",NA,NA,NA,NA,NA,NA,NA,NA,NA,NA,NA,NA,NA,NA
"Demond Claiborne","RB","MIN",NA,14,59,NA,0,6,5,29,NA,NA,0,NA,NA,NA,"4832846","ESPN","17481",NA,NA,NA,NA,NA,NA,NA,NA,NA,NA,NA,NA,NA,NA
"Rasheen Ali","RB","BAL",NA,15,62,NA,0,5,4,28,NA,NA,0,NA,NA,NA,"4690013","ESPN","16746",NA,NA,NA,NA,NA,NA,NA,NA,NA,NA,NA,NA,NA,NA
"Kaytron Allen","RB","WAS",NA,12,51,NA,0,5,4,29,NA,NA,0,NA,NA,NA,"4685246","ESPN","17478",NA,NA,NA,NA,NA,NA,NA,NA,NA,NA,NA,NA,NA,NA
"DJ Giddens","RB","IND",NA,13,53,NA,0,5,4,29,NA,NA,0,NA,NA,NA,"4874509","ESPN","17060",NA,NA,NA,NA,NA,NA,NA,NA,NA,NA,NA,NA,NA,NA
"Sione Vaki","RB","DET",NA,7,27,NA,0,2,1,9,NA,NA,0,NA,NA,NA,"4912274","ESPN","16678",NA,NA,NA,NA,NA,NA,NA,NA,NA,NA,NA,NA,NA,NA
"Kene Nwangwu","RB","NYJ",NA,NA,NA,NA,NA,NA,NA,NA,NA,NA,NA,NA,NA,NA,"4035537","ESPN","15414",NA,NA,NA,NA,NA,NA,NA,NA,NA,NA,NA,NA,NA,NA
"Bam Knight","RB","ARI",NA,NA,NA,NA,NA,NA,NA,NA,NA,NA,NA,NA,NA,NA,"4427728","ESPN","15727",NA,NA,NA,NA,NA,NA,NA,NA,NA,NA,NA,NA,NA,NA
"Dylan Laube","RB","LV",NA,NA,NA,NA,NA,NA,NA,NA,NA,NA,NA,NA,NA,NA,"4366963","ESPN","16613",NA,NA,NA,NA,NA,NA,NA,NA,NA,NA,NA,NA,NA,NA
"Tyler Badie","RB","DEN",NA,NA,NA,NA,NA,NA,NA,NA,NA,NA,NA,NA,NA,NA,"4362748","ESPN","15718",NA,NA,NA,NA,NA,NA,NA,NA,NA,NA,NA,NA,NA,NA
"Ameer Abdullah","RB","JAC",NA,1,2,NA,0,1,1,5,NA,NA,0,NA,NA,NA,"2576336","ESPN","12155",NA,NA,NA,NA,NA,NA,NA,NA,NA,NA,NA,NA,NA,NA
"Adam Randall","RB","BAL",NA,NA,NA,NA,NA,NA,NA,NA,NA,NA,NA,NA,NA,NA,"4685526","ESPN","17652",NA,NA,NA,NA,NA,NA,NA,NA,NA,NA,NA,NA,NA,NA
"James Conner","RB","ARI",NA,NA,NA,NA,NA,NA,NA,NA,NA,NA,NA,NA,NA,NA,"3045147","ESPN","13146",NA,NA,NA,NA,NA,NA,NA,NA,NA,NA,NA,NA,NA,NA
"Trey Benson","RB","ARI",NA,NA,NA,NA,NA,NA,NA,NA,NA,NA,NA,NA,NA,NA,"4429275","ESPN","16594",NA,NA,NA,NA,NA,NA,NA,NA,NA,NA,NA,NA,NA,NA
"Riley Nowakowski","RB","PIT",NA,NA,NA,NA,NA,6,4,29,NA,NA,0,NA,NA,NA,"4693370","ESPN","17648",NA,NA,NA,NA,NA,NA,NA,NA,NA,NA,NA,NA,NA,NA
"Jahmyr Gibbs","RB","DET",NA,281.4,1415.5,NA,14.1,NA,71.7,583.8,NA,NA,4.1,1.1,342.8,NA,"22968","FantasyPros","16162",NA,NA,NA,NA,NA,NA,NA,NA,NA,NA,NA,NA,NA,NA
"Bijan Robinson","RB","ATL",NA,285.8,1391.5,NA,8.8,NA,76.9,705.2,NA,NA,3.5,1.8,318.2,NA,"23133","FantasyPros","16161",NA,NA,NA,NA,NA,NA,NA,NA,NA,NA,NA,NA,NA,NA
"Christian McCaffrey","RB","SF",NA,269.7,1093.6,NA,8.7,NA,78.6,693,NA,NA,4.6,1.1,295.5,NA,"16393","FantasyPros","13130",NA,NA,NA,NA,NA,NA,NA,NA,NA,NA,NA,NA,NA,NA
"Jonathan Taylor","RB","IND",NA,327.9,1506.8,NA,12.9,NA,43.8,348,NA,NA,1.5,1.7,290,NA,"19217","FantasyPros","14802",NA,NA,NA,NA,NA,NA,NA,NA,NA,NA,NA,NA,NA,NA
"Derrick Henry","RB","BAL",NA,316,1577.6,NA,13.4,NA,18.1,175,NA,NA,0.7,1.7,265.9,NA,"15514","FantasyPros","12626",NA,NA,NA,NA,NA,NA,NA,NA,NA,NA,NA,NA,NA,NA
"De'Von Achane","RB","MIA",NA,238.4,1200.5,NA,6,NA,65.5,491.8,NA,NA,4,1,260,NA,"23136","FantasyPros","16167",NA,NA,NA,NA,NA,NA,NA,NA,NA,NA,NA,NA,NA,NA
"James Cook III","RB","BUF",NA,287.8,1405.6,NA,10.3,NA,33.3,283.5,NA,NA,1.9,2.4,254.1,NA,"22958","FantasyPros","15715",NA,NA,NA,NA,NA,NA,NA,NA,NA,NA,NA,NA,NA,NA
"Chase Brown","RB","CIN",NA,238.7,1036.6,NA,7.8,NA,64.1,427.7,NA,NA,3.9,1.1,246.8,NA,"25324","FantasyPros","16181",NA,NA,NA,NA,NA,NA,NA,NA,NA,NA,NA,NA,NA,NA
"Saquon Barkley","RB","PHI",NA,295.8,1298,NA,8.2,NA,42.1,330.6,NA,NA,2.1,1,243.8,NA,"17240","FantasyPros","13604",NA,NA,NA,NA,NA,NA,NA,NA,NA,NA,NA,NA,NA,NA
"Kenneth Walker III","RB","KC",NA,267.2,1207.1,NA,8.7,NA,45.8,352.3,NA,NA,1.2,0.9,236.3,NA,"23021","FantasyPros","15711",NA,NA,NA,NA,NA,NA,NA,NA,NA,NA,NA,NA,NA,NA
"Gibbs, Jahmyr","RB","DET",NA,211.7,1099,NA,12.9,75.2,58.3,534,NA,NA,4,0.8,263.1,NA,NA,"FantasySharks","16162",7,2.6,0.4,0.4,1.3,1.2,12.1,2.6,12.3,2.1,1.1,0,30.4,NA
"Robinson, Bijan","RB","ATL",NA,260.2,1285,NA,9.4,81.7,61.7,562,NA,NA,2.5,1.5,254.7,NA,NA,"FantasySharks","16161",7.3,0.8,0,0.4,0,0.9,12.9,6,10.1,2.2,1.1,0,29.1,NA
"Taylor, Jonathan","RB","IND",NA,289,1326,NA,13,45.1,32.5,243,NA,NA,1.3,1.1,241.4,NA,NA,"FantasySharks","14802",8.6,1,1.3,0,0.4,1.7,12.6,9.1,3.9,1,0.5,4,37.3,NA
"Henry, Derrick","RB","BAL",NA,259.8,1462,NA,13.1,17,12.5,133,NA,NA,0.4,2,236.5,NA,NA,"FantasySharks","12626",9.5,0,2.1,0.4,1.1,0,13.2,9.6,3.1,0.5,0.3,0,31.6,NA
"McCaffrey, Christian","RB","SFO",NA,240.2,945,NA,6.1,96.9,76.4,682,NA,NA,5.9,0.6,233.6,NA,NA,"FantasySharks","13130",5.5,0.7,0,0,0,0,11.5,1.9,18.5,3.2,1.4,0,35.8,NA
"Cook, James","RB","BUF",NA,261.8,1298,NA,11.5,40.6,31.6,259,NA,NA,1.6,2.4,229.8,NA,NA,"FantasySharks","15715",7.7,0.7,0.1,0,2.5,0.6,12.9,6,2.8,1,0.5,0,35.9,NA
"Barkley, Saquon","RB","PHI",NA,269.6,1277,NA,8.4,43,29.2,242,NA,NA,1.2,0.9,209.7,NA,NA,"FantasySharks","13604",2.6,1.8,0.8,0.4,0,2.8,11.9,8.5,5.5,1,0.5,0,28.9,NA
"Achane, De'Von","RB","MIA",NA,190,1005,NA,5.9,73.4,57.1,415,NA,NA,3.7,0.2,199.2,NA,NA,"FantasySharks","16167",2,1.1,0.6,0.3,1.2,0.7,11.2,2,10.1,1.7,0.8,0,23.9,NA
"Brown, Chase","RB","CIN",NA,222.4,958,NA,6,80.5,61.8,410,NA,NA,4.4,0.4,197.9,NA,NA,"FantasySharks","16181",5,0.5,0,0.4,0,0,11.4,1.9,12,1.6,0.8,0,28.5,NA
"Williams, Kyren","RB","LAR",NA,236.7,1100,NA,8.7,42.4,29.4,220,NA,NA,2.6,1.7,196.7,NA,NA,"FantasySharks","15710",8.7,0,0,0,0,0,11.7,2.2,8.9,0.9,0.4,0,27.3,NA
"Hampton, Omarion","RB","LAC",NA,248.9,1017,NA,8.9,57.6,48.1,257,NA,NA,2.1,0,193.4,NA,NA,"FantasySharks","17044",7.3,0.3,0.3,0,0,1,8.1,2,6.2,1,0.5,49,27.1,NA
"Jeanty, Ashton","RB","LVR",NA,268.7,975,NA,4.9,82.1,61.9,395,NA,NA,4.2,0.2,191,NA,NA,"FantasySharks","17042",3.5,0,0,0,0,1.4,8.5,2,9.1,1.6,0.8,5,21.9,NA
"Walker III, Kenneth","RB","KCC",NA,249.1,1111,NA,6.6,50.7,38.5,290,NA,NA,1.6,0.3,188.9,NA,NA,"FantasySharks","15711",5.6,0.7,0,0,0,0.3,8.2,2.2,7.1,1.2,0.6,66,24,NA
"Price, Jadarian","RB","SEA",NA,173.7,800,NA,11.8,38.1,33,315,NA,NA,0.3,0,184,NA,NA,"FantasySharks","17473",8.1,1.6,1.4,0,0,0.7,10,1.6,4.7,1.3,0.6,0,30.6,NA
"Williams, Javonte","RB","DAL",NA,237.6,1075,NA,9.5,50.6,33.6,158,NA,NA,1.1,1.6,183.9,NA,NA,"FantasySharks","15256",7.8,1.1,0,0.6,0,0,12.5,2.1,10.8,0.6,0.3,0,29.6,NA
"Etienne, Travis","RB","NOS",NA,248.2,968,NA,6.5,55,39.7,286,NA,NA,2.6,0.3,179.3,NA,NA,"FantasySharks","15253",3,1.5,0.7,0.7,0.6,0,11.3,1.9,6,1.1,0.6,0,27.7,NA
"Swift, D'Andre","RB","CHI",NA,229.8,1033,NA,8.1,43.8,31.2,276,NA,NA,0.1,0.6,179.1,NA,NA,"FantasySharks","14797",5.4,1.1,0.7,0.4,0,0.4,12.5,2.1,0.6,1.1,0.6,0,25.4,NA
"Skattebo, Cam","RB","NYG",NA,186.9,800,NA,6,59.1,45.2,395,NA,NA,3.4,1.6,174,NA,NA,"FantasySharks","17045",3.6,1.3,0.5,0.3,0.3,0,8.9,1.6,7.1,1.6,0.8,66,22.3,NA
"Stevenson, Rhamondre","RB","NEP",NA,182.8,808,NA,7,46.8,36.9,375,NA,NA,2.7,1.9,173.9,NA,NA,"FantasySharks","15259",3.9,0.5,0.8,0.5,0,1.2,6.5,1.6,5,1.5,0.8,21,22,NA
"Hall, Breece","RB","NYJ",NA,227,980,NA,4.5,59.8,41.6,385,NA,NA,1.9,1.5,173.7,NA,NA,"FantasySharks","15708",2.2,0.8,0.6,0,0,0.9,12.1,2,11.1,1.5,0.8,0,16.7,NA
"Jacobs, Josh","RB","GBP",NA,206.9,848,NA,10.8,34,26,221,NA,NA,0.9,2.4,172.5,NA,NA,"FantasySharks","14073",9.4,0.5,0,0.3,0.6,0,7.8,1.7,4.3,0.9,0.4,43,30.5,NA
"Love, Jeremiyah","RB","ARI",NA,200.5,880,NA,5.6,66.5,52.2,402,NA,NA,1.7,0.7,171.4,NA,NA,"FantasySharks","17472",5.1,0,0,0,0,0.4,4.6,1.8,7.1,1.6,0.8,21,19.5,NA
"Irving, Bucky","RB","TBB",NA,226.2,948,NA,4.8,51.9,42.2,337,NA,NA,2.2,0.9,169,NA,NA,"FantasySharks","16598",3.1,1.7,0,0,0,0,11.4,1.9,7.8,1.3,0.7,78,22,NA
"Tuten, Bhayshul","RB","JAC",NA,176.7,747,NA,8.8,33.4,25.3,178,NA,NA,3.5,0.3,166.1,NA,NA,"FantasySharks","17052",7.7,0,0.8,0,0.3,0,3.9,1.5,5.7,0.7,0.4,88,24.3,NA
"Henderson, TreVeyon","RB","NEP",NA,198.4,875,NA,7.5,46.2,37.4,266,NA,NA,1.2,0.6,165.1,NA,NA,"FantasySharks","17043",4.7,0,0.2,0,0,2.6,4.7,1.7,3.9,1,0.5,207,20.4,NA
"Montgomery, David","RB","HOU",NA,217,875,NA,6.7,39.6,31,222,NA,NA,1.3,0.6,157.6,NA,NA,"FantasySharks","14071",4.7,0.4,0.7,0.8,0,0,3.5,1.7,4.9,0.9,0.4,0,27.9,NA
"Judkins, Quinshon","RB","CLE",NA,263.5,900,NA,6.1,58.4,41.3,265,NA,NA,0.2,0,157.2,NA,NA,"FantasySharks","17051",5.5,0,0,0,0.4,0.2,4.2,1.8,3.6,1.1,0.5,92,23.1,NA
"Hubbard, Chuba","RB","CAR",NA,190.1,770,NA,7.2,50.1,34.8,228,NA,NA,2,1.3,153.3,NA,NA,"FantasySharks","15261",6.2,0.5,0.5,0,0,0,5.4,1.6,6.8,0.9,0.5,28,20.8,NA
"Monangai, Kyle","RB","CHI",NA,187,767,NA,5.2,43.9,27.1,252,NA,NA,0,0,138,NA,NA,"FantasySharks","17066",5.2,0,0,0,0,0,3.1,1.5,5.1,1,0.5,1,20.5,NA
"Harvey, RJ","RB","DEN",NA,126.2,470,NA,4.8,56.9,44.7,338,NA,NA,4.5,0.5,135.7,NA,NA,"FantasySharks","17068",3.5,0,0,0.6,0.7,0,1.9,0.9,8.9,1.4,0.7,314,14.7,NA
"Warren, Jaylen","RB","PIT",NA,160.1,725,NA,4.5,39.8,33.3,261,NA,NA,1.1,0,132.5,NA,NA,"FantasySharks","15742",2.9,0.2,0,0,1.5,0,8.9,1.5,4.7,1,0.5,178,18.1,NA
"Croskey-Merritt, Jacory","RB","WAS",NA,165.4,750,NA,8.1,17,12.5,81,NA,NA,0,1.2,129.8,NA,NA,"FantasySharks","17256",4,2.6,0,0,0.2,1.2,3.5,1.5,0.9,0.3,0.2,42,25.5,NA
"Dobbins, J.K.","RB","DEN",NA,170.7,810,NA,5.1,33.9,26.3,145,NA,NA,0.5,0.4,127.9,NA,NA,"FantasySharks","14800",3.7,1.4,0,0,0,0,9.8,1.6,3.6,0.6,0.3,0,14.6,NA
"Pollard, Tony","RB","TEN",NA,208.7,902,NA,3.7,42.9,29.4,172,NA,NA,0,1.8,127,NA,NA,"FantasySharks","14085",2.2,0.4,0.4,0.4,0,0.4,10.5,1.8,1.5,0.7,0.3,0,12.1,NA
"Jones, Aaron","RB","MIN",NA,173.7,750,NA,3.3,51.7,33.1,213,NA,NA,1.1,1.7,119.2,NA,NA,"FantasySharks","13319",2.7,0.6,0,0,0,0,8.2,1.5,9.6,0.9,0.4,0,11.5,NA
"Brooks, Jonathon","RB","CAR",NA,163,978,NA,0.5,41.7,34,206,NA,NA,0,1.9,117.4,NA,NA,"FantasySharks","16597",0.5,0,0,0,0,0,1.9,1,11.4,0.8,0.4,332,10,NA
"Dowdle, Rico","RB","PIT",NA,153.1,668,NA,3.6,39.6,30.7,239,NA,NA,0.9,1.1,115.8,NA,NA,"FantasySharks","14823",3.6,0,0,0,0,0,4.3,1.3,3.4,1,0.5,288,12.7,NA
"Marks, Woody","RB","HOU",NA,198.8,725,NA,2.3,32.4,20.8,167,NA,NA,1.5,0.8,110.9,NA,NA,"FantasySharks","17053",1.5,0.8,0,0,0,0,2.9,1.5,6.8,0.7,0.3,0,17.8,NA
"Corum, Blake","RB","LAR",NA,161.2,750,NA,4.2,18.2,14.7,100,NA,NA,0,0,110.4,NA,NA,"FantasySharks","16593",2.9,0.9,0,0,0.5,0,3,1.5,0,0.4,0.2,257,17.7,NA
"Mason, Jordan","RB","MIN",NA,156.3,741,NA,4.5,20.7,14.9,65,NA,NA,0.2,0.5,108,NA,NA,"FantasySharks","15972",3.4,1,0,0,0,0,2.6,1.3,2,0.2,0.1,0,8.9,NA
"Charbonnet, Zach","RB","SEA",NA,105.6,434,NA,7,16.9,13.7,100,NA,NA,0,0,96.6,NA,NA,"FantasySharks","16169",5.5,0.7,0.8,0,0,0,1.7,0.9,2.2,0.4,0.2,0,16.5,NA
"Gainwell, Kenneth","RB","TBB",NA,91.1,396,NA,2.8,57.3,45.1,306,NA,NA,1.7,0.5,96.1,NA,NA,"FantasySharks","15255",2.8,0,0,0,0,0,1.6,0.8,10.3,1.2,0.6,328,16.1,NA
"Rodriguez, Chris","RB","JAC",NA,122.7,505,NA,5.2,12.9,8.5,68,NA,NA,1,0,94.6,NA,NA,"FantasySharks","16174",5.2,0,0,0,0,0,2,1,1.8,0.3,0.1,295,19.1,NA
"Spears, Tyjae","RB","TEN",NA,100.7,400,NA,3.4,64.1,53.6,307,NA,NA,0.2,0,92.3,NA,NA,"FantasySharks","16165",2.7,0.7,0,0,0,0,1.6,0.8,8.3,1.2,0.6,132,11.9,NA
"White, Rachaad","RB","WAS",NA,132.9,556,NA,2.4,40.8,32.4,176,NA,NA,0,0.3,87.1,NA,NA,"FantasySharks","15721",2.4,0,0,0,0,0,2.2,1.1,8.6,0.7,0.4,7,17.8,NA
"Tracy, Tyrone","RB","NYG",NA,122.8,503,NA,1.5,31.2,23.2,191,NA,NA,0.9,0.2,83.3,NA,NA,"FantasySharks","16747",0,0.7,0,0.7,0,0,2,1,2.8,0.8,0.4,166,7.1,NA
"Vidal, Kimani","RB","LAC",NA,143.6,525,NA,2.5,20.4,13.7,123,NA,NA,0.2,0,80.9,NA,NA,"FantasySharks","16757",1.6,0,0,0,0,0.9,2.1,1.1,5.1,0.5,0.2,225,13.3,NA
"Allgeier, Tyler","RB","ARI",NA,101.5,369,NA,3.5,28.5,20.3,158,NA,NA,0.3,0,75.5,NA,NA,"FantasySharks","15712",2.4,0.5,0.5,0,0,0,1.5,0.7,4.5,0.6,0.3,55,10.4,NA
"Lloyd, MarShawn","RB","GBP",NA,111.1,455,NA,2.5,30.9,22.1,155,NA,NA,0.2,1,75,NA,NA,"FantasySharks","16604",2.2,0.1,0,0,0.1,0,2.8,0.9,4.9,0.6,0.3,51,11.4,NA
"Bigsby, Tank","RB","PHI",NA,99.8,477,NA,3.2,11,8,65,NA,NA,0,0.5,72.6,NA,NA,"FantasySharks","16164",2,0,1.3,0,0,0,1.9,1,2,0.3,0.1,158,13.1,NA
"Singletary, Devin","RB","NYG",NA,98.6,347,NA,4,16.9,15,119,NA,NA,0,0,70.7,NA,NA,"FantasySharks","14080",3.8,0,0.2,0,0,0,1.4,0.7,1.9,0.5,0.2,233,15.5,NA
"Davis, Ray","RB","BUF",NA,63.1,289,NA,0.9,18.1,14.6,187,NA,NA,2.7,0,69.6,NA,NA,"FantasySharks","16603",0.9,0,0,0,0,0,1.2,0.6,2.4,0.7,0.4,661,6.3,NA
"Coleman, Jonah","RB","DEN",NA,84.8,486,NA,0.9,35.5,20.2,166,NA,NA,0,0.6,69.2,NA,NA,"FantasySharks","17477",0.9,0,0,0,0,0,1,0.5,5,0.6,0.3,248,10.9,NA
"Holani, George","RB","SEA",NA,107.1,422,NA,2.4,24.3,19.1,125,NA,NA,0,0.7,68.9,NA,NA,"FantasySharks","16608",2.1,0,0.2,0,0,0,1.7,0.8,2.5,0.5,0.2,36,6.1,NA
"Robinson, Brian","RB","ATL",NA,107.6,433,NA,2.5,13.7,10.2,54,NA,NA,0,0.6,62.5,NA,NA,"FantasySharks","15716",1.3,0.9,0.3,0,0,0,1.7,0.9,2.9,0.2,0.1,225,6.6,NA
"Knight, Bam","RB","ARI",NA,64.3,260,NA,3.5,26,17.9,135,NA,NA,0.4,0.1,62.5,NA,NA,"FantasySharks","15727",3.5,0,0,0,0,0,1,0.5,6.3,0.5,0.3,231,11.7,NA
"Davis, Malik","RB","DAL",NA,81.8,377,NA,3.2,16.1,10.4,58,NA,NA,0,0.5,61.8,NA,NA,"FantasySharks","15738",2.1,0,0,0,1.1,0,1.5,0.8,1.2,0.2,0.1,16,7,NA
"Johnson, Ty","RB","BUF",NA,41.1,175,NA,1.8,24.9,17.8,210,NA,NA,1.7,0,59.5,NA,NA,"FantasySharks","14095",1.8,0,0,0,0,0,0.7,0.3,2.5,0.8,0.4,285,9.8,NA
"Wright, Jaylen","RB","MIA",NA,77.2,327,NA,2.9,14.6,9.1,82,NA,NA,0.4,1.2,58.1,NA,NA,"FantasySharks","16610",2.9,0,0,0,0,0,1.3,0.7,1.9,0.3,0.2,10,10.2,NA
"Hill, Justice","RB","BAL",NA,41.8,220,NA,1.5,31.7,24.9,188,NA,NA,1.4,0,58,NA,NA,"FantasySharks","14086",0.5,0.4,0,0,0,0.6,0.9,0.4,1.9,0.8,0.4,200,4.7,NA
"Tucker, Sean","RB","TBB",NA,53.3,214,NA,3.8,8,6,52,NA,NA,0.7,0,53.6,NA,NA,"FantasySharks","16166",3.6,0,0,0,0.3,0,0.9,0.4,1.4,0.2,0.1,361,12.3,NA
"Kamara, Alvin","RB","NOS",NA,100.9,355,NA,0.8,31.7,25.7,160,NA,NA,0.1,1.6,53.4,NA,NA,"FantasySharks","13132",0,0.8,0,0,0,0,1.4,0.7,3.2,0.6,0.3,119,4.5,NA
"Black, Kaelon","RB","SFO",NA,45.1,209,NA,1.5,22.3,16.1,135,NA,NA,1.3,0,51.3,NA,NA,"FantasySharks","17485",0.8,0.7,0,0,0,0,0.8,0.4,4.8,0.5,0.3,136,6.8,NA
"Washington Jr., Mike","RB","LVR",NA,88,325,NA,0,35.3,28.2,189,NA,NA,0,0.8,51.1,NA,NA,"FantasySharks","17482",0,0,0,0,0,0,1.3,0.7,2.2,0.8,0.4,962,6.2,NA
"Sampson, Dylan","RB","CLE",NA,65.3,236,NA,0,34.1,27.2,211,NA,NA,1.3,1.3,50.1,NA,NA,"FantasySharks","17047",0,0,0,0,0,0,0.9,0.5,4.7,0.8,0.4,242,3.3,NA
"Perine, Samaje","RB","CIN",NA,62.8,261,NA,2.1,20.1,15.6,103,NA,NA,0,1.3,46.4,NA,NA,"FantasySharks","13133",1.8,0,0,0.3,0,0,1,0.5,0.7,0.4,0.2,300,6.7,NA
"Allen, Braelon","RB","NYJ",NA,76,268,NA,1.1,20.2,14,103,NA,NA,0.2,0.3,44.1,NA,NA,"FantasySharks","16596",1.1,0,0,0,0,0,1.1,0.5,1.7,0.4,0.2,97,7.2,NA
"Harris, Najee","RB","NYG",NA,81.7,318,NA,1.2,12.7,9.8,41,NA,NA,0,0,43.1,NA,NA,"FantasySharks","15254",0.9,0,0,0.3,0,0,1.3,0.6,1.5,0.2,0.1,83,4.7,NA
"Johnson, Emmett","RB","KCC",NA,68.9,237,NA,0.5,27.5,19.8,166,NA,NA,0,0,43,NA,NA,"FantasySharks","17474",0.5,0,0,0,0,0,0.9,0.5,3.3,0.7,0.3,54,4.4,NA
"Pacheco, Isiah","RB","DET",NA,69.7,270,NA,1.2,13.6,10.3,65,NA,NA,0.3,0,42.6,NA,NA,"FantasySharks","15749",0.9,0,0,0.3,0,0,1.1,0.5,1.5,0.3,0.1,0,6.6,NA
"Conner, James","RB","ARI",NA,43.9,181,NA,1.1,14.7,12.4,83,NA,NA,1.1,0,39.2,NA,NA,"FantasySharks","13146",1.1,0,0,0,0,0,0.7,0.4,2.2,0.3,0.2,29,4.2,NA
"Davis, Isaiah","RB","NYJ",NA,36.4,205,NA,0.4,20.5,14.6,125,NA,NA,0.5,0,38.6,NA,NA,"FantasySharks","16752",0,0,0.4,0,0,0,0.8,0.4,1,0.5,0.2,216,1.5,NA
"Mitchell, Keaton","RB","LAC",NA,59.2,271,NA,0.7,11.2,8.5,43,NA,NA,0,0,35.6,NA,NA,"FantasySharks","16178",0.2,0.4,0,0,0,0,1.1,0.5,0,0.2,0.1,346,4,NA
"Wilson, Emanuel","RB","SEA",NA,68.7,272,NA,0.5,10.9,7.4,45,NA,NA,0,0,34.6,NA,NA,"FantasySharks","16432",0,0.5,0,0,0,0,1.1,0.5,1,0.2,0.1,291,3.6,NA
"Miller, Kendre","RB","NOS",NA,63.3,217,NA,1,13.1,9,65,NA,NA,0,0,34.1,NA,NA,"FantasySharks","16171",0.8,0.2,0,0,0,0,0.9,0.4,0.3,0.3,0.1,445,1.8,NA
"Estime, Audric","RB","NOS",NA,46.7,154,NA,0.8,13.9,12.4,114,NA,NA,0,0,31.7,NA,NA,"FantasySharks","16595",0.6,0,0,0.2,0,0,0.6,0.3,0,0.5,0.2,0,5.1,NA
"Juszczyk, Kyle","RB","SFO",NA,3.1,-6.1,NA,0,28.1,22.1,195,NA,NA,2,0,31,NA,NA,"FantasySharks","11367",0,0,0,0,0,0,0,0,6.3,0.8,0.4,0,4.3,NA
"Smith, Brashard","RB","KCC",NA,34,125,NA,0,26.6,17.8,113,NA,NA,1.1,0,30.3,NA,NA,"FantasySharks","17049",0,0,0,0,0,0,0.5,0.3,5,0.5,0.2,353,5.4,NA
"Demercado, Emari","RB","DAL",NA,38.3,192,NA,0,15.3,10.3,77,NA,NA,0.7,0.5,29.9,NA,NA,"FantasySharks","16385",0,0,0,0,0,0,0.8,0.4,2.3,0.3,0.2,72,3.6,NA
"Gordon, Ollie","RB","MIA",NA,44.3,132,NA,1.7,7.5,6.3,32,NA,NA,0.5,0.7,28.6,NA,NA,"FantasySharks","17059",1.7,0,0,0,0,0,0.5,0.3,1.1,0.1,0.1,24,5.9,NA
"Sanders, Raheim","RB","CLE",NA,51.7,184,NA,0.6,12.5,8,46,NA,NA,0,0,26.6,NA,NA,"FantasySharks","17062",0.6,0,0,0,0,0,0.7,0.4,1.3,0.2,0.1,163,7.1,NA
"Brooks, Chris","RB","GBP",NA,24.6,130,NA,0.6,18.2,13.8,99,NA,NA,0,0.1,26.4,NA,NA,"FantasySharks","16387",0.6,0,0,0,0,0,0.5,0.3,3,0.4,0.2,4,1.5,NA
"Guerendo, Isaac","RB","SFO",NA,31.9,131,NA,0.3,9.5,8.3,83,NA,NA,0,0,23.4,NA,NA,"FantasySharks","16688",0.3,0,0,0,0,0,0.5,0.3,0,0.3,0.2,185,1.7,NA
"McGowan, Seth","RB","IND",NA,26.1,84,NA,0.6,13.9,11,78,NA,NA,0.3,0,21.9,NA,NA,"FantasySharks","17475",0.6,0,0,0,0,0,0.3,0.2,2,0.3,0.2,267,3.9,NA
"James, Jordan","RB","SFO",NA,39,167,NA,0,11.6,7.6,48,NA,NA,0,0,21.5,NA,NA,"FantasySharks","17055",0,0,0,0,0,0,0.7,0.3,2.7,0.2,0.1,159,1.5,NA
"Vaki, Sione","RB","DET",NA,30.3,122,NA,0.7,6.3,5.3,44,NA,NA,0.1,0.2,21,NA,NA,"FantasySharks","16678",0.5,0,0,0.2,0,0,0.5,0.2,0.4,0.2,0.1,691,2.9,NA
"Luepke, Hunter","RB","DAL",NA,19,86,NA,0,11.9,8.7,59,NA,NA,0.8,0,19.8,NA,NA,"FantasySharks","16391",0,0,0,0,0,0,0.3,0.2,1.8,0.2,0.1,0,3.4,NA
"Allen, Kaytron","RB","WAS",NA,46.4,148,NA,0,9.1,6.4,23,NA,NA,0,0,18.9,NA,NA,"FantasySharks","17478",0,0,0,0,0,0,0.6,0.3,0.8,0.1,0.1,197,4.6,NA
"Giddens, DJ","RB","IND",NA,42.3,155,NA,0,3.5,1.4,5,NA,NA,0,0,16.1,NA,NA,"FantasySharks","17060",0,0,0,0,0,0,0.6,0.3,0,0,0,103,1.2,NA
"Johnson, Roschon","RB","CHI",NA,16.7,49,NA,1.3,6.7,6.7,30,NA,NA,0,0,15.8,NA,NA,"FantasySharks","16175",1.3,0,0,0,0,0,0.2,0.1,1.1,0.1,0.1,55,3.7,NA
"McNichols, Jeremy","RB","WAS",NA,13.5,65,NA,0.1,13,10.1,76,NA,NA,0,0,15.4,NA,NA,"FantasySharks","13143",0,0,0,0,0,0.1,0.3,0.1,0.9,0.3,0.2,23,1.8,NA
"Beck, Andrew","RB","NYJ",NA,0,0,NA,0,9.1,6.7,56,NA,NA,1.6,0,15,NA,NA,"FantasySharks","14319",0,0,0,0,0,0,0,0,1.6,0.2,0.1,0,1.6,NA
"Abdullah, Ameer","RB","JAC",NA,12.2,56,NA,0.6,5.1,4.7,40,NA,NA,0,0,13,NA,NA,"FantasySharks","12155",0.6,0,0,0,0,0,0.2,0.1,0.4,0.2,0.1,140,2.3,NA
"Allen, LeQuint","RB","JAC",NA,17.9,72,NA,0.2,9.5,7.7,44,NA,NA,0,0,12.7,NA,NA,"FantasySharks","17061",0.2,0,0,0,0,0,0.3,0.1,2.2,0.2,0.1,441,1,NA
"Claiborne, Demond","RB","MIN",NA,35.3,110,NA,0,7.8,6,31,NA,NA,0,0.7,12.6,NA,NA,"FantasySharks","17481",0,0,0,0,0,0,0.4,0.2,0.9,0.1,0.1,127,2.3,NA
"Shipley, Will","RB","PHI",NA,17.5,71,NA,0.2,8.7,7.2,41,NA,NA,0,0,12.3,NA,NA,"FantasySharks","16601",0.2,0,0,0,0,0,0.3,0.1,1,0.2,0.1,578,1,NA
"Badie, Tyler","RB","DEN",NA,9.9,34,NA,0,21.5,12.4,86,NA,NA,0,0,12.2,NA,NA,"FantasySharks","15718",0,0,0,0,0,0,0.1,0.1,3.3,0.3,0.2,346,1.7,NA
"Mostert, Raheem","RB","LVR",NA,21.2,53,NA,0,10.7,10.7,65,NA,NA,0,0,11.8,NA,NA,"FantasySharks","12447",0,0,0,0,0,0,0.2,0.1,0.9,0.3,0.1,550,0.9,NA
"Brooks, British","RB","HOU",NA,25,98,NA,0,7.1,2.5,15,NA,NA,0,0,11.2,NA,NA,"FantasySharks","16816",0,0,0,0,0,0,0.4,0.2,0.7,0.1,0,80,2.3,NA
"Ali, Rasheen","RB","BAL",NA,14,51,NA,0,12.5,7,43,NA,NA,0.1,0,10.2,NA,NA,"FantasySharks","16746",0,0,0,0,0,0,0.2,0.1,1.1,0.2,0.1,476,0.1,NA
"Kiner, Corey","RB","NEP",NA,23.9,95,NA,0,2.7,1.9,9,NA,NA,0,0.3,9.8,NA,NA,"FantasySharks","17274",0,0,0,0,0,0,0.4,0.2,0.4,0,0,223,1.4,NA
"Rivers, Ronnie","RB","LAR",NA,14.5,70,NA,0,3.4,1.3,11,NA,NA,0,0,8.1,NA,NA,"FantasySharks","15726",0,0,0,0,0,0,0.3,0.1,0,0,0,718,0.3,NA
"Heidenreich, Eli","RB","PIT",NA,25,68,NA,0,1.9,1.5,6,NA,NA,0,0,7.4,NA,NA,"FantasySharks","17685",0,0,0,0,0,0,0.3,0.1,0,0,0,226,0.5,NA
"Brooks, Tahj","RB","CIN",NA,16.4,48,NA,0,2.4,1,9,NA,NA,0,0,5.7,NA,NA,"FantasySharks","17058",0,0,0,0,0,0,0.2,0.1,0,0,0,385,0,NA
"Carter, Nathan","RB","ATL",NA,15,90,NA,0,0.4,0,0,NA,NA,0,1.8,5.4,NA,NA,"FantasySharks","17348",0,0,0,0,0,0,0.4,0.2,0,0,0,202,0,NA
"Chestnut, Julius","RB","TEN",NA,14.2,46,NA,0,2.8,0,0,NA,NA,0,0,4.6,NA,NA,"FantasySharks","15965",0,0,0,0,0,0,0.2,0.1,0,0,0,231,1.4,NA
"Gilliam, Reggie","RB","NEP",NA,6.3,14,NA,0,1.2,1.2,24,NA,NA,0,0,3.7,NA,NA,"FantasySharks","15103",0,0,0,0,0,0,0.1,0,0,0.1,0.1,0,2.4,NA
"Johnson, Kaleb","RB","GBP",NA,15.3,36,NA,0,0.8,0.2,1,NA,NA,0,0,3.7,NA,NA,"FantasySharks","17048",0,0,0,0,0,0,0.1,0.1,0,0,0,96,0.1,NA
"Ingold, Alec","RB","LAC",NA,2.6,12,NA,0,7.6,6.2,25,NA,NA,0,0,3.7,NA,NA,"FantasySharks","14420",0,0,0,0,0,0,0.1,0,0.9,0.1,0.1,37,0,NA
"Etienne, Trevor","RB","CAR",NA,7.4,34,NA,0,0.4,0.4,1,NA,NA,0,0,3.5,NA,NA,"FantasySharks","17056",0,0,0,0,0,0,0.1,0.1,0,0,0,289,1,NA
"Laube, Dylan","RB","LVR",NA,8.9,21,NA,0,3.5,2.3,15,NA,NA,0,0.2,3.4,NA,NA,"FantasySharks","16613",0,0,0,0,0,0,0.1,0,0,0.1,0,695,0.2,NA
"Dillon, AJ","RB","CAR",NA,8.3,27,NA,0,1.4,1.4,10,NA,NA,0,0.5,2.7,NA,NA,"FantasySharks","14805",0,0,0,0,0,0,0.1,0.1,0,0,0,365,0,NA
"Matlock, Scott","RB","LAC",NA,0,0,NA,0,2.7,2.7,12,NA,NA,0.2,0,2.6,NA,NA,"FantasySharks","16335",0,0,0,0,0,0,0,0,0.2,0.1,0,0,0.2,NA
"Singleton, Nicholas","RB","TEN",NA,7.4,17,NA,0,0.8,0,0,NA,NA,0,0,1.7,NA,NA,"FantasySharks","17476",0,0,0,0,0,0,0.1,0,0,0,0,163,0,NA
"Nwangwu, Kene","RB","NYJ",NA,2.7,10,NA,0,0.7,0,0,NA,NA,0,0,1,NA,NA,"FantasySharks","15414",0,0,0,0,0,0,0,0,0,0,0,649,0.6,NA
"Saylors, Jacob","RB","DET",NA,1.6,4,NA,0,0,0,0,NA,NA,0,0,0.4,NA,NA,"FantasySharks","16850",0,0,0,0,0,0,0,0,0,0,0,849,0.2,NA
"Ricard, Patrick","RB","NYG",NA,0.8,3,NA,0,0.8,0,0,NA,NA,0,0,0.3,NA,NA,"FantasySharks","13455",0,0,0,0,0,0,0,0,0,0,0,0,0,NA
"Burton, Michael","RB","CLE",NA,0.7,2,NA,0,0,0,0,NA,NA,0,0,0.2,NA,NA,"FantasySharks","12325",0,0,0,0,0,0,0,0,0,0,0,0,0.7,NA
"Randall, Adam","RB","BAL",NA,1.2,2,NA,0,1.5,0,0,NA,NA,0,0,0.2,NA,NA,"FantasySharks","17652",0,0,0,0,0,0,0,0,0,0,0,173,0,NA
"Jahmyr Gibbs","RB","DET",NA,279,1422,NA,12,NA,72,572,NA,NA,4,NA,295.4,NA,"18522","FFToday","16162",NA,NA,NA,NA,NA,NA,NA,NA,NA,NA,NA,NA,NA,6
"Bijan Robinson","RB","ATL",NA,280,1402,NA,9,NA,84,707,NA,NA,3,NA,282.9,NA,"18630","FFToday","16161",NA,NA,NA,NA,NA,NA,NA,NA,NA,NA,NA,NA,NA,11
"Christian McCaffrey","RB","SF",NA,279,1144,NA,9,NA,82,715,NA,NA,4,NA,263.9,NA,"15950","FFToday","13130",NA,NA,NA,NA,NA,NA,NA,NA,NA,NA,NA,NA,NA,8
"Jonathan Taylor","RB","IND",NA,299,1436,NA,12,NA,39,310,NA,NA,1,NA,252.6,NA,"17224","FFToday","14802",NA,NA,NA,NA,NA,NA,NA,NA,NA,NA,NA,NA,NA,13
"Derrick Henry","RB","BAL",NA,321,1572,NA,12,NA,16,144,NA,NA,0,NA,243.6,NA,"15602","FFToday","12626",NA,NA,NA,NA,NA,NA,NA,NA,NA,NA,NA,NA,NA,13
"James Cook","RB","BUF",NA,275,1377,NA,11,NA,32,275,NA,NA,2,NA,243.2,NA,"18046","FFToday","15715",NA,NA,NA,NA,NA,NA,NA,NA,NA,NA,NA,NA,NA,7
"Saquon Barkley","RB","PHI",NA,281,1236,NA,9,NA,42,307,NA,NA,2,NA,220.3,NA,"16319","FFToday","13604",NA,NA,NA,NA,NA,NA,NA,NA,NA,NA,NA,NA,NA,10
"Kenneth Walker","RB","KC",NA,262,1177,NA,9,NA,42,322,NA,NA,2,NA,215.9,NA,"18234","FFToday","15711",NA,NA,NA,NA,NA,NA,NA,NA,NA,NA,NA,NA,NA,5
"Omarion Hampton","RB","LAC",NA,257,1129,NA,9,NA,52,366,NA,NA,2,NA,215.5,NA,"19379","FFToday","17044",NA,NA,NA,NA,NA,NA,NA,NA,NA,NA,NA,NA,NA,7
"Kyren Williams","RB","LAR",NA,249,1171,NA,10,NA,34,245,NA,NA,2,NA,213.6,NA,"18245","FFToday","15710",NA,NA,NA,NA,NA,NA,NA,NA,NA,NA,NA,NA,NA,11
"De'Von Achane","RB","MIA",NA,228,1161,NA,6,NA,56,411,NA,NA,3,NA,211.2,NA,"18452","FFToday","16167",NA,NA,NA,NA,NA,NA,NA,NA,NA,NA,NA,NA,NA,6
"Chase Brown","RB","CIN",NA,242,1066,NA,7,NA,55,377,NA,NA,4,NA,210.3,NA,"18488","FFToday","16181",NA,NA,NA,NA,NA,NA,NA,NA,NA,NA,NA,NA,NA,6
"Ashton Jeanty","RB","LV",NA,266,1117,NA,7,NA,56,406,NA,NA,2,NA,206.3,NA,"19405","FFToday","17042",NA,NA,NA,NA,NA,NA,NA,NA,NA,NA,NA,NA,NA,13
"Jeremiyah Love","RB","ARI",NA,246,1082,NA,7,NA,56,417,NA,NA,2,NA,203.9,NA,"19832","FFToday","17472",NA,NA,NA,NA,NA,NA,NA,NA,NA,NA,NA,NA,NA,14
"Javonte Williams","RB","DAL",NA,245,1126,NA,10,NA,33,217,NA,NA,1,NA,200.3,NA,"17753","FFToday","15256",NA,NA,NA,NA,NA,NA,NA,NA,NA,NA,NA,NA,NA,14
"Breece Hall","RB","NYJ",NA,258,1162,NA,5,NA,47,403,NA,NA,2,NA,198.5,NA,"18087","FFToday","15708",NA,NA,NA,NA,NA,NA,NA,NA,NA,NA,NA,NA,NA,13
"Cam Skattebo","RB","NYG",NA,262,1048,NA,8,NA,44,346,NA,NA,1,NA,193.4,NA,"19506","FFToday","17045",NA,NA,NA,NA,NA,NA,NA,NA,NA,NA,NA,NA,NA,8
"Bhayshul Tuten","RB","JAC",NA,257,1055,NA,7,NA,38,288,NA,NA,2,NA,188.3,NA,"19531","FFToday","17052",NA,NA,NA,NA,NA,NA,NA,NA,NA,NA,NA,NA,NA,7
"D'Andre Swift","RB","CHI",NA,233,1049,NA,7,NA,39,316,NA,NA,1,NA,184.5,NA,"17220","FFToday","14797",NA,NA,NA,NA,NA,NA,NA,NA,NA,NA,NA,NA,NA,10
"Travis Etienne","RB","NO",NA,246,1082,NA,5,NA,44,327,NA,NA,2,NA,182.9,NA,"17561","FFToday","15253",NA,NA,NA,NA,NA,NA,NA,NA,NA,NA,NA,NA,NA,8
"Quinshon Judkins","RB","CLE",NA,275,1098,NA,7,NA,30,205,NA,NA,1,NA,178.3,NA,"19411","FFToday","17051",NA,NA,NA,NA,NA,NA,NA,NA,NA,NA,NA,NA,NA,11
"Bucky Irving","RB","TB",NA,249,995,NA,6,NA,38,305,NA,NA,2,NA,178,NA,"18997","FFToday","16598",NA,NA,NA,NA,NA,NA,NA,NA,NA,NA,NA,NA,NA,10
"David Montgomery","RB","HOU",NA,217,935,NA,7,NA,34,244,NA,NA,1,NA,165.9,NA,"16658","FFToday","14071",NA,NA,NA,NA,NA,NA,NA,NA,NA,NA,NA,NA,NA,8
"Tony Pollard","RB","TEN",NA,242,1065,NA,5,NA,32,227,NA,NA,1,NA,165.2,NA,"16676","FFToday","14085",NA,NA,NA,NA,NA,NA,NA,NA,NA,NA,NA,NA,NA,9
"Jaylen Warren","RB","PIT",NA,190,854,NA,5,NA,41,329,NA,NA,2,NA,160.3,NA,"18267","FFToday","15742",NA,NA,NA,NA,NA,NA,NA,NA,NA,NA,NA,NA,NA,9
"TreVeyon Henderson","RB","NE",NA,178,836,NA,7,NA,34,257,NA,NA,1,NA,157.3,NA,"19389","FFToday","17043",NA,NA,NA,NA,NA,NA,NA,NA,NA,NA,NA,NA,NA,11
"J.K. Dobbins","RB","DEN",NA,206,988,NA,7,NA,16,104,NA,NA,1,NA,157.2,NA,"17062","FFToday","14800",NA,NA,NA,NA,NA,NA,NA,NA,NA,NA,NA,NA,NA,10
"Jadarian Price","RB","SEA",NA,195,837,NA,7,NA,31,226,NA,NA,1,NA,154.3,NA,"19817","FFToday","17473",NA,NA,NA,NA,NA,NA,NA,NA,NA,NA,NA,NA,NA,11
"Rhamondre Stevenson","RB","NE",NA,163,735,NA,7,NA,43,322,NA,NA,1,NA,153.7,NA,"17716","FFToday","15259",NA,NA,NA,NA,NA,NA,NA,NA,NA,NA,NA,NA,NA,11
"MarShawn Lloyd","RB","GB",NA,191,822,NA,7,NA,27,197,NA,NA,1,NA,149.9,NA,"19041","FFToday","16604",NA,NA,NA,NA,NA,NA,NA,NA,NA,NA,NA,NA,NA,11
"Chuba Hubbard","RB","CAR",NA,192,767,NA,6,NA,34,258,NA,NA,1,NA,144.5,NA,"17603","FFToday","15261",NA,NA,NA,NA,NA,NA,NA,NA,NA,NA,NA,NA,NA,5
"Rico Dowdle","RB","PIT",NA,186,801,NA,5,NA,30,203,NA,NA,1,NA,136.4,NA,"17262","FFToday","14823",NA,NA,NA,NA,NA,NA,NA,NA,NA,NA,NA,NA,NA,9
"Jacory Croskey-Merritt","RB","WAS",NA,179,788,NA,7,NA,12,84,NA,NA,0,NA,129.2,NA,"19346","FFToday","17256",NA,NA,NA,NA,NA,NA,NA,NA,NA,NA,NA,NA,NA,7
"Rachaad White","RB","WAS",NA,131,539,NA,5,NA,42,310,NA,NA,2,NA,126.9,NA,"18240","FFToday","15721",NA,NA,NA,NA,NA,NA,NA,NA,NA,NA,NA,NA,NA,7
"Blake Corum","RB","LAR",NA,159,745,NA,6,NA,13,89,NA,NA,0,NA,119.4,NA,"18942","FFToday","16593",NA,NA,NA,NA,NA,NA,NA,NA,NA,NA,NA,NA,NA,11
"Jordan Mason","RB","MIN",NA,189,831,NA,5,NA,12,62,NA,NA,0,NA,119.3,NA,"18282","FFToday","15972",NA,NA,NA,NA,NA,NA,NA,NA,NA,NA,NA,NA,NA,6
"Kyle Monangai","RB","CHI",NA,176,775,NA,4,NA,20,162,NA,NA,0,NA,117.7,NA,"19453","FFToday","17066",NA,NA,NA,NA,NA,NA,NA,NA,NA,NA,NA,NA,NA,10
"Jonathon Brooks","RB","CAR",NA,158,646,NA,4,NA,32,229,NA,NA,1,NA,117.5,NA,"18926","FFToday","16597",NA,NA,NA,NA,NA,NA,NA,NA,NA,NA,NA,NA,NA,5
"Kenneth Gainwell","RB","TB",NA,109,479,NA,4,NA,37,275,NA,NA,2,NA,111.4,NA,"17578","FFToday","15255",NA,NA,NA,NA,NA,NA,NA,NA,NA,NA,NA,NA,NA,10
"Aaron Jones","RB","MIN",NA,143,602,NA,3,NA,37,268,NA,NA,1,NA,111,NA,"15916","FFToday","13319",NA,NA,NA,NA,NA,NA,NA,NA,NA,NA,NA,NA,NA,6
"RJ Harvey","RB","DEN",NA,96,373,NA,3,NA,44,326,NA,NA,3,NA,105.9,NA,"19384","FFToday","17068",NA,NA,NA,NA,NA,NA,NA,NA,NA,NA,NA,NA,NA,10
"Josh Jacobs","RB","GB",NA,152,622,NA,4,NA,15,121,NA,NA,1,NA,104.3,NA,"16611","FFToday","14073",NA,NA,NA,NA,NA,NA,NA,NA,NA,NA,NA,NA,NA,11
"Woody Marks","RB","HOU",NA,135,527,NA,2,NA,27,214,NA,NA,1,NA,92.1,NA,"19432","FFToday","17053",NA,NA,NA,NA,NA,NA,NA,NA,NA,NA,NA,NA,NA,8
"Zach Charbonnet","RB","SEA",NA,128,537,NA,3,NA,19,135,NA,NA,1,NA,91.2,NA,"18495","FFToday","16169",NA,NA,NA,NA,NA,NA,NA,NA,NA,NA,NA,NA,NA,11
"Chris Rodriguez Jr.","RB","JAC",NA,129,556,NA,4,NA,10,76,NA,NA,0,NA,87.2,NA,"18633","FFToday","16174",NA,NA,NA,NA,NA,NA,NA,NA,NA,NA,NA,NA,NA,7
"Tyjae Spears","RB","TEN",NA,86,344,NA,2,NA,38,255,NA,NA,1,NA,77.9,NA,"18659","FFToday","16165",NA,NA,NA,NA,NA,NA,NA,NA,NA,NA,NA,NA,NA,9
"Brian Robinson Jr.","RB","ATL",NA,107,462,NA,4,NA,9,58,NA,NA,0,NA,76,NA,"18194","FFToday","15716",NA,NA,NA,NA,NA,NA,NA,NA,NA,NA,NA,NA,NA,11
"Dylan Sampson","RB","CLE",NA,61,245,NA,1,NA,40,316,NA,NA,2,NA,74.1,NA,"19494","FFToday","17047",NA,NA,NA,NA,NA,NA,NA,NA,NA,NA,NA,NA,NA,11
"Alvin Kamara","RB","NO",NA,86,328,NA,2,NA,31,215,NA,NA,1,NA,72.3,NA,"15924","FFToday","13132",NA,NA,NA,NA,NA,NA,NA,NA,NA,NA,NA,NA,NA,8
"Tyler Allgeier","RB","ARI",NA,98,391,NA,3,NA,18,124,NA,NA,0,NA,69.5,NA,"18000","FFToday","15712",NA,NA,NA,NA,NA,NA,NA,NA,NA,NA,NA,NA,NA,14
"Justice Hill","RB","BAL",NA,51,241,NA,2,NA,28,221,NA,NA,1,NA,64.2,NA,"16598","FFToday","14086",NA,NA,NA,NA,NA,NA,NA,NA,NA,NA,NA,NA,NA,13
"Braelon Allen","RB","NYJ",NA,91,372,NA,3,NA,10,80,NA,NA,0,NA,63.2,NA,"18905","FFToday","16596",NA,NA,NA,NA,NA,NA,NA,NA,NA,NA,NA,NA,NA,13
"Tank Bigsby","RB","PHI",NA,87,375,NA,3,NA,5,31,NA,NA,0,NA,58.6,NA,"18475","FFToday","16164",NA,NA,NA,NA,NA,NA,NA,NA,NA,NA,NA,NA,NA,10
"Samaje Perine","RB","CIN",NA,72,304,NA,2,NA,16,98,NA,NA,1,NA,58.2,NA,"15976","FFToday","13133",NA,NA,NA,NA,NA,NA,NA,NA,NA,NA,NA,NA,NA,6
"Najee Harris","RB","NYG",NA,95,380,NA,2,NA,9,71,NA,NA,0,NA,57.1,NA,"17592","FFToday","15254",NA,NA,NA,NA,NA,NA,NA,NA,NA,NA,NA,NA,NA,8
"Ty Johnson","RB","BUF",NA,51,211,NA,1,NA,25,230,NA,NA,1,NA,56.1,NA,"16623","FFToday","14095",NA,NA,NA,NA,NA,NA,NA,NA,NA,NA,NA,NA,NA,7
"Ray Davis","RB","BUF",NA,62,281,NA,2,NA,12,94,NA,NA,1,NA,55.5,NA,"18949","FFToday","16603",NA,NA,NA,NA,NA,NA,NA,NA,NA,NA,NA,NA,NA,7
"Keaton Mitchell","RB","LAC",NA,43,214,NA,2,NA,19,147,NA,NA,1,NA,54.1,NA,"18710","FFToday","16178",NA,NA,NA,NA,NA,NA,NA,NA,NA,NA,NA,NA,NA,7
"Mike Washington Jr.","RB","LV",NA,90,359,NA,2,NA,9,57,NA,NA,0,NA,53.6,NA,"19896","FFToday","17482",NA,NA,NA,NA,NA,NA,NA,NA,NA,NA,NA,NA,NA,13
"Tyrone Tracy Jr.","RB","NYG",NA,55,233,NA,2,NA,15,115,NA,NA,1,NA,52.8,NA,"19125","FFToday","16747",NA,NA,NA,NA,NA,NA,NA,NA,NA,NA,NA,NA,NA,8
"Malik Davis","RB","DAL",NA,69,317,NA,2,NA,10,78,NA,NA,0,NA,51.5,NA,"18345","FFToday","15738",NA,NA,NA,NA,NA,NA,NA,NA,NA,NA,NA,NA,NA,14
"Emmett Johnson","RB","KC",NA,65,266,NA,2,NA,18,125,NA,NA,0,NA,51.1,NA,"19790","FFToday","17474",NA,NA,NA,NA,NA,NA,NA,NA,NA,NA,NA,NA,NA,5
"Isiah Pacheco","RB","DET",NA,85,339,NA,1,NA,12,82,NA,NA,0,NA,48.1,NA,"18172","FFToday","15749",NA,NA,NA,NA,NA,NA,NA,NA,NA,NA,NA,NA,NA,6
"Kimani Vidal","RB","LAC",NA,66,272,NA,2,NA,11,87,NA,NA,0,NA,47.9,NA,"19135","FFToday","16757",NA,NA,NA,NA,NA,NA,NA,NA,NA,NA,NA,NA,NA,7
"Sean Tucker","RB","TB",NA,60,227,NA,3,NA,9,67,NA,NA,0,NA,47.4,NA,"18709","FFToday","16166",NA,NA,NA,NA,NA,NA,NA,NA,NA,NA,NA,NA,NA,10
"Jonah Coleman","RB","DEN",NA,66,277,NA,2,NA,11,68,NA,NA,0,NA,46.5,NA,"19836","FFToday","17477",NA,NA,NA,NA,NA,NA,NA,NA,NA,NA,NA,NA,NA,10
"Jaylen Wright","RB","MIA",NA,61,256,NA,2,NA,9,71,NA,NA,0,NA,44.7,NA,"19155","FFToday","16610",NA,NA,NA,NA,NA,NA,NA,NA,NA,NA,NA,NA,NA,6
"George Holani","RB","SEA",NA,58,233,NA,2,NA,11,78,NA,NA,0,NA,43.1,NA,"19262","FFToday","16608",NA,NA,NA,NA,NA,NA,NA,NA,NA,NA,NA,NA,NA,11
"Kaelon Black","RB","SF",NA,61,249,NA,1,NA,7,47,NA,NA,0,NA,35.6,NA,"19849","FFToday","17485",NA,NA,NA,NA,NA,NA,NA,NA,NA,NA,NA,NA,NA,8
"Jacob Saylors","RB","DET",NA,57,234,NA,1,NA,6,41,NA,NA,0,NA,33.5,NA,"19582","FFToday","16850",NA,NA,NA,NA,NA,NA,NA,NA,NA,NA,NA,NA,NA,6
"Jordan James","RB","SF",NA,51,224,NA,1,NA,5,36,NA,NA,0,NA,32,NA,"19403","FFToday","17055",NA,NA,NA,NA,NA,NA,NA,NA,NA,NA,NA,NA,NA,8
"Isaiah Davis","RB","NYJ",NA,36,145,NA,1,NA,14,107,NA,NA,0,NA,31.2,NA,"18947","FFToday","16752",NA,NA,NA,NA,NA,NA,NA,NA,NA,NA,NA,NA,NA,13
"Seth McGowan","RB","IND",NA,42,168,NA,1,NA,11,77,NA,NA,0,NA,30.5,NA,"19922","FFToday","17475",NA,NA,NA,NA,NA,NA,NA,NA,NA,NA,NA,NA,NA,13
"Chris Brooks","RB","GB",NA,33,131,NA,1,NA,15,102,NA,NA,0,NA,29.3,NA,"18750","FFToday","16387",NA,NA,NA,NA,NA,NA,NA,NA,NA,NA,NA,NA,NA,11
"Ollie Gordon II","RB","MIA",NA,46,181,NA,1,NA,8,48,NA,NA,0,NA,28.9,NA,"19371","FFToday","17059",NA,NA,NA,NA,NA,NA,NA,NA,NA,NA,NA,NA,NA,6
"LeQuint Allen","RB","JAC",NA,21,82,NA,0,NA,20,135,NA,NA,1,NA,27.7,NA,"19302","FFToday","17061",NA,NA,NA,NA,NA,NA,NA,NA,NA,NA,NA,NA,NA,7
"Will Shipley","RB","PHI",NA,34,135,NA,1,NA,11,80,NA,NA,0,NA,27.5,NA,"19104","FFToday","16601",NA,NA,NA,NA,NA,NA,NA,NA,NA,NA,NA,NA,NA,10
"James Conner","RB","ARI",NA,36,142,NA,1,NA,8,68,NA,NA,0,NA,27,NA,"15840","FFToday","13146",NA,NA,NA,NA,NA,NA,NA,NA,NA,NA,NA,NA,NA,14
"Kendre Miller","RB","NO",NA,43,165,NA,1,NA,5,32,NA,NA,0,NA,25.7,NA,"18594","FFToday","16171",NA,NA,NA,NA,NA,NA,NA,NA,NA,NA,NA,NA,NA,8
"Kaytron Allen","RB","WAS",NA,37,148,NA,1,NA,7,45,NA,NA,0,NA,25.3,NA,"19857","FFToday","17478",NA,NA,NA,NA,NA,NA,NA,NA,NA,NA,NA,NA,NA,7
"Kyle Juszczyk","RB","SF",NA,8,15,NA,0,NA,22,174,NA,NA,1,NA,24.9,NA,"13213","FFToday","11367",NA,NA,NA,NA,NA,NA,NA,NA,NA,NA,NA,NA,NA,8
"Demond Claiborne","RB","MIN",NA,36,145,NA,1,NA,4,29,NA,NA,0,NA,23.4,NA,"19771","FFToday","17481",NA,NA,NA,NA,NA,NA,NA,NA,NA,NA,NA,NA,NA,6
"Raheim Sanders","RB","CLE",NA,34,131,NA,1,NA,4,26,NA,NA,0,NA,21.7,NA,"19559","FFToday","17062",NA,NA,NA,NA,NA,NA,NA,NA,NA,NA,NA,NA,NA,11
"Emari Demercado","RB","DAL",NA,25,113,NA,1,NA,5,33,NA,NA,0,NA,20.6,NA,"18741","FFToday","16385",NA,NA,NA,NA,NA,NA,NA,NA,NA,NA,NA,NA,NA,14
"DJ Giddens","RB","IND",NA,23,88,NA,1,NA,2,17,NA,NA,0,NA,16.5,NA,"19368","FFToday","17060",NA,NA,NA,NA,NA,NA,NA,NA,NA,NA,NA,NA,NA,13
"Rasheen Ali","RB","BAL",NA,20,81,NA,0,NA,6,45,NA,NA,0,NA,12.6,NA,"18903","FFToday","16746",NA,NA,NA,NA,NA,NA,NA,NA,NA,NA,NA,NA,NA,13
"Trevor Etienne","RB","CAR",NA,18,82,NA,0,NA,4,25,NA,NA,0,NA,10.7,NA,"19354","FFToday","17056",NA,NA,NA,NA,NA,NA,NA,NA,NA,NA,NA,NA,NA,5
"Roschon Johnson","RB","CHI",NA,19,81,NA,0,NA,2,12,NA,NA,0,NA,9.3,NA,"18559","FFToday","16175",NA,NA,NA,NA,NA,NA,NA,NA,NA,NA,NA,NA,NA,10
"Emanuel Wilson","RB","SEA",NA,19,74,NA,0,NA,2,17,NA,NA,0,NA,9.1,NA,"18737","FFToday","16432",NA,NA,NA,NA,NA,NA,NA,NA,NA,NA,NA,NA,NA,11
"Tahj Brooks","RB","CIN",NA,21,82,NA,0,NA,1,7,NA,NA,0,NA,8.9,NA,"19324","FFToday","17058",NA,NA,NA,NA,NA,NA,NA,NA,NA,NA,NA,NA,NA,6
"Nicholas Singleton","RB","TEN",NA,16,64,NA,0,NA,2,11,NA,NA,0,NA,7.5,NA,"19901","FFToday","17476",NA,NA,NA,NA,NA,NA,NA,NA,NA,NA,NA,NA,NA,9
"Bijan Robinson","RB","ATL",NA,312,1533,NA,14,NA,71,624,NA,NA,3,NA,388.7,NA,"18230","RTSports","16161",NA,NA,NA,NA,NA,NA,NA,NA,NA,NA,NA,NA,NA,NA
"Jahmyr Gibbs","RB","DET",NA,273,1422,NA,14,NA,73,584,NA,NA,4,NA,381.6,NA,"18232","RTSports","16162",NA,NA,NA,NA,NA,NA,NA,NA,NA,NA,NA,NA,NA,NA
"Christian McCaffrey","RB","SF",NA,261,1126,NA,10,NA,77,662,NA,NA,5,NA,345.8,NA,"15837","RTSports","13130",NA,NA,NA,NA,NA,NA,NA,NA,NA,NA,NA,NA,NA,NA
"Devon Achane","RB","MIA",NA,226,1214,NA,10,NA,71,532,NA,NA,4,NA,329.6,NA,"18233","RTSports","16167",NA,NA,NA,NA,NA,NA,NA,NA,NA,NA,NA,NA,NA,NA
"Jonathan Taylor","RB","IND",NA,303,1455,NA,14,NA,46,381,NA,NA,2,NA,325.6,NA,"16980","RTSports","14802",NA,NA,NA,NA,NA,NA,NA,NA,NA,NA,NA,NA,NA,NA
"James Cook","RB","BUF",NA,282,1446,NA,13,NA,40,342,NA,NA,2,NA,308.8,NA,"17861","RTSports","15715",NA,NA,NA,NA,NA,NA,NA,NA,NA,NA,NA,NA,NA,NA
"Chase Brown","RB","CIN",NA,263,1133,NA,9,NA,71,461,NA,NA,4,NA,308.4,NA,"18240","RTSports","16181",NA,NA,NA,NA,NA,NA,NA,NA,NA,NA,NA,NA,NA,NA
"Omarion Hampton","RB","LAC",NA,273,1233,NA,10,NA,61,386,NA,NA,2,NA,294.9,NA,"19103","RTSports","17044",NA,NA,NA,NA,NA,NA,NA,NA,NA,NA,NA,NA,NA,NA
"Ashton Jeanty","RB","LV",NA,306,1311,NA,11,NA,69,455,NA,NA,3,NA,329.6,NA,"19102","RTSports","17042",NA,NA,NA,NA,NA,NA,NA,NA,NA,NA,NA,NA,NA,NA
"Kenneth Walker III","RB","KC",NA,266,1209,NA,11,NA,44,334,NA,NA,2,NA,276.3,NA,"17857","RTSports","15711",NA,NA,NA,NA,NA,NA,NA,NA,NA,NA,NA,NA,NA,NA
"Saquon Barkley","RB","PHI",NA,310,1333,NA,11,NA,41,303,NA,NA,2,NA,282.6,NA,"16184","RTSports","13604",NA,NA,NA,NA,NA,NA,NA,NA,NA,NA,NA,NA,NA,NA
"Javonte Williams","RB","DAL",NA,276,1271,NA,12,NA,42,231,NA,NA,2,NA,276.2,NA,"17366","RTSports","15256",NA,NA,NA,NA,NA,NA,NA,NA,NA,NA,NA,NA,NA,NA
"Jeremiyah Love","RB","ARI",NA,267,1203,NA,9,NA,49,365,NA,NA,2,NA,271.8,NA,"19497","RTSports","17472",NA,NA,NA,NA,NA,NA,NA,NA,NA,NA,NA,NA,NA,NA
"Quinshon Judkins","RB","CLE",NA,280,1233,NA,10,NA,48,335,NA,NA,2,NA,276.8,NA,"19106","RTSports","17051",NA,NA,NA,NA,NA,NA,NA,NA,NA,NA,NA,NA,NA,NA
"Bucky Irving","RB","TB",NA,252,1132,NA,9,NA,48,425,NA,NA,2,NA,269.7,NA,"18599","RTSports","16598",NA,NA,NA,NA,NA,NA,NA,NA,NA,NA,NA,NA,NA,NA
"Breece Hall","RB","NYJ",NA,244,1098,NA,8,NA,52,452,NA,NA,2,NA,267,NA,"17859","RTSports","15708",NA,NA,NA,NA,NA,NA,NA,NA,NA,NA,NA,NA,NA,NA
"Derrick Henry","RB","BAL",NA,276,1379,NA,14,NA,16,152,NA,NA,0,NA,253.1,NA,"15445","RTSports","12626",NA,NA,NA,NA,NA,NA,NA,NA,NA,NA,NA,NA,NA,NA
"Travis Etienne","RB","NO",NA,273,1178,NA,10,NA,41,328,NA,NA,2,NA,263.6,NA,"17358","RTSports","15253",NA,NA,NA,NA,NA,NA,NA,NA,NA,NA,NA,NA,NA,NA
"Kyren Williams","RB","LAR",NA,255,1173,NA,12,NA,35,235,NA,NA,2,NA,259.8,NA,"17863","RTSports","15710",NA,NA,NA,NA,NA,NA,NA,NA,NA,NA,NA,NA,NA,NA
"Cam Skattebo","RB","NYG",NA,250,1066,NA,8,NA,46,355,NA,NA,2,NA,248.1,NA,"19112","RTSports","17045",NA,NA,NA,NA,NA,NA,NA,NA,NA,NA,NA,NA,NA,NA
"D'Andre Swift","RB","CHI",NA,187,864,NA,7,NA,31,257,NA,NA,1,NA,191.1,NA,"16978","RTSports","14797",NA,NA,NA,NA,NA,NA,NA,NA,NA,NA,NA,NA,NA,NA
"Jadarian Price","RB","SEA",NA,253,1089,NA,11,NA,22,163,NA,NA,0,NA,213.2,NA,"19499","RTSports","17473",NA,NA,NA,NA,NA,NA,NA,NA,NA,NA,NA,NA,NA,NA
"David Montgomery","RB","HOU",NA,243,1049,NA,10,NA,31,244,NA,NA,1,NA,226.3,NA,"16565","RTSports","14071",NA,NA,NA,NA,NA,NA,NA,NA,NA,NA,NA,NA,NA,NA
"Bhayshul Tuten","RB","JAX",NA,228,1005,NA,6,NA,41,336,NA,NA,2,NA,223.1,NA,"19109","RTSports","17052",NA,NA,NA,NA,NA,NA,NA,NA,NA,NA,NA,NA,NA,NA
"Rhamondre Stevenson","RB","NE",NA,152,673,NA,4,NA,37,259,NA,NA,2,NA,166.2,NA,"17361","RTSports","15259",NA,NA,NA,NA,NA,NA,NA,NA,NA,NA,NA,NA,NA,NA
"TreVeyon Henderson","RB","NE",NA,214,1072,NA,9,NA,48,317,NA,NA,2,NA,252.9,NA,"19105","RTSports","17043",NA,NA,NA,NA,NA,NA,NA,NA,NA,NA,NA,NA,NA,NA
"Rico Dowdle","RB","PIT",NA,208,925,NA,6,NA,34,248,NA,NA,2,NA,199.3,NA,"17274","RTSports","14823",NA,NA,NA,NA,NA,NA,NA,NA,NA,NA,NA,NA,NA,NA
"RJ Harvey","RB","DEN",NA,162,730,NA,6,NA,52,369,NA,NA,3,NA,215.9,NA,"19110","RTSports","17068",NA,NA,NA,NA,NA,NA,NA,NA,NA,NA,NA,NA,NA,NA
"Jaylen Warren","RB","PIT",NA,134,605,NA,4,NA,51,382,NA,NA,2,NA,185.7,NA,"17924","RTSports","15742",NA,NA,NA,NA,NA,NA,NA,NA,NA,NA,NA,NA,NA,NA
"Tony Pollard","RB","TEN",NA,207,911,NA,5,NA,28,182,NA,NA,0,NA,167.3,NA,"16718","RTSports","14085",NA,NA,NA,NA,NA,NA,NA,NA,NA,NA,NA,NA,NA,NA
"Jonathon Brooks","RB","CAR",NA,135,581,NA,4,NA,20,142,NA,NA,0,NA,116.3,NA,"18596","RTSports","16597",NA,NA,NA,NA,NA,NA,NA,NA,NA,NA,NA,NA,NA,NA
"MarShawn Lloyd","RB","GB",NA,107,519,NA,4,NA,15,97,NA,NA,0,NA,100.6,NA,"18602","RTSports","16604",NA,NA,NA,NA,NA,NA,NA,NA,NA,NA,NA,NA,NA,NA
"Jordan Mason","RB","MIN",NA,169,856,NA,8,NA,20,124,NA,NA,0,NA,166,NA,"18163","RTSports","15972",NA,NA,NA,NA,NA,NA,NA,NA,NA,NA,NA,NA,NA,NA
"Chuba Hubbard","RB","CAR",NA,184,791,NA,5,NA,33,214,NA,NA,1,NA,169.5,NA,"17368","RTSports","15261",NA,NA,NA,NA,NA,NA,NA,NA,NA,NA,NA,NA,NA,NA
"J.K. Dobbins","RB","DEN",NA,183,915,NA,5,NA,31,165,NA,NA,0,NA,169,NA,"16987","RTSports","14800",NA,NA,NA,NA,NA,NA,NA,NA,NA,NA,NA,NA,NA,NA
"Kyle Monangai","RB","CHI",NA,184,829,NA,5,NA,28,238,NA,NA,1,NA,170.7,NA,"19169","RTSports","17066",NA,NA,NA,NA,NA,NA,NA,NA,NA,NA,NA,NA,NA,NA
"Jacory Croskey-Merritt","RB","WAS",NA,172,794,NA,6,NA,22,149,NA,NA,0,NA,152.3,NA,"19168","RTSports","17256",NA,NA,NA,NA,NA,NA,NA,NA,NA,NA,NA,NA,NA,NA
"Blake Corum","RB","LAR",NA,153,718,NA,7,NA,13,82,NA,NA,0,NA,135,NA,"18598","RTSports","16593",NA,NA,NA,NA,NA,NA,NA,NA,NA,NA,NA,NA,NA,NA
"Rachaad White","RB","WAS",NA,130,545,NA,3,NA,42,261,NA,NA,2,NA,152.6,NA,"17860","RTSports","15721",NA,NA,NA,NA,NA,NA,NA,NA,NA,NA,NA,NA,NA,NA
"Tyjae Spears","RB","TEN",NA,88,382,NA,2,NA,47,324,NA,NA,1,NA,135.6,NA,"18241","RTSports","16165",NA,NA,NA,NA,NA,NA,NA,NA,NA,NA,NA,NA,NA,NA
"Woody Marks","RB","HOU",NA,139,559,NA,3,NA,31,236,NA,NA,2,NA,140.5,NA,"19117","RTSports","17053",NA,NA,NA,NA,NA,NA,NA,NA,NA,NA,NA,NA,NA,NA
"Aaron Jones","RB","MIN",NA,123,529,NA,2,NA,30,216,NA,NA,1,NA,122.5,NA,"16033","RTSports","13319",NA,NA,NA,NA,NA,NA,NA,NA,NA,NA,NA,NA,NA,NA
"Kenneth Gainwell","RB","TB",NA,76,334,NA,1,NA,39,269,NA,NA,2,NA,117.3,NA,"17360","RTSports","15255",NA,NA,NA,NA,NA,NA,NA,NA,NA,NA,NA,NA,NA,NA
"Chris Rodriguez Jr.","RB","JAX",NA,125,584,NA,5,NA,12,83,NA,NA,0,NA,108.7,NA,"17921","RTSports","16174",NA,NA,NA,NA,NA,NA,NA,NA,NA,NA,NA,NA,NA,NA
"Mike Washington Jr.","RB","LV",NA,82,373,NA,2,NA,18,130,NA,NA,0,NA,80.3,NA,"19506","RTSports","17482",NA,NA,NA,NA,NA,NA,NA,NA,NA,NA,NA,NA,NA,NA
"Jonah Coleman","RB","DEN",NA,99,433,NA,3,NA,16,122,NA,NA,0,NA,89.5,NA,"19498","RTSports","17477",NA,NA,NA,NA,NA,NA,NA,NA,NA,NA,NA,NA,NA,NA
"Josh Jacobs","RB","GB",NA,273,1149,NA,11,NA,44,339,NA,NA,1,NA,264.8,NA,"16568","RTSports","14073",NA,NA,NA,NA,NA,NA,NA,NA,NA,NA,NA,NA,NA,NA
"Tyrone Tracy Jr.","RB","NYG",NA,114,493,NA,2,NA,28,216,NA,NA,2,NA,122.9,NA,"18692","RTSports","16747",NA,NA,NA,NA,NA,NA,NA,NA,NA,NA,NA,NA,NA,NA
"Alvin Kamara","RB","NO",NA,121,467,NA,2,NA,31,192,NA,NA,1,NA,114.9,NA,"15842","RTSports","13132",NA,NA,NA,NA,NA,NA,NA,NA,NA,NA,NA,NA,NA,NA
"Tyler Allgeier","RB","ARI",NA,116,472,NA,5,NA,21,145,NA,NA,0,NA,112.7,NA,"17862","RTSports","15712",NA,NA,NA,NA,NA,NA,NA,NA,NA,NA,NA,NA,NA,NA
"Zach Charbonnet","RB","SEA",NA,116,488,NA,5,NA,15,109,NA,NA,0,NA,104.7,NA,"17858","RTSports","16169",NA,NA,NA,NA,NA,NA,NA,NA,NA,NA,NA,NA,NA,NA
"Brian Robinson Jr.","RB","ATL",NA,104,427,NA,5,NA,13,105,NA,NA,0,NA,96.2,NA,"17865","RTSports","15716",NA,NA,NA,NA,NA,NA,NA,NA,NA,NA,NA,NA,NA,NA
"Keaton Mitchell","RB","LAC",NA,87,453,NA,3,NA,16,123,NA,NA,0,NA,91.6,NA,"18293","RTSports","16178",NA,NA,NA,NA,NA,NA,NA,NA,NA,NA,NA,NA,NA,NA
"Isiah Pacheco","RB","DET",NA,122,531,NA,2,NA,26,164,NA,NA,1,NA,113.5,NA,"18149","RTSports","15749",NA,NA,NA,NA,NA,NA,NA,NA,NA,NA,NA,NA,NA,NA
"Justice Hill","RB","BAL",NA,56,263,NA,2,NA,29,226,NA,NA,1,NA,95.9,NA,"16566","RTSports","14086",NA,NA,NA,NA,NA,NA,NA,NA,NA,NA,NA,NA,NA,NA
"Tank Bigsby","RB","PHI",NA,102,456,NA,3,NA,11,92,NA,NA,0,NA,83.8,NA,"18234","RTSports","16164",NA,NA,NA,NA,NA,NA,NA,NA,NA,NA,NA,NA,NA,NA
"Sean Tucker","RB","TB",NA,91,392,NA,3,NA,13,104,NA,NA,0,NA,80.6,NA,"18235","RTSports","16166",NA,NA,NA,NA,NA,NA,NA,NA,NA,NA,NA,NA,NA,NA
"Dylan Sampson","RB","CLE",NA,47,165,NA,0,NA,31,239,NA,NA,2,NA,83.4,NA,"19156","RTSports","17047",NA,NA,NA,NA,NA,NA,NA,NA,NA,NA,NA,NA,NA,NA
"Ray Davis","RB","BUF",NA,65,284,NA,2,NA,16,136,NA,NA,0,NA,70,NA,"18601","RTSports","16603",NA,NA,NA,NA,NA,NA,NA,NA,NA,NA,NA,NA,NA,NA
"George Holani","RB","SEA",NA,103,446,NA,3,NA,11,74,NA,NA,0,NA,81,NA,"18694","RTSports","16608",NA,NA,NA,NA,NA,NA,NA,NA,NA,NA,NA,NA,NA,NA
"Braelon Allen","RB","NYJ",NA,96,396,NA,2,NA,15,119,NA,NA,0,NA,78.5,NA,"18605","RTSports","16596",NA,NA,NA,NA,NA,NA,NA,NA,NA,NA,NA,NA,NA,NA
"Kaelon Black","RB","SF",NA,84,354,NA,2,NA,6,44,NA,NA,0,NA,57.8,NA,"19632","RTSports","17485",NA,NA,NA,NA,NA,NA,NA,NA,NA,NA,NA,NA,NA,NA
"Kimani Vidal","RB","LAC",NA,69,288,NA,2,NA,14,116,NA,NA,0,NA,66.4,NA,"18607","RTSports","16757",NA,NA,NA,NA,NA,NA,NA,NA,NA,NA,NA,NA,NA,NA
"Emmett Johnson","RB","KC",NA,73,321,NA,1,NA,10,74,NA,NA,0,NA,55.5,NA,"19500","RTSports","17474",NA,NA,NA,NA,NA,NA,NA,NA,NA,NA,NA,NA,NA,NA
"Jaylen Wright","RB","MIA",NA,91,386,NA,2,NA,16,106,NA,NA,0,NA,77.2,NA,"18603","RTSports","16610",NA,NA,NA,NA,NA,NA,NA,NA,NA,NA,NA,NA,NA,NA
"Emanuel Wilson","RB","SEA",NA,103,433,NA,2,NA,13,82,NA,NA,0,NA,76.5,NA,"18530","RTSports","16432",NA,NA,NA,NA,NA,NA,NA,NA,NA,NA,NA,NA,NA,NA
"Nicholas Singleton","RB","TEN",NA,90,396,NA,2,NA,14,108,NA,NA,0,NA,76.4,NA,"19502","RTSports","17476",NA,NA,NA,NA,NA,NA,NA,NA,NA,NA,NA,NA,NA,NA
"Kaleb Johnson","RB","GB",NA,102,423,NA,2,NA,12,79,NA,NA,0,NA,74.2,NA,"19104","RTSports","17048",NA,NA,NA,NA,NA,NA,NA,NA,NA,NA,NA,NA,NA,NA
"Kaytron Allen","RB","WAS",NA,43,174,NA,1,NA,8,58,NA,NA,0,NA,37.2,NA,"19503","RTSports","17478",NA,NA,NA,NA,NA,NA,NA,NA,NA,NA,NA,NA,NA,NA
"Ty Johnson","RB","BUF",NA,46,204,NA,2,NA,25,238,NA,NA,2,NA,93.2,NA,"16775","RTSports","14095",NA,NA,NA,NA,NA,NA,NA,NA,NA,NA,NA,NA,NA,NA
"James Conner","RB","ARI",NA,95,407,NA,2,NA,12,90,NA,NA,0,NA,73.7,NA,"15847","RTSports","13146",NA,NA,NA,NA,NA,NA,NA,NA,NA,NA,NA,NA,NA,NA
"Samaje Perine","RB","CIN",NA,64,279,NA,2,NA,19,143,NA,NA,0,NA,73.2,NA,"15838","RTSports","13133",NA,NA,NA,NA,NA,NA,NA,NA,NA,NA,NA,NA,NA,NA
"Najee Harris","RB","NYG",NA,91,373,NA,2,NA,8,65,NA,NA,0,NA,63.8,NA,"17359","RTSports","15254",NA,NA,NA,NA,NA,NA,NA,NA,NA,NA,NA,NA,NA,NA
"Devin Singletary","RB","NYG",NA,102,419,NA,3,NA,16,108,NA,NA,0,NA,86.7,NA,"16569","RTSports","14080",NA,NA,NA,NA,NA,NA,NA,NA,NA,NA,NA,NA,NA,NA
"Chris Brooks","RB","GB",NA,46,206,NA,1,NA,15,101,NA,NA,0,NA,51.7,NA,"18531","RTSports","16387",NA,NA,NA,NA,NA,NA,NA,NA,NA,NA,NA,NA,NA,NA
"Isaiah Davis","RB","NYJ",NA,50,254,NA,1,NA,17,148,NA,NA,0,NA,63.2,NA,"18614","RTSports","16752",NA,NA,NA,NA,NA,NA,NA,NA,NA,NA,NA,NA,NA,NA
"Demond Claiborne","RB","MIN",NA,60,271,NA,1,NA,16,125,NA,NA,0,NA,61.6,NA,"19504","RTSports","17481",NA,NA,NA,NA,NA,NA,NA,NA,NA,NA,NA,NA,NA,NA
"Ollie Gordon II","RB","MIA",NA,65,241,NA,3,NA,10,52,NA,NA,0,NA,57.3,NA,"19107","RTSports","17059",NA,NA,NA,NA,NA,NA,NA,NA,NA,NA,NA,NA,NA,NA
"Jordan James","RB","SF",NA,68,286,NA,1,NA,18,119,NA,NA,0,NA,64.5,NA,"19171","RTSports","17055",NA,NA,NA,NA,NA,NA,NA,NA,NA,NA,NA,NA,NA,NA
"Adam Randall","RB","BAL",NA,44,179,NA,1,NA,15,123,NA,NA,1,NA,57.2,NA,"19513","RTSports","17652",NA,NA,NA,NA,NA,NA,NA,NA,NA,NA,NA,NA,NA,NA
"Seth McGowan","RB","IND",NA,59,249,NA,1,NA,7,68,NA,NA,0,NA,44.7,NA,"19501","RTSports","17475",NA,NA,NA,NA,NA,NA,NA,NA,NA,NA,NA,NA,NA,NA
"Devin Neal","RB","NO",NA,62,239,NA,1,NA,16,99,NA,NA,0,NA,55.8,NA,"19116","RTSports","17046",NA,NA,NA,NA,NA,NA,NA,NA,NA,NA,NA,NA,NA,NA
"Brashard Smith","RB","KC",NA,36,142,NA,0,NA,20,136,NA,NA,1,NA,53.8,NA,"19167","RTSports","17049",NA,NA,NA,NA,NA,NA,NA,NA,NA,NA,NA,NA,NA,NA
"LeQuint Allen","RB","JAX",NA,41,166,NA,1,NA,20,110,NA,NA,0,NA,53.6,NA,"19155","RTSports","17061",NA,NA,NA,NA,NA,NA,NA,NA,NA,NA,NA,NA,NA,NA
"Emari Demercado","RB","DAL",NA,43,227,NA,1,NA,14,91,NA,NA,0,NA,51.8,NA,"18516","RTSports","16385",NA,NA,NA,NA,NA,NA,NA,NA,NA,NA,NA,NA,NA,NA
"Kyle Juszczyk","RB","SF",NA,5,13,NA,0,NA,20,179,NA,NA,2,NA,51.2,NA,"14415","RTSports","11367",NA,NA,NA,NA,NA,NA,NA,NA,NA,NA,NA,NA,NA,NA
"Zonovan Knight","RB","ARI",NA,62,219,NA,1,NA,13,96,NA,NA,0,NA,50.5,NA,"17864","RTSports","15727",NA,NA,NA,NA,NA,NA,NA,NA,NA,NA,NA,NA,NA,NA
"Jaleel McLaughlin","RB","CLE",NA,50,241,NA,1,NA,13,73,NA,NA,0,NA,50.4,NA,"18510","RTSports","16390",NA,NA,NA,NA,NA,NA,NA,NA,NA,NA,NA,NA,NA,NA
"Michael Carter","RB","TEN",NA,41,162,NA,1,NA,15,108,NA,NA,0,NA,48,NA,"17363","RTSports","15258",NA,NA,NA,NA,NA,NA,NA,NA,NA,NA,NA,NA,NA,NA
"DJ Giddens","RB","IND",NA,69,277,NA,2,NA,5,33,NA,NA,0,NA,48,NA,"19119","RTSports","17060",NA,NA,NA,NA,NA,NA,NA,NA,NA,NA,NA,NA,NA,NA
"Audric Estime","RB","NO",NA,56,235,NA,1,NA,10,74,NA,NA,0,NA,46.9,NA,"18600","RTSports","16595",NA,NA,NA,NA,NA,NA,NA,NA,NA,NA,NA,NA,NA,NA
"Trevor Etienne","RB","CAR",NA,58,263,NA,1,NA,8,46,NA,NA,0,NA,44.9,NA,"16977","RTSports","17056",NA,NA,NA,NA,NA,NA,NA,NA,NA,NA,NA,NA,NA,NA
"Miles Sanders","RB","---",NA,35,155,NA,1,NA,14,90,NA,NA,0,NA,44.5,NA,"16570","RTSports","14079",NA,NA,NA,NA,NA,NA,NA,NA,NA,NA,NA,NA,NA,NA
"Zavier Scott","RB","CHI",NA,25,98,NA,0,NA,15,102,NA,NA,1,NA,41,NA,"19420","RTSports","17337",NA,NA,NA,NA,NA,NA,NA,NA,NA,NA,NA,NA,NA,NA
"Jaydon Blue","RB","PHI",NA,58,239,NA,1,NA,8,58,NA,NA,0,NA,43.7,NA,"19211","RTSports","17069",NA,NA,NA,NA,NA,NA,NA,NA,NA,NA,NA,NA,NA,NA
"Kendre Miller","RB","NO",NA,62,249,NA,1,NA,6,39,NA,NA,0,NA,40.8,NA,"18288","RTSports","16171",NA,NA,NA,NA,NA,NA,NA,NA,NA,NA,NA,NA,NA,NA
"Tyler Badie","RB","DEN",NA,17,85,NA,0,NA,17,122,NA,NA,0,NA,37.7,NA,"17879","RTSports","15718",NA,NA,NA,NA,NA,NA,NA,NA,NA,NA,NA,NA,NA,NA
"Will Shipley","RB","PHI",NA,23,89,NA,1,NA,11,71,NA,NA,0,NA,33,NA,"18604","RTSports","16601",NA,NA,NA,NA,NA,NA,NA,NA,NA,NA,NA,NA,NA,NA
"Jahmyr Gibbs","RB","DET",NA,281.4,1415.5,NA,14.1,NA,71.7,583.8,NA,NA,4.1,1.1,342.8,NA,"22968","FantasyPros","16162",NA,NA,NA,NA,NA,NA,NA,NA,NA,NA,NA,NA,NA,NA
"Bijan Robinson","RB","ATL",NA,285.8,1391.5,NA,8.8,NA,76.9,705.2,NA,NA,3.5,1.8,318.2,NA,"23133","FantasyPros","16161",NA,NA,NA,NA,NA,NA,NA,NA,NA,NA,NA,NA,NA,NA
"Christian McCaffrey","RB","SF",NA,269.7,1093.6,NA,8.7,NA,78.6,693,NA,NA,4.6,1.1,295.5,NA,"16393","FantasyPros","13130",NA,NA,NA,NA,NA,NA,NA,NA,NA,NA,NA,NA,NA,NA
"Jonathan Taylor","RB","IND",NA,327.9,1506.8,NA,12.9,NA,43.8,348,NA,NA,1.5,1.7,290,NA,"19217","FantasyPros","14802",NA,NA,NA,NA,NA,NA,NA,NA,NA,NA,NA,NA,NA,NA
"Derrick Henry","RB","BAL",NA,316,1577.6,NA,13.4,NA,18.1,175,NA,NA,0.7,1.7,265.9,NA,"15514","FantasyPros","12626",NA,NA,NA,NA,NA,NA,NA,NA,NA,NA,NA,NA,NA,NA
"De'Von Achane","RB","MIA",NA,238.4,1200.5,NA,6,NA,65.5,491.8,NA,NA,4,1,260,NA,"23136","FantasyPros","16167",NA,NA,NA,NA,NA,NA,NA,NA,NA,NA,NA,NA,NA,NA
"James Cook III","RB","BUF",NA,287.8,1405.6,NA,10.3,NA,33.3,283.5,NA,NA,1.9,2.4,254.1,NA,"22958","FantasyPros","15715",NA,NA,NA,NA,NA,NA,NA,NA,NA,NA,NA,NA,NA,NA
"Chase Brown","RB","CIN",NA,238.7,1036.6,NA,7.8,NA,64.1,427.7,NA,NA,3.9,1.1,246.8,NA,"25324","FantasyPros","16181",NA,NA,NA,NA,NA,NA,NA,NA,NA,NA,NA,NA,NA,NA
"Saquon Barkley","RB","PHI",NA,295.8,1298,NA,8.2,NA,42.1,330.6,NA,NA,2.1,1,243.8,NA,"17240","FantasyPros","13604",NA,NA,NA,NA,NA,NA,NA,NA,NA,NA,NA,NA,NA,NA
"Kenneth Walker III","RB","KC",NA,267.2,1207.1,NA,8.7,NA,45.8,352.3,NA,NA,1.2,0.9,236.3,NA,"23021","FantasyPros","15711",NA,NA,NA,NA,NA,NA,NA,NA,NA,NA,NA,NA,NA,NA
