"player","pos","team","games","rec_tgt","rec","rec_yds","rec_yds_g","rec_avg","rec_tds","fumbles_lost","site_pts","site_fppg","src_id","data_src","id","rush_att","rush_yds","rush_tds","rec_rz_tgt","rec_09_tds","rec_1019_tds","rec_2029_tds","rec_3039_tds","rec_4049_tds","rec_50_tds","rush_50_yds","rush_100_yds","rec_150_yds","rec_200_yds","return_yds","scoring_opp","bye"
"Trey McBride","TE","ARI",17,153,115,1135,66.8,9.9,8,0,152,8.9,"2963385","CBS","15794",NA,NA,NA,NA,NA,NA,NA,NA,NA,NA,NA,NA,NA,NA,NA,NA,NA
"Colston Loveland","TE","CHI",17,126,84,1036,60.9,12.3,8,0,143,8.4,"28874696","CBS","17104",NA,NA,NA,NA,NA,NA,NA,NA,NA,NA,NA,NA,NA,NA,NA,NA,NA
"Brock Bowers","TE","LV",17,119,88,982,57.8,11.2,9,0,143,8.4,"26693971","CBS","16641",NA,NA,NA,NA,NA,NA,NA,NA,NA,NA,NA,NA,NA,NA,NA,NA,NA
"Harold Fannin Jr.","TE","CLE",17,129,87,877,51.6,10.1,9,1,138,8.1,"28900882","CBS","17103",NA,NA,NA,NA,NA,NA,NA,NA,NA,NA,NA,NA,NA,NA,NA,NA,NA
"Dallas Goedert","TE","PHI",17,92,68,720,42.4,10.6,11,0,136,8,"2132551","CBS","13674",NA,NA,NA,NA,NA,NA,NA,NA,NA,NA,NA,NA,NA,NA,NA,NA,NA
"George Kittle","TE","SF",17,95,77,906,53.3,11.8,8,0,131,7.7,"2818265","CBS","13299",NA,NA,NA,NA,NA,NA,NA,NA,NA,NA,NA,NA,NA,NA,NA,NA,NA
"Tucker Kraft","TE","GB",17,75,55,782,46,14.2,10,0,130,7.6,"3133332","CBS","16222",NA,NA,NA,NA,NA,NA,NA,NA,NA,NA,NA,NA,NA,NA,NA,NA,NA
"Tyler Warren","TE","IND",17,109,74,904,53.2,12.2,6,0,125,7.4,"3168800","CBS","17102",NA,NA,NA,NA,NA,NA,NA,NA,NA,NA,NA,NA,NA,NA,NA,NA,NA
"Isaiah Likely","TE","NYG",17,99,72,895,52.6,12.4,7,2,119,7,"2961906","CBS","15798",NA,NA,NA,NA,NA,NA,NA,NA,NA,NA,NA,NA,NA,NA,NA,NA,NA
"Sam LaPorta","TE","DET",17,92,72,910,53.5,12.6,6,0,119,7,"3124197","CBS","16214",NA,NA,NA,NA,NA,NA,NA,NA,NA,NA,NA,NA,NA,NA,NA,NA,NA
"Mark Andrews","TE","BAL",17,84,60,593,34.9,9.9,10,0,117,6.9,"2131121","CBS","13671",NA,NA,NA,NA,NA,NA,NA,NA,NA,NA,NA,NA,NA,NA,NA,NA,NA
"Dalton Kincaid","TE","BUF",17,81,59,776,45.6,13.2,7,0,111,6.5,"2982991","CBS","16213",NA,NA,NA,NA,NA,NA,NA,NA,NA,NA,NA,NA,NA,NA,NA,NA,NA
"Kyle Pitts","TE","ATL",17,103,74,822,48.4,11.1,6,0,109,6.4,"2964514","CBS","15329",NA,NA,NA,NA,NA,NA,NA,NA,NA,NA,NA,NA,NA,NA,NA,NA,NA
"Travis Kelce","TE","KC",17,110,78,813,47.8,10.4,6,0,108,6.4,"1725130","CBS","11244",NA,NA,NA,NA,NA,NA,NA,NA,NA,NA,NA,NA,NA,NA,NA,NA,NA
"Brenton Strange","TE","JAC",17,95,70,814,47.9,11.6,5,0,102,6,"3121696","CBS","16269",NA,NA,NA,NA,NA,NA,NA,NA,NA,NA,NA,NA,NA,NA,NA,NA,NA
"Juwan Johnson","TE","NO",17,95,72,878,51.6,12.2,4,2,100,5.9,"2186637","CBS","14861",NA,NA,NA,NA,NA,NA,NA,NA,NA,NA,NA,NA,NA,NA,NA,NA,NA
"Hunter Henry","TE","NE",17,84,57,702,41.3,12.3,6,0,99,5.8,"2079848","CBS","12676",NA,NA,NA,NA,NA,NA,NA,NA,NA,NA,NA,NA,NA,NA,NA,NA,NA
"Jake Ferguson","TE","DAL",17,100,78,634,37.3,8.1,7,2,93,5.5,"2867159","CBS","15799",NA,NA,NA,NA,NA,NA,NA,NA,NA,NA,NA,NA,NA,NA,NA,NA,NA
"Cade Otton","TE","TB",17,94,67,706,41.5,10.5,4,0,87,5.1,"2815179","CBS","15802",NA,NA,NA,NA,NA,NA,NA,NA,NA,NA,NA,NA,NA,NA,NA,NA,NA
"AJ Barner","TE","SEA",17,60,46,470,27.6,10.2,7,0,86,5.1,"3169283","CBS","16723",NA,NA,NA,NA,NA,NA,NA,NA,NA,NA,NA,NA,NA,NA,NA,NA,NA
"Dalton Schultz","TE","HOU",17,95,71,691,40.6,9.7,4,0,85,5,"2136748","CBS","13772",NA,NA,NA,NA,NA,NA,NA,NA,NA,NA,NA,NA,NA,NA,NA,NA,NA
"Kenyon Sadiq","TE","NYJ",17,70,47,528,31.1,11.2,6,1,80,4.7,"29125433","CBS","17543",NA,NA,NA,NA,NA,NA,NA,NA,NA,NA,NA,NA,NA,NA,NA,NA,NA
"Greg Dulcich","TE","MIA",17,78,59,675,39.7,11.4,4,2,78,4.6,"2964274","CBS","15797",NA,NA,NA,NA,NA,NA,NA,NA,NA,NA,NA,NA,NA,NA,NA,NA,NA
"Terrance Ferguson","TE","LAR",17,58,29,529,31.1,18.2,5,0,76,4.5,"26701481","CBS","17107",NA,NA,NA,NA,NA,NA,NA,NA,NA,NA,NA,NA,NA,NA,NA,NA,NA
"Pat Freiermuth","TE","PIT",17,60,46,510,30,11.1,5,0,74,4.4,"2961270","CBS","15331",NA,NA,NA,NA,NA,NA,NA,NA,NA,NA,NA,NA,NA,NA,NA,NA,NA
"Darren Waller","TE","CAR",17,65,46,469,27.6,10.2,6,0,74,4.4,"1850793","CBS","12263",NA,NA,NA,NA,NA,NA,NA,NA,NA,NA,NA,NA,NA,NA,NA,NA,NA
"Chigoziem Okonkwo","TE","WAS",17,73,53,628,36.9,11.9,3,0,71,4.2,"2965208","CBS","15889",NA,NA,NA,NA,NA,NA,NA,NA,NA,NA,NA,NA,NA,NA,NA,NA,NA
"Colby Parkinson","TE","LAR",17,58,41,434,25.5,10.6,6,1,69,4.1,"2867522","CBS","14871",NA,NA,NA,NA,NA,NA,NA,NA,NA,NA,NA,NA,NA,NA,NA,NA,NA
"David Njoku","TE","LAC",17,62,42,403,23.7,9.6,6,0,68,4,"2136474","CBS","13192",NA,NA,NA,NA,NA,NA,NA,NA,NA,NA,NA,NA,NA,NA,NA,NA,NA
"T.J. Hockenson","TE","MIN",17,73,55,518,30.5,9.4,4,0,68,4,"2251097","CBS","14138",NA,NA,NA,NA,NA,NA,NA,NA,NA,NA,NA,NA,NA,NA,NA,NA,NA
"Tyler Higbee","TE","LAR",17,58,40,499,29.4,12.5,4,0,65,3.8,"1853103","CBS","12678",NA,NA,NA,NA,NA,NA,NA,NA,NA,NA,NA,NA,NA,NA,NA,NA,NA
"Mike Gesicki","TE","CIN",17,69,49,541,31.8,11,3,0,64,3.8,"2139298","CBS","13672",NA,NA,NA,NA,NA,NA,NA,NA,NA,NA,NA,NA,NA,NA,NA,NA,NA
"Mason Taylor","TE","NYJ",17,83,56,461,27.1,8.2,4,0,62,3.6,"28878064","CBS","17106",NA,NA,NA,NA,NA,NA,NA,NA,NA,NA,NA,NA,NA,NA,NA,NA,NA
"Oronde Gadsden II","TE","LAC",17,53,38,534,31.4,14.1,3,1,62,3.6,"26727374","CBS","17099",NA,NA,NA,NA,NA,NA,NA,NA,NA,NA,NA,NA,NA,NA,NA,NA,NA
"Theo Johnson","TE","NYG",17,56,35,389,22.9,11.1,5,0,60,3.5,"3162129","CBS","16649",NA,NA,NA,NA,NA,NA,NA,NA,NA,NA,NA,NA,NA,NA,NA,NA,NA
"Evan Engram","TE","DEN",17,84,56,479,28.2,8.6,3,0,57,3.4,"2079887","CBS","13189",NA,NA,NA,NA,NA,NA,NA,NA,NA,NA,NA,NA,NA,NA,NA,NA,NA
"Dawson Knox","TE","BUF",17,48,35,400,23.5,11.4,3,0,50,2.9,"2186345","CBS","14143",NA,NA,NA,NA,NA,NA,NA,NA,NA,NA,NA,NA,NA,NA,NA,NA,NA
"Charlie Kolar","TE","LAC",17,36,25,332,19.5,13.3,4,0,48,2.8,"2866273","CBS","15795",NA,NA,NA,NA,NA,NA,NA,NA,NA,NA,NA,NA,NA,NA,NA,NA,NA
"Gunnar Helm","TE","TEN",17,55,44,377,22.2,8.6,3,0,48,2.8,"26696189","CBS","17105",NA,NA,NA,NA,NA,NA,NA,NA,NA,NA,NA,NA,NA,NA,NA,NA,NA
"Brock Wright","TE","DET",17,51,34,303,17.8,8.9,4,0,45,2.6,"2807423","CBS","15626",NA,NA,NA,NA,NA,NA,NA,NA,NA,NA,NA,NA,NA,NA,NA,NA,NA
"Jonnu Smith","TE","GB",17,38,28,253,14.9,9,3,0,43,2.5,"2081506","CBS","13193",NA,NA,NA,NA,NA,NA,NA,NA,NA,NA,NA,NA,NA,NA,NA,NA,NA
"Daniel Bellinger","TE","TEN",17,35,26,332,19.5,12.8,3,0,42,2.5,"2963615","CBS","15873",NA,NA,NA,NA,NA,NA,NA,NA,NA,NA,NA,NA,NA,NA,NA,NA,NA
"Noah Fant","TE","NO",17,55,44,427,25.1,9.7,2,3,41,2.4,"2251095","CBS","14137",NA,NA,NA,NA,NA,NA,NA,NA,NA,NA,NA,NA,NA,NA,NA,NA,NA
"Darnell Washington","TE","PIT",17,49,35,383,22.5,10.9,2,1,40,2.4,"3163963","CBS","16216",NA,NA,NA,NA,NA,NA,NA,NA,NA,NA,NA,NA,NA,NA,NA,NA,NA
"Josh Oliver","TE","MIN",17,28,22,244,14.4,11.1,4,0,40,2.4,"2184618","CBS","14209",NA,NA,NA,NA,NA,NA,NA,NA,NA,NA,NA,NA,NA,NA,NA,NA,NA
"Will Kacmarek","TE","MIA",17,52,35,328,19.3,9.4,3,1,40,2.4,"26717403","CBS","17605",NA,NA,NA,NA,NA,NA,NA,NA,NA,NA,NA,NA,NA,NA,NA,NA,NA
"Michael Mayer","TE","LV",17,58,40,346,20.4,8.7,2,0,39,2.3,"3171673","CBS","16212",NA,NA,NA,NA,NA,NA,NA,NA,NA,NA,NA,NA,NA,NA,NA,NA,NA
"Marlin Klein","TE","HOU",17,51,35,353,20.8,10.1,2,1,37,2.2,"28927889","CBS","17593",NA,NA,NA,NA,NA,NA,NA,NA,NA,NA,NA,NA,NA,NA,NA,NA,NA
"Eli Stowers","TE","PHI",17,45,31,323,19,10.4,2,1,34,2,"26696120","CBS","17544",NA,NA,NA,NA,NA,NA,NA,NA,NA,NA,NA,NA,NA,NA,NA,NA,NA
"Davis Allen","TE","LAR",17,38,26,240,14.1,9.2,3,0,34,2,"3123267","CBS","16219",NA,NA,NA,NA,NA,NA,NA,NA,NA,NA,NA,NA,NA,NA,NA,NA,NA
"Erick All","TE","CIN",17,43,36,302,17.8,8.4,2,0,33,1.9,"3121555","CBS","16645",NA,NA,NA,NA,NA,NA,NA,NA,NA,NA,NA,NA,NA,NA,NA,NA,NA
"Adam Trautman","TE","DEN",17,36,27,282,16.6,10.4,2,0,31,1.8,"2182228","CBS","14870",NA,NA,NA,NA,NA,NA,NA,NA,NA,NA,NA,NA,NA,NA,NA,NA,NA
"Cole Kmet","TE","CHI",17,32,22,229,13.5,10.4,2,0,27,1.6,"2868619","CBS","14867",NA,NA,NA,NA,NA,NA,NA,NA,NA,NA,NA,NA,NA,NA,NA,NA,NA
"Nate Boerkircher","TE","JAC",17,32,22,240,14.1,10.9,2,1,26,1.5,"3162867","CBS","17591",NA,NA,NA,NA,NA,NA,NA,NA,NA,NA,NA,NA,NA,NA,NA,NA,NA
"Eli Raridon","TE","NE",17,32,22,241,14.2,11,2,1,26,1.5,"28924611","CBS","17607",NA,NA,NA,NA,NA,NA,NA,NA,NA,NA,NA,NA,NA,NA,NA,NA,NA
"Jeremy Ruckert","TE","NYJ",17,36,27,196,11.5,7.3,2,0,24,1.4,"2965446","CBS","15796",NA,NA,NA,NA,NA,NA,NA,NA,NA,NA,NA,NA,NA,NA,NA,NA,NA
"Tommy Tremble","TE","CAR",17,30,23,202,11.9,8.8,2,0,24,1.4,"2969027","CBS","15332",NA,NA,NA,NA,NA,NA,NA,NA,NA,NA,NA,NA,NA,NA,NA,NA,NA
"Connor Heyward","FB","LV",17,19,14,102,6,7.3,2,0,23,1.4,"2867599","CBS","15800",NA,NA,NA,NA,NA,NA,NA,NA,NA,NA,NA,NA,NA,NA,NA,NA,NA
"Austin Hooper","TE","ATL",17,31,23,250,14.7,10.9,1,0,22,1.3,"2067004","CBS","12677",NA,NA,NA,NA,NA,NA,NA,NA,NA,NA,NA,NA,NA,NA,NA,NA,NA
"John Bates","TE","WAS",17,31,20,203,11.9,10.2,2,1,22,1.3,"2257291","CBS","15344",NA,NA,NA,NA,NA,NA,NA,NA,NA,NA,NA,NA,NA,NA,NA,NA,NA
"Nate Adkins","TE","DEN",17,23,16,108,6.4,6.8,3,0,22,1.3,"2977285","CBS","16474",NA,NA,NA,NA,NA,NA,NA,NA,NA,NA,NA,NA,NA,NA,NA,NA,NA
"Elijah Higgins","TE","ARI",17,28,23,221,13,9.6,1,1,19,1.1,"3122914","CBS","16333",NA,NA,NA,NA,NA,NA,NA,NA,NA,NA,NA,NA,NA,NA,NA,NA,NA
"Charlie Woerner","TE","ATL",17,29,23,196,11.5,8.5,1,0,18,1.1,"2248629","CBS","14984",NA,NA,NA,NA,NA,NA,NA,NA,NA,NA,NA,NA,NA,NA,NA,NA,NA
"Mitchell Evans","TE","CAR",17,22,16,143,8.4,8.9,2,0,18,1.1,"26693662","CBS","17109",NA,NA,NA,NA,NA,NA,NA,NA,NA,NA,NA,NA,NA,NA,NA,NA,NA
"Ja'Tavion Sanders","TE","CAR",17,31,25,192,11.3,7.7,1,0,18,1.1,"26731381","CBS","16643",NA,NA,NA,NA,NA,NA,NA,NA,NA,NA,NA,NA,NA,NA,NA,NA,NA
"Jackson Hawes","TE","BUF",17,12,10,120,7.1,12,2,0,17,1,"3135324","CBS","17213",NA,NA,NA,NA,NA,NA,NA,NA,NA,NA,NA,NA,NA,NA,NA,NA,NA
"Ben Sinnott","TE","WAS",17,13,11,122,7.2,11.1,2,0,17,1,"3168647","CBS","16644",NA,NA,NA,NA,NA,NA,NA,NA,NA,NA,NA,NA,NA,NA,NA,NA,NA
"Foster Moreau","TE","HOU",17,15,11,132,7.8,12,2,0,17,1,"2180634","CBS","14239",NA,NA,NA,NA,NA,NA,NA,NA,NA,NA,NA,NA,NA,NA,NA,NA,NA
"Grant Calcaterra","TE","PHI",13,23,17,175,13.5,10.3,1,0,15,1.2,"2804129","CBS","15804",NA,NA,NA,NA,NA,NA,NA,NA,NA,NA,NA,NA,NA,NA,NA,NA,NA
"Luke Musgrave","TE","GB",12,24,18,178,14.8,9.9,1,0,14,1.2,"3129283","CBS","16215",NA,NA,NA,NA,NA,NA,NA,NA,NA,NA,NA,NA,NA,NA,NA,NA,NA
"Noah Gray","TE","KC",17,23,15,138,8.1,9.2,1,0,12,0.7,"2866903","CBS","15337",NA,NA,NA,NA,NA,NA,NA,NA,NA,NA,NA,NA,NA,NA,NA,NA,NA
"Cade Stover","TE","HOU",17,21,15,123,7.2,8.2,1,0,12,0.7,"3125978","CBS","16642",NA,NA,NA,NA,NA,NA,NA,NA,NA,NA,NA,NA,NA,NA,NA,NA,NA
"Luke Schoonmaker","TE","DAL",17,23,15,133,7.8,8.9,1,0,11,0.6,"2968473","CBS","16221",NA,NA,NA,NA,NA,NA,NA,NA,NA,NA,NA,NA,NA,NA,NA,NA,NA
"Jack Endries","TE","CIN",17,16,13,123,7.2,9.5,1,0,11,0.6,"28916552","CBS","17545",NA,NA,NA,NA,NA,NA,NA,NA,NA,NA,NA,NA,NA,NA,NA,NA,NA
"Max Klare","TE","LAR",17,15,11,127,7.5,11.6,1,0,11,0.6,"28921209","CBS","17547",NA,NA,NA,NA,NA,NA,NA,NA,NA,NA,NA,NA,NA,NA,NA,NA,NA
"Bauer Sharp","TE","TB",17,14,11,113,6.6,10.3,1,0,10,0.6,"26730919","CBS","17660",NA,NA,NA,NA,NA,NA,NA,NA,NA,NA,NA,NA,NA,NA,NA,NA,NA
"Brevyn Spann-Ford","TE","DAL",17,16,11,106,6.2,9.6,1,0,10,0.6,"2961760","CBS","16647",NA,NA,NA,NA,NA,NA,NA,NA,NA,NA,NA,NA,NA,NA,NA,NA,NA
"Payne Durham","TE","TB",17,15,8,91,5.4,11.4,1,0,10,0.6,"2968469","CBS","16218",NA,NA,NA,NA,NA,NA,NA,NA,NA,NA,NA,NA,NA,NA,NA,NA,NA
"Thomas Fidone II","TE","NYG",17,13,10,101,5.9,10.1,1,0,10,0.6,"26699695","CBS","17243",NA,NA,NA,NA,NA,NA,NA,NA,NA,NA,NA,NA,NA,NA,NA,NA,NA
"Seydou Traore","TE","MIA",17,12,9,88,5.2,9.8,1,0,10,0.6,"26696643","CBS","17655",NA,NA,NA,NA,NA,NA,NA,NA,NA,NA,NA,NA,NA,NA,NA,NA,NA
"Hunter Long","TE","ARI",17,16,12,88,5.2,7.3,1,0,10,0.6,"2867428","CBS","15334",NA,NA,NA,NA,NA,NA,NA,NA,NA,NA,NA,NA,NA,NA,NA,NA,NA
"Sam Roush","TE","CHI",17,13,10,111,6.5,11.1,1,0,10,0.6,"28877184","CBS","17549",NA,NA,NA,NA,NA,NA,NA,NA,NA,NA,NA,NA,NA,NA,NA,NA,NA
"Jared Wiley","TE","KC",17,14,11,96,5.6,8.7,1,0,10,0.6,"3123819","CBS","16648",NA,NA,NA,NA,NA,NA,NA,NA,NA,NA,NA,NA,NA,NA,NA,NA,NA
"Elijah Arroyo","TE","SEA",17,18,10,115,6.8,11.5,1,0,10,0.6,"26700496","CBS","17108",NA,NA,NA,NA,NA,NA,NA,NA,NA,NA,NA,NA,NA,NA,NA,NA,NA
"Justin Joly","TE","MIA",17,12,9,88,5.2,9.8,1,0,10,0.6,"28927892","CBS","17548",NA,NA,NA,NA,NA,NA,NA,NA,NA,NA,NA,NA,NA,NA,NA,NA,NA
"Drew Sample","TE","CIN",17,16,13,100,5.9,7.7,1,0,10,0.6,"2139646","CBS","14146",NA,NA,NA,NA,NA,NA,NA,NA,NA,NA,NA,NA,NA,NA,NA,NA,NA
"Ian Thomas","TE","LV",17,10,10,87,5.1,8.7,1,0,10,0.6,"2253359","CBS","13678",NA,NA,NA,NA,NA,NA,NA,NA,NA,NA,NA,NA,NA,NA,NA,NA,NA
"Josh Whyle","TE","GB",17,12,10,86,5.1,8.6,1,0,10,0.6,"2962513","CBS","16312",NA,NA,NA,NA,NA,NA,NA,NA,NA,NA,NA,NA,NA,NA,NA,NA,NA
"Oscar Delp","TE","NO",17,15,11,115,6.8,10.5,1,0,10,0.6,"28873644","CBS","17567",NA,NA,NA,NA,NA,NA,NA,NA,NA,NA,NA,NA,NA,NA,NA,NA,NA
"Jake Tonges","TE","SF",17,16,12,102,6,8.5,1,0,10,0.6,"2870660","CBS","16036",NA,NA,NA,NA,NA,NA,NA,NA,NA,NA,NA,NA,NA,NA,NA,NA,NA
"Tanner Koziol","TE","JAC",17,13,10,111,6.5,11.1,1,0,10,0.6,"28874303","CBS","17644",NA,NA,NA,NA,NA,NA,NA,NA,NA,NA,NA,NA,NA,NA,NA,NA,NA
"Josh Cuevas","TE","BAL",17,11,8,97,5.7,12.1,1,0,10,0.6,"26706410","CBS","17651",NA,NA,NA,NA,NA,NA,NA,NA,NA,NA,NA,NA,NA,NA,NA,NA,NA
"Dallen Bentley","TE","DEN",17,15,12,104,6.1,8.7,1,0,10,0.6,"29164633","CBS","17699",NA,NA,NA,NA,NA,NA,NA,NA,NA,NA,NA,NA,NA,NA,NA,NA,NA
"Chris Manhertz","TE","NYG",17,12,9,85,5,9.4,1,0,10,0.6,"2167520","CBS","12955",NA,NA,NA,NA,NA,NA,NA,NA,NA,NA,NA,NA,NA,NA,NA,NA,NA
"Matthew Hibner","TE","BAL",17,11,8,97,5.7,12.1,1,0,10,0.6,"3169490","CBS","17627",NA,NA,NA,NA,NA,NA,NA,NA,NA,NA,NA,NA,NA,NA,NA,NA,NA
"Durham Smythe","TE","BAL",17,13,8,79,4.6,9.9,1,0,9,0.5,"2082845","CBS","13676",NA,NA,NA,NA,NA,NA,NA,NA,NA,NA,NA,NA,NA,NA,NA,NA,NA
"Andrew Ogletree","TE","IND",17,13,8,75,4.4,9.4,1,0,9,0.5,"26725942","CBS","15916",NA,NA,NA,NA,NA,NA,NA,NA,NA,NA,NA,NA,NA,NA,NA,NA,NA
"Ko Kieft","TE","TB",17,10,8,81,4.8,10.1,1,0,9,0.5,"2239763","CBS","15929",NA,NA,NA,NA,NA,NA,NA,NA,NA,NA,NA,NA,NA,NA,NA,NA,NA
"Kylen Granson","TE","TEN",17,17,10,83,4.9,8.3,1,0,9,0.5,"2247146","CBS","15419",NA,NA,NA,NA,NA,NA,NA,NA,NA,NA,NA,NA,NA,NA,NA,NA,NA
"Will Mallory","TE","IND",13,10,8,97,7.5,12.1,1,0,8,0.6,"2962073","CBS","16220",NA,NA,NA,NA,NA,NA,NA,NA,NA,NA,NA,NA,NA,NA,NA,NA,NA
"Trey McBride","TE","ARI",NA,149,108,1023,NA,NA,5,NA,NA,NA,"4361307","ESPN","15794",NA,NA,NA,NA,NA,NA,NA,NA,NA,NA,NA,NA,NA,NA,NA,NA,NA
"Brock Bowers","TE","LV",NA,136,99,999,NA,NA,7,NA,NA,NA,"4432665","ESPN","16641",4,15,0,NA,NA,NA,NA,NA,NA,NA,NA,NA,NA,NA,NA,NA,NA
"Colston Loveland","TE","CHI",NA,119,81,901,NA,NA,6,NA,NA,NA,"4723086","ESPN","17104",NA,NA,NA,NA,NA,NA,NA,NA,NA,NA,NA,NA,NA,NA,NA,NA,NA
"Tyler Warren","TE","IND",NA,116,85,893,NA,NA,6,NA,NA,NA,"4431459","ESPN","17102",6,14,0,NA,NA,NA,NA,NA,NA,NA,NA,NA,NA,NA,NA,NA,NA
"Harold Fannin Jr.","TE","CLE",NA,120,84,825,NA,NA,3,NA,NA,NA,"5083076","ESPN","17103",9,21,0,NA,NA,NA,NA,NA,NA,NA,NA,NA,NA,NA,NA,NA,NA
"Kyle Pitts Sr.","TE","ATL",NA,115,80,858,NA,NA,3,NA,NA,NA,"4360248","ESPN","15329",NA,NA,NA,NA,NA,NA,NA,NA,NA,NA,NA,NA,NA,NA,NA,NA,NA
"George Kittle","TE","SF",NA,97,77,828,NA,NA,6,NA,NA,NA,"3040151","ESPN","13299",NA,NA,NA,NA,NA,NA,NA,NA,NA,NA,NA,NA,NA,NA,NA,NA,NA
"Sam LaPorta","TE","DET",NA,102,78,787,NA,NA,5,NA,NA,NA,"4430027","ESPN","16214",NA,NA,NA,NA,NA,NA,NA,NA,NA,NA,NA,NA,NA,NA,NA,NA,NA
"Tucker Kraft","TE","GB",NA,95,68,777,NA,NA,4,NA,NA,NA,"4572680","ESPN","16222",2,8,0,NA,NA,NA,NA,NA,NA,NA,NA,NA,NA,NA,NA,NA,NA
"Travis Kelce","TE","KCC",NA,103,74,770,NA,NA,4,NA,NA,NA,"15847","ESPN","11244",NA,NA,NA,NA,NA,NA,NA,NA,NA,NA,NA,NA,NA,NA,NA,NA,NA
"Dallas Goedert","TE","PHI",NA,93,71,725,NA,NA,6,NA,NA,NA,"3121023","ESPN","13674",NA,NA,NA,NA,NA,NA,NA,NA,NA,NA,NA,NA,NA,NA,NA,NA,NA
"Jake Ferguson","TE","DAL",NA,96,73,598,NA,NA,6,NA,NA,NA,"4242355","ESPN","15799",NA,NA,NA,NA,NA,NA,NA,NA,NA,NA,NA,NA,NA,NA,NA,NA,NA
"Isaiah Likely","TE","NYG",NA,86,63,682,NA,NA,4,NA,NA,NA,"4361050","ESPN","15798",NA,NA,NA,NA,NA,NA,NA,NA,NA,NA,NA,NA,NA,NA,NA,NA,NA
"Mark Andrews","TE","BAL",NA,84,58,617,NA,NA,7,NA,NA,NA,"3116365","ESPN","13671",10,35,1,NA,NA,NA,NA,NA,NA,NA,NA,NA,NA,NA,NA,NA,NA
"Dalton Kincaid","TE","BUF",NA,82,59,698,NA,NA,4,NA,NA,NA,"4385690","ESPN","16213",NA,NA,NA,NA,NA,NA,NA,NA,NA,NA,NA,NA,NA,NA,NA,NA,NA
"Juwan Johnson","TE","NO",NA,89,65,661,NA,NA,3,NA,NA,NA,"3929645","ESPN","14861",NA,NA,NA,NA,NA,NA,NA,NA,NA,NA,NA,NA,NA,NA,NA,NA,NA
"Hunter Henry","TE","NE",NA,78,56,629,NA,NA,5,NA,NA,NA,"3046439","ESPN","12676",NA,NA,NA,NA,NA,NA,NA,NA,NA,NA,NA,NA,NA,NA,NA,NA,NA
"T.J. Hockenson","TE","MIN",NA,99,78,640,NA,NA,3,NA,NA,NA,"4036133","ESPN","14138",NA,NA,NA,NA,NA,NA,NA,NA,NA,NA,NA,NA,NA,NA,NA,NA,NA
"Terrance Ferguson","TE","LAR",NA,73,46,579,NA,NA,5,NA,NA,NA,"4570037","ESPN","17107",NA,NA,NA,NA,NA,NA,NA,NA,NA,NA,NA,NA,NA,NA,NA,NA,NA
"Kenyon Sadiq","TE","NYJ",NA,81,60,622,NA,NA,4,NA,NA,NA,"5083315","ESPN","17543",NA,NA,NA,NA,NA,NA,NA,NA,NA,NA,NA,NA,NA,NA,NA,NA,NA
"Brenton Strange","TE","JAC",NA,85,59,599,NA,NA,4,NA,NA,NA,"4430539","ESPN","16269",NA,NA,NA,NA,NA,NA,NA,NA,NA,NA,NA,NA,NA,NA,NA,NA,NA
"Pat Freiermuth","TE","PIT",NA,85,60,603,NA,NA,3,NA,NA,NA,"4361411","ESPN","15331",NA,NA,NA,NA,NA,NA,NA,NA,NA,NA,NA,NA,NA,NA,NA,NA,NA
"Dalton Schultz","TE","HOU",NA,82,60,549,NA,NA,3,NA,NA,NA,"3117256","ESPN","13772",NA,NA,NA,NA,NA,NA,NA,NA,NA,NA,NA,NA,NA,NA,NA,NA,NA
"Gunnar Helm","TE","TEN",NA,77,58,499,NA,NA,3,NA,NA,NA,"4686728","ESPN","17105",NA,NA,NA,NA,NA,NA,NA,NA,NA,NA,NA,NA,NA,NA,NA,NA,NA
"Chig Okonkwo","TE","WAS",NA,72,51,559,NA,NA,2,NA,NA,NA,"4360635","ESPN","15889",NA,NA,NA,NA,NA,NA,NA,NA,NA,NA,NA,NA,NA,NA,NA,NA,NA
"AJ Barner","TE","SEA",NA,60,45,433,NA,NA,4,NA,NA,NA,"4576297","ESPN","16723",9,18,0,NA,NA,NA,NA,NA,NA,NA,NA,NA,NA,NA,NA,NA,NA
"Greg Dulcich","TE","MIA",NA,75,52,581,NA,NA,2,NA,NA,NA,"4367209","ESPN","15797",NA,NA,NA,NA,NA,NA,NA,NA,NA,NA,NA,NA,NA,NA,NA,NA,NA
"Darren Waller","TE","CAR",NA,62,43,473,NA,NA,4,NA,NA,NA,"2576925","ESPN","12263",NA,NA,NA,NA,NA,NA,NA,NA,NA,NA,NA,NA,NA,NA,NA,NA,NA
"Cade Otton","TE","TB",NA,64,45,440,NA,NA,2,NA,NA,NA,"4243331","ESPN","15802",NA,NA,NA,NA,NA,NA,NA,NA,NA,NA,NA,NA,NA,NA,NA,NA,NA
"Evan Engram","TE","DEN",NA,68,47,464,NA,NA,2,NA,NA,NA,"3051876","ESPN","13189",NA,NA,NA,NA,NA,NA,NA,NA,NA,NA,NA,NA,NA,NA,NA,NA,NA
"David Njoku","TE","LAC",NA,58,40,417,NA,NA,4,NA,NA,NA,"3123076","ESPN","13192",NA,NA,NA,NA,NA,NA,NA,NA,NA,NA,NA,NA,NA,NA,NA,NA,NA
"Oronde Gadsden","TE","LAC",NA,42,30,322,NA,NA,3,NA,NA,NA,"4595342","ESPN","17099",NA,NA,NA,NA,NA,NA,NA,NA,NA,NA,NA,NA,NA,NA,NA,NA,NA
"Mike Gesicki","TE","CIN",NA,52,36,353,NA,NA,4,NA,NA,NA,"3116164","ESPN","13672",NA,NA,NA,NA,NA,NA,NA,NA,NA,NA,NA,NA,NA,NA,NA,NA,NA
"Michael Mayer","TE","LV",NA,54,37,364,NA,NA,1,NA,NA,NA,"4429086","ESPN","16212",NA,NA,NA,NA,NA,NA,NA,NA,NA,NA,NA,NA,NA,NA,NA,NA,NA
"Jake Tonges","TE","SF",NA,12,8,83,NA,NA,1,NA,NA,NA,"4259147","ESPN","16036",NA,NA,NA,NA,NA,NA,NA,NA,NA,NA,NA,NA,NA,NA,NA,NA,NA
"Colby Parkinson","TE","LAR",NA,39,28,291,NA,NA,3,NA,NA,NA,"4242557","ESPN","14871",NA,NA,NA,NA,NA,NA,NA,NA,NA,NA,NA,NA,NA,NA,NA,NA,NA
"Erick All Jr.","TE","CIN",NA,40,30,275,NA,NA,2,NA,NA,NA,"4427834","ESPN","16645",NA,NA,NA,NA,NA,NA,NA,NA,NA,NA,NA,NA,NA,NA,NA,NA,NA
"Darnell Washington","TE","PIT",NA,45,31,305,NA,NA,2,NA,NA,NA,"4430802","ESPN","16216",NA,NA,NA,NA,NA,NA,NA,NA,NA,NA,NA,NA,NA,NA,NA,NA,NA
"Dawson Knox","TE","BUF",NA,36,25,265,NA,NA,3,NA,NA,NA,"3930086","ESPN","14143",NA,NA,NA,NA,NA,NA,NA,NA,NA,NA,NA,NA,NA,NA,NA,NA,NA
"Elijah Arroyo","TE","SEA",NA,35,24,264,NA,NA,2,NA,NA,NA,"4678006","ESPN","17108",NA,NA,NA,NA,NA,NA,NA,NA,NA,NA,NA,NA,NA,NA,NA,NA,NA
"Mason Taylor","TE","NYJ",NA,45,33,285,NA,NA,1,NA,NA,NA,"4808766","ESPN","17106",NA,NA,NA,NA,NA,NA,NA,NA,NA,NA,NA,NA,NA,NA,NA,NA,NA
"Theo Johnson","TE","NYG",NA,38,25,269,NA,NA,2,NA,NA,NA,"4429148","ESPN","16649",NA,NA,NA,NA,NA,NA,NA,NA,NA,NA,NA,NA,NA,NA,NA,NA,NA
"Cole Kmet","TE","CHI",NA,31,22,220,NA,NA,2,NA,NA,NA,"4258595","ESPN","14867",NA,NA,NA,NA,NA,NA,NA,NA,NA,NA,NA,NA,NA,NA,NA,NA,NA
"Ja'Tavion Sanders","TE","CAR",NA,26,19,164,NA,NA,1,NA,NA,NA,"4431588","ESPN","16643",NA,NA,NA,NA,NA,NA,NA,NA,NA,NA,NA,NA,NA,NA,NA,NA,NA
"Noah Gray","TE","KCC",NA,38,26,262,NA,NA,1,NA,NA,NA,"4240472","ESPN","15337",NA,NA,NA,NA,NA,NA,NA,NA,NA,NA,NA,NA,NA,NA,NA,NA,NA
"Eli Stowers","TE","PHI",NA,15,11,107,NA,NA,1,NA,NA,NA,"4431574","ESPN","17544",5,20,0,NA,NA,NA,NA,NA,NA,NA,NA,NA,NA,NA,NA,NA,NA
"Tyler Higbee","TE","LAR",NA,22,15,154,NA,NA,1,NA,NA,NA,"2573401","ESPN","12678",NA,NA,NA,NA,NA,NA,NA,NA,NA,NA,NA,NA,NA,NA,NA,NA,NA
"Max Klare","TE","LAR",NA,6,4,38,NA,NA,0,NA,NA,NA,"4833029","ESPN","17547",NA,NA,NA,NA,NA,NA,NA,NA,NA,NA,NA,NA,NA,NA,NA,NA,NA
"Drew Sample","TE","CIN",NA,29,22,183,NA,NA,1,NA,NA,NA,"3127310","ESPN","14146",NA,NA,NA,NA,NA,NA,NA,NA,NA,NA,NA,NA,NA,NA,NA,NA,NA
"Eli Raridon","TE","NE",NA,26,19,189,NA,NA,1,NA,NA,NA,"4831959","ESPN","17607",NA,NA,NA,NA,NA,NA,NA,NA,NA,NA,NA,NA,NA,NA,NA,NA,NA
"Tommy Tremble","TE","CAR",NA,26,18,176,NA,NA,1,NA,NA,NA,"4372780","ESPN","15332",NA,NA,NA,NA,NA,NA,NA,NA,NA,NA,NA,NA,NA,NA,NA,NA,NA
"Austin Hooper","TE","ATL",NA,27,21,181,NA,NA,1,NA,NA,NA,"3043275","ESPN","12677",NA,NA,NA,NA,NA,NA,NA,NA,NA,NA,NA,NA,NA,NA,NA,NA,NA
"Elijah Higgins","TE","ARI",NA,29,21,182,NA,NA,1,NA,NA,NA,"4426844","ESPN","16333",NA,NA,NA,NA,NA,NA,NA,NA,NA,NA,NA,NA,NA,NA,NA,NA,NA
"Jonnu Smith","TE","GB",NA,24,17,157,NA,NA,1,NA,NA,NA,"3054212","ESPN","13193",2,10,0,NA,NA,NA,NA,NA,NA,NA,NA,NA,NA,NA,NA,NA,NA
"Will Kacmarek","TE","MIA",NA,25,18,175,NA,NA,1,NA,NA,NA,"4880236","ESPN","17605",NA,NA,NA,NA,NA,NA,NA,NA,NA,NA,NA,NA,NA,NA,NA,NA,NA
"Noah Fant","TE","NO",NA,24,19,160,NA,NA,1,NA,NA,NA,"4036131","ESPN","14137",NA,NA,NA,NA,NA,NA,NA,NA,NA,NA,NA,NA,NA,NA,NA,NA,NA
"Josh Oliver","TE","MIN",NA,22,17,151,NA,NA,1,NA,NA,NA,"3921690","ESPN","14209",NA,NA,NA,NA,NA,NA,NA,NA,NA,NA,NA,NA,NA,NA,NA,NA,NA
"Adam Trautman","TE","DEN",NA,23,16,151,NA,NA,1,NA,NA,NA,"3911853","ESPN","14870",NA,NA,NA,NA,NA,NA,NA,NA,NA,NA,NA,NA,NA,NA,NA,NA,NA
"Charlie Kolar","TE","LAC",NA,21,15,149,NA,NA,1,NA,NA,NA,"4241263","ESPN","15795",NA,NA,NA,NA,NA,NA,NA,NA,NA,NA,NA,NA,NA,NA,NA,NA,NA
"Cade Stover","TE","HOU",NA,22,16,133,NA,NA,1,NA,NA,NA,"4426496","ESPN","16642",4,10,0,NA,NA,NA,NA,NA,NA,NA,NA,NA,NA,NA,NA,NA,NA
"Trey McBride","TE","ARI",NA,NA,108.9,1068.9,NA,NA,6.8,0.2,201.5,NA,"22936","FantasyPros","15794",NA,NA,NA,NA,NA,NA,NA,NA,NA,NA,NA,NA,NA,NA,NA,NA,NA
"Brock Bowers","TE","LV",NA,NA,96.6,1023,NA,NA,7.5,0.2,195.4,NA,"22955","FantasyPros","16641",NA,NA,NA,NA,NA,NA,NA,NA,NA,NA,NA,NA,NA,NA,NA,NA,NA
"Colston Loveland","TE","CHI",NA,NA,79.3,928.3,NA,NA,6.7,0.2,172.1,NA,"26006","FantasyPros","17104",NA,NA,NA,NA,NA,NA,NA,NA,NA,NA,NA,NA,NA,NA,NA,NA,NA
"Tyler Warren","TE","IND",NA,NA,78.9,877.8,NA,NA,5.5,0.3,159.7,NA,"26434","FantasyPros","17102",NA,NA,NA,NA,NA,NA,NA,NA,NA,NA,NA,NA,NA,NA,NA,NA,NA
"Harold Fannin Jr.","TE","CLE",NA,NA,82.6,834.3,NA,NA,5.7,0.8,157.5,NA,"27050","FantasyPros","17103",NA,NA,NA,NA,NA,NA,NA,NA,NA,NA,NA,NA,NA,NA,NA,NA,NA
"George Kittle","TE","SF",NA,NA,70.2,796.2,NA,NA,6.2,0.2,151.7,NA,"16499","FantasyPros","13299",NA,NA,NA,NA,NA,NA,NA,NA,NA,NA,NA,NA,NA,NA,NA,NA,NA
"Sam LaPorta","TE","DET",NA,NA,70.5,814,NA,NA,5.5,0.2,149,NA,"22978","FantasyPros","16214",NA,NA,NA,NA,NA,NA,NA,NA,NA,NA,NA,NA,NA,NA,NA,NA,NA
"Kyle Pitts Sr.","TE","ATL",NA,NA,76.8,844.9,NA,NA,4.4,0.1,149,NA,"20164","FantasyPros","15329",NA,NA,NA,NA,NA,NA,NA,NA,NA,NA,NA,NA,NA,NA,NA,NA,NA
"Dallas Goedert","TE","PHI",NA,NA,65.5,690.1,NA,NA,7.6,0.2,146.8,NA,"17270","FantasyPros","13674",NA,NA,NA,NA,NA,NA,NA,NA,NA,NA,NA,NA,NA,NA,NA,NA,NA
"Travis Kelce","TE","KC",NA,NA,74.9,784.8,NA,NA,4.8,0.3,144.4,NA,"11594","FantasyPros","11244",NA,NA,NA,NA,NA,NA,NA,NA,NA,NA,NA,NA,NA,NA,NA,NA,NA
"Bowers, Brock","TE","LVR",NA,147.5,102,1078,NA,NA,7.3,0,153,NA,NA,"FantasySharks","16641",NA,6,0,22.1,3.4,1.4,1.3,0.5,0,0.5,13.1,2.2,0.7,0.3,0,17.1,NA
"McBride, Trey","TE","ARI",NA,140,101.6,1019,NA,NA,6.1,0,140.5,NA,NA,"FantasySharks","15794",NA,1,0.4,26.1,2,3.7,0.4,0,0,0,11,2.4,0.7,0.3,0,17.2,NA
"Kittle, George","TE","SFO",NA,81.8,62.4,768,NA,NA,6.5,0.6,114.5,NA,NA,"FantasySharks","13299",NA,-1.4,0,14.5,3.6,2.2,0.1,0.5,0,0,9.5,1.5,0.5,0.2,0,12.6,NA
"Goedert, Dallas","TE","PHI",NA,75.9,53.1,540,NA,NA,8.9,0,113.1,NA,NA,"FantasySharks","13674",NA,7,0.9,15.2,5.3,2.7,0.4,0.4,0,0,2.2,1.1,0.4,0.1,0,13.9,NA
"Loveland, Colston","TE","CHI",NA,103.8,65.1,818,NA,NA,4.8,0,112.9,NA,NA,"FantasySharks","17104",NA,-1.9,0,15.6,2.5,1,0,1.1,0,0.3,8.5,1.6,0.5,0.2,0,9,NA
"Pitts, Kyle","TE","ATL",NA,111.3,73.7,839,NA,NA,4.3,0,109.8,NA,NA,"FantasySharks","15329",NA,0,0,12.8,2.4,1,0,0.5,0.5,0,5.9,1.7,0.6,0.2,0,8.1,NA
"Kraft, Tucker","TE","GBP",NA,78.4,55.1,740,NA,NA,5.4,0,107.6,NA,NA,"FantasySharks","16222",NA,13,0,15,2.1,2.9,0.4,0,0,0,3,1.5,0.5,0.2,0,9.2,NA
"Parkinson, Colby","TE","LAR",NA,66.3,45.6,588,NA,NA,7.6,0,104.5,NA,NA,"FantasySharks","14871",NA,0,0,19.4,3.7,2.6,1.3,0,0,0,2.4,1.2,0.4,0.1,0,14.9,NA
"LaPorta, Sam","TE","DET",NA,80.3,59.2,672,NA,NA,6,0,103.3,NA,NA,"FantasySharks","16214",NA,0,0,15.9,3.5,0.6,1.1,0,0.4,0.5,2.7,1.3,0.4,0.2,0,11.2,NA
"Fannin, Harold","TE","CLE",NA,96.6,61.5,615,NA,NA,5.9,0.9,102.7,NA,NA,"FantasySharks","17103",NA,10,1.1,10,1.7,2.2,1.1,0.9,0,0,2.5,1.2,0.4,0.2,0,9.2,NA
"Andrews, Mark","TE","BAL",NA,76.7,51.9,540,NA,NA,7,0.4,102.5,NA,NA,"FantasySharks","13671",NA,35,0.6,16.4,3.9,2.4,0.7,0,0,0,2.2,1.1,0.4,0.1,0,13.6,NA
"Warren, Tyler","TE","IND",NA,113,72.3,747,NA,NA,3.8,0,102,NA,NA,"FantasySharks","17102",NA,6,0.7,21.7,1.5,2.3,0,0,0,0,2.9,1.5,0.5,0.2,0,16.8,NA
"Kincaid, Dalton","TE","BUF",NA,78,54.7,651,NA,NA,5.5,0,98.1,NA,NA,"FantasySharks","16213",NA,0,0,13,0.8,3.4,1.3,0,0,0,2.6,1.3,0.4,0.2,0,11.8,NA
"Likely, Isaiah","TE","NYG",NA,87.7,58.4,733,NA,NA,4.2,0.9,97,NA,NA,"FantasySharks","15798",NA,0,0,16,1.9,0.5,1.3,0,0.5,0,2.9,1.5,0.5,0.2,0,12,NA
"Kelce, Travis","TE","KCC",NA,107.8,73.5,720,NA,NA,3.8,0.4,95.4,NA,NA,"FantasySharks","11244",NA,1,0,14.9,1.8,1,0.6,0.4,0,0,4.6,1.4,0.5,0.2,0,9.6,NA
"Henry, Hunter","TE","NEP",NA,88.8,57.4,667,NA,NA,4.3,0,92.3,NA,NA,"FantasySharks","12676",NA,0,0,18.4,1.7,0.9,1.3,0.4,0,0,2.7,1.3,0.4,0.2,0,15.5,NA
"Johnson, Juwan","TE","NOS",NA,93.3,67.8,777,NA,NA,2.3,1.2,88.9,NA,NA,"FantasySharks","14861",NA,0,0,6.8,0.4,1.5,0,0.3,0,0,5.5,1.6,0.5,0.2,0,3.6,NA
"Barner, AJ","TE","SEA",NA,64.5,47.1,467,NA,NA,5.8,0,85.3,NA,NA,"FantasySharks","16723",NA,9,0.5,13,1.8,3.1,0.8,0,0,0,1.9,0.9,0.3,0.1,0,11.4,NA
"Tonges, Jake","TE","SFO",NA,67.5,45.1,435,NA,NA,7.4,1.6,84.6,NA,NA,"FantasySharks","16036",NA,0,0,11.7,5.5,0.4,1.5,0,0,0,1.7,0.9,0.3,0.1,0,11.1,NA
"Okonkwo, Chigoziem","TE","WAS",NA,87.8,58.9,603,NA,NA,3.9,0,84.4,NA,NA,"FantasySharks","15889",NA,0,0,7.7,2.5,0,0.3,0,1,0,2.4,1.2,0.4,0.2,0,6.1,NA
"Ferguson, Jake","TE","DAL",NA,104.1,75.6,605,NA,NA,4.3,2,83.8,NA,NA,"FantasySharks","15799",NA,1,0,17.9,3.4,0.5,0.3,0,0,0,2.4,1.2,0.4,0.1,0,12.9,NA
"Dulcich, Greg","TE","MIA",NA,71.4,52.1,588,NA,NA,4.7,1.5,83,NA,NA,"FantasySharks","15797",NA,-10.1,0,15.9,2.4,2.3,0,0,0,0,2.4,1.2,0.4,0.1,0,14.4,NA
"Hockenson, T.J.","TE","MIN",NA,92.6,65.5,633,NA,NA,3.3,0,82.8,NA,NA,"FantasySharks","14138",NA,0,0,13.4,2.7,0,0.6,0,0,0,2.5,1.3,0.4,0.2,0,7.8,NA
"Strange, Brenton","TE","JAC",NA,85.1,57.4,625,NA,NA,3.3,0.2,82.4,NA,NA,"FantasySharks","16269",NA,0,0,14.9,2.2,0.2,0.9,0,0,0,2.5,1.3,0.4,0.2,0,7.2,NA
"Gadsden, Oronde","TE","LAC",NA,80.2,53.9,655,NA,NA,2.4,0.9,78.4,NA,NA,"FantasySharks","17099",NA,0,0,15.4,2.2,0.2,0,0,0,0,2.6,1.3,0.4,0.2,0,8.5,NA
"Njoku, David","TE","LAC",NA,63.8,45.5,468,NA,NA,4.6,0,74.4,NA,NA,"FantasySharks","13192",NA,0,0,9.5,3.3,1.3,0,0,0,0,1.5,0.8,0.3,0.1,0,4.6,NA
"Otton, Cade","TE","TBB",NA,79.8,54.6,559,NA,NA,2.7,0,72.2,NA,NA,"FantasySharks","15802",NA,0,0,9.3,1.5,1.2,0,0,0,0,2.2,1.1,0.4,0.1,0,6.6,NA
"Schultz, Dalton","TE","HOU",NA,79.5,56,574,NA,NA,2.2,0,70.5,NA,NA,"FantasySharks","13772",NA,0,0,8.5,1.4,0.4,0.4,0,0,0,2.3,1.1,0.4,0.1,0,5.5,NA
"Freiermuth, Pat","TE","PIT",NA,61.1,42.5,467,NA,NA,3.4,0.5,67.5,NA,NA,"FantasySharks","15331",NA,3,0.1,9.6,1.1,1.3,0.9,0,0,0.2,1.9,0.9,0.3,0.1,0,8.8,NA
"Johnson, Theo","TE","NYG",NA,60.6,36.2,485,NA,NA,3.1,0,67,NA,NA,"FantasySharks","16649",NA,0,0,8.6,1.4,0.4,0,0.5,0.8,0,1.9,1,0.3,0.1,0,6.7,NA
"Helm, Gunnar","TE","TEN",NA,62.8,46.9,438,NA,NA,3.4,0,64.6,NA,NA,"FantasySharks","17105",NA,1,0,9.6,1.4,0.2,0,1,0.7,0,1.8,0.9,0.3,0.1,0,6.6,NA
"Gesicki, Mike","TE","CIN",NA,60.6,43.9,462,NA,NA,3,0.7,63.1,NA,NA,"FantasySharks","13672",NA,0,0,8.6,0.4,2.2,0.3,0,0.2,0,1.8,0.9,0.3,0.1,0,6.7,NA
"Engram, Evan","TE","DEN",NA,83.1,53.2,467,NA,NA,1.1,0,53.7,NA,NA,"FantasySharks","13189",NA,5,0,10.6,0,1.1,0,0,0,0,1.9,0.9,0.3,0.1,0,4.6,NA
"Kmet, Cole","TE","CHI",NA,47.2,30.6,325,NA,NA,3,0,53.1,NA,NA,"FantasySharks","14867",NA,1,0,7.5,0.5,1.7,0.8,0,0,0,1.3,0.7,0.2,0.1,0,5.8,NA
"Taylor, Mason","TE","NYJ",NA,68.6,47.2,403,NA,NA,1.6,0,51,NA,NA,"FantasySharks","17106",NA,0,0,7.5,1.4,0.2,0,0,0,0,1.6,0.8,0.3,0.1,0,3.7,NA
"Tremble, Tommy","TE","CAR",NA,42.1,33.3,323,NA,NA,3,0,50.5,NA,NA,"FantasySharks","15332",NA,0,0,7.3,2.4,0.7,0,0,0,0,1.3,0.6,0.2,0.1,0,4.4,NA
"Knox, Dawson","TE","BUF",NA,41,28.7,368,NA,NA,2.1,0,50.4,NA,NA,"FantasySharks","14143",NA,0,0,9,0.5,1.5,0,0,0,0,1.5,0.7,0.2,0.1,0,7.3,NA
"Higbee, Tyler","TE","LAR",NA,42.5,29.5,355,NA,NA,1.6,0,45.1,NA,NA,"FantasySharks","12678",NA,0,0,10.3,1.5,0,0.1,0,0,0,1.4,0.7,0.2,0.1,0,4.5,NA
"Kolar, Charlie","TE","LAC",NA,35,23.4,297,NA,NA,2.1,0.3,41.6,NA,NA,"FantasySharks","15795",NA,0,0,6.6,1.5,0.6,0,0,0,0,1.2,0.6,0.2,0.1,0,4.5,NA
"Gray, Noah","TE","KCC",NA,54,33.4,301,NA,NA,2,0,41.6,NA,NA,"FantasySharks","15337",NA,-2.2,0,5.3,1.6,0.2,0,0.2,0,0,1.2,0.6,0.2,0.1,0,3.2,NA
"Mayer, Michael","TE","LVR",NA,50.5,35.1,323,NA,NA,1,0,38.1,NA,NA,"FantasySharks","16212",NA,0,0,6,1,0,0,0,0,0,1.3,0.6,0.2,0.1,0,2.9,NA
"Oliver, Josh","TE","MIN",NA,27.7,19.3,219,NA,NA,2.5,0,36.7,NA,NA,"FantasySharks","14209",NA,0,0,4.4,0.6,1.2,0,0.7,0,0,0.9,0.4,0.1,0.1,0,3.6,NA
"Waller, Darren","TE","CAR",NA,29.3,20.8,197,NA,NA,2.5,0,34.9,NA,NA,"FantasySharks","12263",NA,3,0,4.2,2.4,0.1,0,0,0,0,0.8,0.4,0.1,0.1,0,2.9,NA
"Bellinger, Daniel","TE","TEN",NA,39.6,26.1,249,NA,NA,1.4,0,33.3,NA,NA,"FantasySharks","15873",NA,0,0,4.6,0.3,0,1.1,0,0,0,1,0.5,0.2,0.1,0,5.1,NA
"Washington, Darnell","TE","PIT",NA,35,26.1,255,NA,NA,0.7,0.5,30.7,NA,NA,"FantasySharks","16216",NA,5,0,5.7,0.7,0,0,0,0,0,1,0.5,0.2,0.1,0,4.3,NA
"Wright, Brock","TE","DET",NA,24.8,17.7,134,NA,NA,2.7,0,29.8,NA,NA,"FantasySharks","15626",NA,0,0,6.7,2.7,0,0,0,0,0,0.5,0.3,0.1,0,0,5.9,NA
"Fant, Noah","TE","NOS",NA,32.5,26.4,229,NA,NA,1,1.8,29.6,NA,NA,"FantasySharks","14137",NA,44,0,2.9,0,0.3,0.6,0,0,0,0.9,0.5,0.2,0.1,0,4.3,NA
"Allen, Davis","TE","LAR",NA,30.9,16.9,165,NA,NA,2.2,0,29.6,NA,NA,"FantasySharks","16219",NA,0,0,8.4,1.1,1.1,0,0,0,0,0.7,0.3,0.1,0,0,7.1,NA
"Nowakowski, Riley","TE","PIT",NA,34.9,25.9,215,NA,NA,0.7,0.9,29,NA,NA,"FantasySharks","17648",NA,11,0.7,4.5,0.3,0.4,0,0,0,0,0.9,0.4,0.1,0.1,0,4.2,NA
"Raridon, Eli","TE","NEP",NA,33.3,23.5,236,NA,NA,0.7,0,28,NA,NA,"FantasySharks","17607",NA,0,0,5.1,0.7,0,0,0,0,0,0.9,0.5,0.2,0.1,0,4.2,NA
"Trautman, Adam","TE","DEN",NA,27.9,22,208,NA,NA,1.1,0,27.4,NA,NA,"FantasySharks","14870",NA,0.1,0,1.6,0.6,0.5,0,0,0,0,0.8,0.4,0.1,0.1,0,1.6,NA
"Evans, Mitchell","TE","CAR",NA,20.5,15.5,148,NA,NA,2,0,26.7,NA,NA,"FantasySharks","17109",NA,0,0,4.9,2,0,0,0,0,0,0.6,0.3,0.1,0,0,3.5,NA
"Whiteheart, Blake","TE","CLE",NA,34.1,21.4,165,NA,NA,1.7,0,26.5,NA,NA,"FantasySharks","16940",NA,0,0,4.5,1.1,0.5,0,0,0,0,0.7,0.3,0.1,0,0,3.1,NA
"Hawes, Jackson","TE","BUF",NA,16.7,12.8,149,NA,NA,1.9,0,26.4,NA,NA,"FantasySharks","17213",NA,0,0,2.5,1.2,0,0.7,0,0,0,0.6,0.3,0.1,0,0,4,NA
"Sanders, Ja'Tavion","TE","CAR",NA,36.6,27.7,189,NA,NA,1.1,0,25.3,NA,NA,"FantasySharks","16643",NA,0,0,8,1.1,0,0,0,0,0,0.8,0.4,0.1,0.1,0,2.3,NA
"Smith, Jonnu","TE","GBP",NA,35.2,24.8,156,NA,NA,0,0,24.1,NA,NA,"FantasySharks","13193",NA,42,0.7,3.8,0,0,0,0,0,0,0.6,0.3,0.1,0,0,2.6,NA
"Durham, Payne","TE","TBB",NA,13.1,7.3,94,NA,NA,2.3,0,23.4,NA,NA,"FantasySharks","16218",NA,0,0,4.2,2.3,0,0,0,0,0,0.4,0.2,0.1,0,0,3.2,NA
"Sample, Drew","TE","CIN",NA,31.2,24.4,199,NA,NA,0.6,0.2,23.3,NA,NA,"FantasySharks","14146",NA,1,0,2.7,0.6,0,0,0,0,0,0.8,0.4,0.1,0.1,0,2.3,NA
"Hooper, Austin","TE","ATL",NA,18.8,13.6,173,NA,NA,0.9,0,22.6,NA,NA,"FantasySharks","12677",NA,1,0,2.6,0.9,0,0,0,0,0,0.7,0.3,0.1,0,0,3,NA
"Sadiq, Kenyon","TE","NYJ",NA,41.6,29.8,225,NA,NA,0,0,22.5,NA,NA,"FantasySharks","17543",NA,0,0,3.1,0,0,0,0,0,0,0.9,0.5,0.2,0.1,0,0,NA
"Sinnott, Ben","TE","WAS",NA,13.6,12.1,150,NA,NA,1.2,0,21.9,NA,NA,"FantasySharks","16644",NA,0,0,1.2,1.2,0,0,0,0,0,0.6,0.3,0.1,0,0,1.2,NA
"Ferguson, Terrance","TE","LAR",NA,27.8,8.7,147,NA,NA,1.2,0,21.8,NA,NA,"FantasySharks","17107",NA,0,0,6.6,0.7,0,0,0.5,0,0,0.6,0.3,0.1,0,0,6.2,NA
"Higgins, Elijah","TE","ARI",NA,31,23.7,226,NA,NA,0,0.6,21.3,NA,NA,"FantasySharks","16333",NA,0,0,3.1,0,0,0,0,0,0,0.9,0.5,0.2,0.1,0,2.1,NA
"Heyward, Connor","TE","LVR",NA,14.8,10.1,85,NA,NA,0.5,0,21.1,NA,NA,"FantasySharks","15800",NA,31,1.1,1.3,0,0.5,0,0,0,0,0.3,0.2,0.1,0,0,3.1,NA
"Alie-Cox, Mo","TE","IND",NA,25.6,15.7,142,NA,NA,1.1,0,21,NA,NA,"FantasySharks","13246",NA,0,0,6.4,1,0.2,0,0,0,0,0.6,0.3,0.1,0,0,3,NA
"Farrell, Luke","TE","SFO",NA,19.5,13.4,101,NA,NA,2.1,0.9,20.7,NA,NA,"FantasySharks","15335",NA,0,0,4.1,1.1,1,0,0,0,0,0.4,0.2,0.1,0,0,3,NA
"Ogletree, Drew","TE","IND",NA,19.8,12.1,148,NA,NA,0.9,0,20.5,NA,NA,"FantasySharks","15916",NA,0,0,1.8,0.9,0,0,0,0,0,0.6,0.3,0.1,0,0,0.9,NA
"Boerkircher, Nate","TE","JAC",NA,22.8,12.3,130,NA,NA,1.3,0.5,19.8,NA,NA,"FantasySharks","17591",NA,0,0,5.4,1.3,0,0,0,0,0,0.5,0.3,0.1,0,0,1.7,NA
"Ruckert, Jeremy","TE","NYJ",NA,27.3,20.5,155,NA,NA,0.5,0,18.7,NA,NA,"FantasySharks","15796",NA,0,0,2.4,0.5,0,0,0,0,0,0.6,0.3,0.1,0,0,1.5,NA
"Spann-Ford, Brevyn","TE","DAL",NA,22.2,15.1,143,NA,NA,0.7,0,18.5,NA,NA,"FantasySharks","16647",NA,0,0,2.5,0.7,0,0,0,0,0,0.6,0.3,0.1,0,0,2.3,NA
"Adkins, Nate","TE","DEN",NA,17.1,11.7,81,NA,NA,1.7,0,18.4,NA,NA,"FantasySharks","16474",NA,0,0,1.7,0.7,1,0,0,0,0,0.3,0.2,0.1,0,0,1.7,NA
"Saubert, Eric","TE","SEA",NA,24.9,12.5,101,NA,NA,0.8,0,17.9,NA,NA,"FantasySharks","13315",NA,3,0,6.6,0.5,0,0.3,0,0,0,0.4,0.2,0.1,0,0,2.3,NA
"Whyle, Josh","TE","GBP",NA,12.7,9.1,74,NA,NA,1.7,0,17.7,NA,NA,"FantasySharks","16312",NA,0,0,1.7,1.7,0,0,0,0,0,0.3,0.1,0.1,0,0,1.7,NA
"Smythe, Durham","TE","BAL",NA,23,15.1,152,NA,NA,0,0,15.2,NA,NA,"FantasySharks","13676",NA,0,0,2.2,0,0,0,0,0,0,0.6,0.3,0.1,0,0,0.3,NA
"Arroyo, Elijah","TE","SEA",NA,26.5,12.7,156,NA,NA,0.2,1,15,NA,NA,"FantasySharks","17108",NA,0,0,6.4,0,0,0.2,0,0,0,0.6,0.3,0.1,0,0,3.3,NA
"Musgrave, Luke","TE","GBP",NA,23.5,15.6,148,NA,NA,0,0,14.8,NA,NA,"FantasySharks","16215",NA,0,0,0.7,0,0,0,0,0,0,0.6,0.3,0.1,0,0,0.4,NA
"Kacmarek, Will","TE","MIA",NA,20.7,14.4,148,NA,NA,0,0.8,14.2,NA,NA,"FantasySharks","17605",NA,3,0,2.1,0,0,0,0,0,0,0.6,0.3,0.1,0,0,0.6,NA
"Schoonmaker, Luke","TE","DAL",NA,22,13.6,134,NA,NA,0,0,13.5,NA,NA,"FantasySharks","16221",NA,0,0,1.3,0,0,0,0,0,0,0.5,0.3,0.1,0,0,0.7,NA
"Moreau, Foster","TE","HOU",NA,25,16.7,133,NA,NA,0,0,13.4,NA,NA,"FantasySharks","14239",NA,2,0,3.5,0,0,0,0,0,0,0.5,0.3,0.1,0,0,2.8,NA
"All, Erick","TE","CIN",NA,22.7,14.6,129,NA,NA,0,0,13,NA,NA,"FantasySharks","16645",NA,2,0,1.8,0,0,0,0,0,0,0.5,0.3,0.1,0,0,0,NA
"Stover, Cade","TE","HOU",NA,30.3,18.9,110,NA,NA,0,0,13,NA,NA,"FantasySharks","16642",NA,20,0,6.5,0,0,0,0,0,0,0.4,0.2,0.1,0,0,4.3,NA
"Bates, John","TE","WAS",NA,20.4,13.5,132,NA,NA,0.1,0.5,12.7,NA,NA,"FantasySharks","15344",NA,0,0,2.3,0.1,0,0,0,0,0,0.5,0.3,0.1,0,0,2.3,NA
"Hibner, Matthew","TE","BAL",NA,13.6,8.1,119,NA,NA,0,0,11.9,NA,NA,"FantasySharks","17627",NA,0,0,2.9,0,0,0,0,0,0,0.5,0.2,0.1,0,0,2,NA
"Thomas, Ian","TE","LVR",NA,12.2,12.2,112,NA,NA,0,0,11.2,NA,NA,"FantasySharks","13678",NA,0,0,0,0,0,0,0,0,0,0.4,0.2,0.1,0,0,0,NA
"Mundt, Johnny","TE","PHI",NA,20.6,12.5,106,NA,NA,0,0,10.8,NA,NA,"FantasySharks","13940",NA,0,0,1,0,0,0,0,0,0,0.4,0.2,0.1,0,0,0,NA
"FitzPatrick, John","TE","GBP",NA,14.6,10.7,66,NA,NA,0.5,0,9.7,NA,NA,"FantasySharks","15925",NA,0,0,3.1,0.5,0,0,0,0,0,0.3,0.1,0,0,0,2.2,NA
"Long, Hunter","TE","ARI",NA,9.8,6.2,45,NA,NA,0.6,0,8.1,NA,NA,"FantasySharks","15334",NA,0,0,1,0.6,0,0,0,0,0,0.2,0.1,0,0,0,0.6,NA
"Manhertz, Chris","TE","NYG",NA,8.4,5.3,57,NA,NA,0.4,0,7.9,NA,NA,"FantasySharks","12955",NA,0,0,1.9,0.4,0,0,0,0,0,0.2,0.1,0,0,0,1.9,NA
"Woerner, Charlie","TE","ATL",NA,16.2,11.9,76,NA,NA,0,0,7.8,NA,NA,"FantasySharks","14984",NA,1,0,1.5,0,0,0,0,0,0,0.3,0.2,0.1,0,0,0.2,NA
"Granson, Kylen","TE","TEN",NA,22.5,9.1,67,NA,NA,0,0,6.7,NA,NA,"FantasySharks","15419",NA,0,0,2.9,0,0,0,0,0,0,0.3,0.1,0,0,0,1.1,NA
"Martin-Robinson, David","TE","TEN",NA,6.8,4.8,31,NA,NA,0.3,0,5.1,NA,NA,"FantasySharks","16831",NA,0,0,0.3,0.3,0,0,0,0,0,0.1,0.1,0,0,0,0.3,NA
"Calcaterra, Grant","TE","PHI",NA,8.5,5.4,41,NA,NA,0.1,0,4.9,NA,NA,"FantasySharks","15804",NA,0,0,0.9,0,0.1,0,0,0,0,0.2,0.1,0,0,0,0.3,NA
"Klare, Max","TE","LAR",NA,6.9,4.8,42,NA,NA,0,0,4.2,NA,NA,"FantasySharks","17547",NA,0,0,1.8,0,0,0,0,0,0,0.2,0.1,0,0,0,1.8,NA
"Traore, Seydou","TE","MIA",NA,10.6,5.9,42,NA,NA,0,0,4.2,NA,NA,"FantasySharks","17655",NA,0,0,0.6,0,0,0,0,0,0,0.2,0.1,0,0,0,0.6,NA
"Reiman, Tip","TE","ARI",NA,9.2,5.3,38,NA,NA,0,0,3.8,NA,NA,"FantasySharks","16706",NA,0,0,0,0,0,0,0,0,0,0.2,0.1,0,0,0,0,NA
"Koziol, Tanner","TE","JAC",NA,7.4,3.9,34,NA,NA,0,0,3.4,NA,NA,"FantasySharks","17644",NA,0,0,0.6,0,0,0,0,0,0,0.1,0.1,0,0,0,0.6,NA
"Roush, Sam","TE","CHI",NA,9.9,3.4,27,NA,NA,0,0,2.9,NA,NA,"FantasySharks","17549",NA,2,0,2.1,0,0,0,0,0,0,0.1,0.1,0,0,0,1.5,NA
"Delp, Oscar","TE","NOS",NA,6.6,4.1,35,NA,NA,0,0.6,2.6,NA,NA,"FantasySharks","17567",NA,4,0,0,0,0,0,0,0,0,0.1,0.1,0,0,0,0,NA
"Ryan, Carsen","TE","CLE",NA,8.2,1.4,26,NA,NA,0,0,2.6,NA,NA,"FantasySharks","17696",NA,0,0,0.6,0,0,0,0,0,0,0.1,0.1,0,0,0,0,NA
"Tonyan, Robert","TE","PIT",NA,3.1,0.9,8,NA,NA,0,0,2.4,NA,NA,"FantasySharks","13427",NA,16,0,0.4,0,0,0,0,0,0,0,0,0,0,0,0.4,NA
"Endries, Jack","TE","CIN",NA,7.8,4.9,24,NA,NA,0,0,2.4,NA,NA,"FantasySharks","17545",NA,0,0,2.3,0,0,0,0,0,0,0.1,0.1,0,0,0,1.4,NA
"Bredeson, Max","TE","MIN",NA,3.1,2.3,18,NA,NA,0,0,1.8,NA,NA,"FantasySharks","17641",NA,0,0,0.8,0,0,0,0,0,0,0.1,0,0,0,0,0,NA
"Latu, Keleki","TE","BUF",NA,1.6,1.6,16,NA,NA,0,0,1.6,NA,NA,"FantasySharks","17419",NA,0,0,0,0,0,0,0,0,0,0.1,0,0,0,0,0,NA
"Jackson, Tyree","TE","WAS",NA,4.5,1.7,10,NA,NA,0,0,1,NA,NA,"FantasySharks","14060",NA,0,0,0,0,0,0,0,0,0,0,0,0,0,0,0,NA
"Mallory, Will","TE","IND",NA,3.8,1.1,8,NA,NA,0,0,0.8,NA,NA,"FantasySharks","16220",NA,0,0,0,0,0,0,0,0,0,0,0,0,0,0,0,NA
"Yankoff, Colson","TE","WAS",NA,2.6,0.4,6,NA,NA,0,0,0.6,NA,NA,"FantasySharks","16898",NA,0,0,0,0,0,0,0,0,0,0,0,0,0,0,0,NA
"Jenkins, E.J.","TE","PHI",NA,0.1,0.1,1,NA,NA,0.1,0,0.5,NA,NA,"FantasySharks","16919",NA,0,0,0.1,0.1,0,0,0,0,0,0,0,0,0,0,0.1,NA
"Wiley, Jared","TE","KCC",NA,4.2,2.7,3,NA,NA,0,0,0.3,NA,NA,"FantasySharks","16648",NA,0,0,0.8,0,0,0,0,0,0,0,0,0,0,0,0.8,NA
"Woods, Jelani","TE","NYJ",NA,0.2,0.1,1,NA,NA,0,0,0.1,NA,NA,"FantasySharks","15840",NA,0,0,0,0,0,0,0,0,0,0,0,0,0,0,0,NA
"Yurosek, Ben","TE","MIN",NA,0.1,0.1,1,NA,NA,0,0,0.1,NA,NA,"FantasySharks","17285",NA,0,0,0,0,0,0,0,0,0,0,0,0,0,0,0,NA
"Stowers, Eli","TE","PHI",NA,0.3,0.1,1,NA,NA,0,0,0.1,NA,NA,"FantasySharks","17544",NA,0,0,0.1,0,0,0,0,0,0,0,0,0,0,0,0,NA
"Brock Bowers","TE","LV",NA,NA,103,1088,NA,NA,7,NA,150.8,NA,"18922","FFToday","16641",NA,NA,NA,NA,NA,NA,NA,NA,NA,NA,NA,NA,NA,NA,NA,NA,13
"Trey McBride","TE","ARI",NA,NA,104,1049,NA,NA,7,NA,146.9,NA,"18148","FFToday","15794",NA,NA,NA,NA,NA,NA,NA,NA,NA,NA,NA,NA,NA,NA,NA,NA,14
"Colston Loveland","TE","CHI",NA,NA,73,848,NA,NA,6,NA,120.8,NA,"19428","FFToday","17104",NA,NA,NA,NA,NA,NA,NA,NA,NA,NA,NA,NA,NA,NA,NA,NA,10
"Tyler Warren","TE","IND",NA,NA,78,836,NA,NA,5,NA,113.6,NA,"19539","FFToday","17102",NA,NA,NA,NA,NA,NA,NA,NA,NA,NA,NA,NA,NA,NA,NA,NA,13
"Harold Fannin Jr.","TE","CLE",NA,NA,77,801,NA,NA,5,NA,110.1,NA,"19359","FFToday","17103",NA,NA,NA,NA,NA,NA,NA,NA,NA,NA,NA,NA,NA,NA,NA,NA,11
"Kyle Pitts","TE","ATL",NA,NA,76,856,NA,NA,4,NA,109.6,NA,"17682","FFToday","15329",NA,NA,NA,NA,NA,NA,NA,NA,NA,NA,NA,NA,NA,NA,NA,NA,11
"Sam LaPorta","TE","DET",NA,NA,61,745,NA,NA,5,NA,104.5,NA,"18573","FFToday","16214",NA,NA,NA,NA,NA,NA,NA,NA,NA,NA,NA,NA,NA,NA,NA,NA,6
"Tucker Kraft","TE","GB",NA,NA,57,724,NA,NA,5,NA,102.4,NA,"18570","FFToday","16222",NA,NA,NA,NA,NA,NA,NA,NA,NA,NA,NA,NA,NA,NA,NA,NA,11
"Travis Kelce","TE","KC",NA,NA,73,771,NA,NA,4,NA,101.1,NA,"13217","FFToday","11244",NA,NA,NA,NA,NA,NA,NA,NA,NA,NA,NA,NA,NA,NA,NA,NA,5
"Mark Andrews","TE","BAL",NA,NA,61,645,NA,NA,6,NA,100.5,NA,"16268","FFToday","13671",NA,NA,NA,NA,NA,NA,NA,NA,NA,NA,NA,NA,NA,NA,NA,NA,13
"Dallas Goedert","TE","PHI",NA,NA,58,625,NA,NA,6,NA,98.5,NA,"16151","FFToday","13674",NA,NA,NA,NA,NA,NA,NA,NA,NA,NA,NA,NA,NA,NA,NA,NA,10
"George Kittle","TE","SF",NA,NA,57,655,NA,NA,5,NA,95.5,NA,"15929","FFToday","13299",NA,NA,NA,NA,NA,NA,NA,NA,NA,NA,NA,NA,NA,NA,NA,NA,8
"Dalton Kincaid","TE","BUF",NA,NA,52,645,NA,NA,5,NA,94.5,NA,"18569","FFToday","16213",NA,NA,NA,NA,NA,NA,NA,NA,NA,NA,NA,NA,NA,NA,NA,NA,7
"Hunter Henry","TE","NE",NA,NA,55,624,NA,NA,5,NA,92.4,NA,"15603","FFToday","12676",NA,NA,NA,NA,NA,NA,NA,NA,NA,NA,NA,NA,NA,NA,NA,NA,11
"Isaiah Likely","TE","NYG",NA,NA,56,656,NA,NA,4,NA,89.6,NA,"18134","FFToday","15798",NA,NA,NA,NA,NA,NA,NA,NA,NA,NA,NA,NA,NA,NA,NA,NA,8
"Jake Ferguson","TE","DAL",NA,NA,71,585,NA,NA,5,NA,88.5,NA,"18072","FFToday","15799",NA,NA,NA,NA,NA,NA,NA,NA,NA,NA,NA,NA,NA,NA,NA,NA,14
"Pat Freiermuth","TE","PIT",NA,NA,53,566,NA,NA,5,NA,86.6,NA,"17574","FFToday","15331",NA,NA,NA,NA,NA,NA,NA,NA,NA,NA,NA,NA,NA,NA,NA,NA,9
"Juwan Johnson","TE","NO",NA,NA,60,676,NA,NA,3,NA,85.6,NA,"17335","FFToday","14861",NA,NA,NA,NA,NA,NA,NA,NA,NA,NA,NA,NA,NA,NA,NA,NA,8
"Greg Dulcich","TE","MIA",NA,NA,54,606,NA,NA,4,NA,84.6,NA,"18059","FFToday","15797",NA,NA,NA,NA,NA,NA,NA,NA,NA,NA,NA,NA,NA,NA,NA,NA,6
"Dalton Schultz","TE","HOU",NA,NA,67,646,NA,NA,3,NA,82.6,NA,"16152","FFToday","13772",NA,NA,NA,NA,NA,NA,NA,NA,NA,NA,NA,NA,NA,NA,NA,NA,8
"Brenton Strange","TE","JAC",NA,NA,51,571,NA,NA,4,NA,81.1,NA,"18664","FFToday","16269",NA,NA,NA,NA,NA,NA,NA,NA,NA,NA,NA,NA,NA,NA,NA,NA,7
"Terrance Ferguson","TE","LAR",NA,NA,42,490,NA,NA,5,NA,79,NA,"19362","FFToday","17107",NA,NA,NA,NA,NA,NA,NA,NA,NA,NA,NA,NA,NA,NA,NA,NA,11
"T.J. Hockenson","TE","MIN",NA,NA,59,568,NA,NA,3,NA,74.8,NA,"16600","FFToday","14138",NA,NA,NA,NA,NA,NA,NA,NA,NA,NA,NA,NA,NA,NA,NA,NA,6
"AJ Barner","TE","SEA",NA,NA,54,504,NA,NA,4,NA,74.4,NA,"18911","FFToday","16723",NA,NA,NA,NA,NA,NA,NA,NA,NA,NA,NA,NA,NA,NA,NA,NA,11
"Kenyon Sadiq","TE","NYJ",NA,NA,45,527,NA,NA,3,NA,70.7,NA,"19865","FFToday","17543",NA,NA,NA,NA,NA,NA,NA,NA,NA,NA,NA,NA,NA,NA,NA,NA,13
"Cade Otton","TE","TB",NA,NA,53,525,NA,NA,3,NA,70.5,NA,"18171","FFToday","15802",NA,NA,NA,NA,NA,NA,NA,NA,NA,NA,NA,NA,NA,NA,NA,NA,10
"Chigoziem Okonkwo","TE","WAS",NA,NA,54,519,NA,NA,3,NA,69.9,NA,"18167","FFToday","15889",NA,NA,NA,NA,NA,NA,NA,NA,NA,NA,NA,NA,NA,NA,NA,NA,7
"Mike Gesicki","TE","CIN",NA,NA,43,450,NA,NA,4,NA,69,NA,"16281","FFToday","13672",NA,NA,NA,NA,NA,NA,NA,NA,NA,NA,NA,NA,NA,NA,NA,NA,6
"Evan Engram","TE","DEN",NA,NA,57,484,NA,NA,3,NA,66.4,NA,"15862","FFToday","13189",NA,NA,NA,NA,NA,NA,NA,NA,NA,NA,NA,NA,NA,NA,NA,NA,10
"Darren Waller","TE","CAR",NA,NA,41,397,NA,NA,4,NA,63.7,NA,"15340","FFToday","12263",NA,NA,NA,NA,NA,NA,NA,NA,NA,NA,NA,NA,NA,NA,NA,NA,5
"Gunnar Helm","TE","TEN",NA,NA,45,455,NA,NA,3,NA,63.5,NA,"19387","FFToday","17105",NA,NA,NA,NA,NA,NA,NA,NA,NA,NA,NA,NA,NA,NA,NA,NA,9
"Michael Mayer","TE","LV",NA,NA,43,420,NA,NA,3,NA,60,NA,"18586","FFToday","16212",NA,NA,NA,NA,NA,NA,NA,NA,NA,NA,NA,NA,NA,NA,NA,NA,13
"Cole Kmet","TE","CHI",NA,NA,35,374,NA,NA,3,NA,55.4,NA,"17140","FFToday","14867",NA,NA,NA,NA,NA,NA,NA,NA,NA,NA,NA,NA,NA,NA,NA,NA,10
"David Njoku","TE","LAC",NA,NA,45,369,NA,NA,3,NA,54.9,NA,"15971","FFToday","13192",NA,NA,NA,NA,NA,NA,NA,NA,NA,NA,NA,NA,NA,NA,NA,NA,7
"Mason Taylor","TE","NYJ",NA,NA,43,415,NA,NA,2,NA,53.5,NA,"19521","FFToday","17106",NA,NA,NA,NA,NA,NA,NA,NA,NA,NA,NA,NA,NA,NA,NA,NA,13
"Dawson Knox","TE","BUF",NA,NA,26,329,NA,NA,3,NA,50.9,NA,"16629","FFToday","14143",NA,NA,NA,NA,NA,NA,NA,NA,NA,NA,NA,NA,NA,NA,NA,NA,7
"Oronde Gadsden","TE","LAC",NA,NA,31,384,NA,NA,2,NA,50.4,NA,"19367","FFToday","17099",NA,NA,NA,NA,NA,NA,NA,NA,NA,NA,NA,NA,NA,NA,NA,NA,7
"Colby Parkinson","TE","LAR",NA,NA,31,301,NA,NA,3,NA,48.1,NA,"17173","FFToday","14871",NA,NA,NA,NA,NA,NA,NA,NA,NA,NA,NA,NA,NA,NA,NA,NA,11
"Darnell Washington","TE","PIT",NA,NA,26,299,NA,NA,2,NA,41.9,NA,"18687","FFToday","16216",NA,NA,NA,NA,NA,NA,NA,NA,NA,NA,NA,NA,NA,NA,NA,NA,9
"Theo Johnson","TE","NYG",NA,NA,24,282,NA,NA,2,NA,40.2,NA,"19010","FFToday","16649",NA,NA,NA,NA,NA,NA,NA,NA,NA,NA,NA,NA,NA,NA,NA,NA,8
"Jake Tonges","TE","SF",NA,NA,25,265,NA,NA,2,NA,38.5,NA,"18301","FFToday","16036",NA,NA,NA,NA,NA,NA,NA,NA,NA,NA,NA,NA,NA,NA,NA,NA,8
"Noah Fant","TE","NO",NA,NA,27,255,NA,NA,2,NA,37.5,NA,"16564","FFToday","14137",NA,NA,NA,NA,NA,NA,NA,NA,NA,NA,NA,NA,NA,NA,NA,NA,8
"Austin Hooper","TE","ATL",NA,NA,22,245,NA,NA,2,NA,36.5,NA,"15610","FFToday","12677",NA,NA,NA,NA,NA,NA,NA,NA,NA,NA,NA,NA,NA,NA,NA,NA,11
"Tyler Higbee","TE","LAR",NA,NA,20,236,NA,NA,2,NA,35.6,NA,"15605","FFToday","12678",NA,NA,NA,NA,NA,NA,NA,NA,NA,NA,NA,NA,NA,NA,NA,NA,11
"Noah Gray","TE","KC",NA,NA,22,234,NA,NA,2,NA,35.4,NA,"17587","FFToday","15337",NA,NA,NA,NA,NA,NA,NA,NA,NA,NA,NA,NA,NA,NA,NA,NA,5
"Elijah Arroyo","TE","SEA",NA,NA,23,216,NA,NA,2,NA,33.6,NA,"19304","FFToday","17108",NA,NA,NA,NA,NA,NA,NA,NA,NA,NA,NA,NA,NA,NA,NA,NA,11
"Tommy Tremble","TE","CAR",NA,NA,22,215,NA,NA,2,NA,33.5,NA,"17731","FFToday","15332",NA,NA,NA,NA,NA,NA,NA,NA,NA,NA,NA,NA,NA,NA,NA,NA,5
"Charlie Kolar","TE","LAC",NA,NA,25,249,NA,NA,1,NA,30.9,NA,"18129","FFToday","15795",NA,NA,NA,NA,NA,NA,NA,NA,NA,NA,NA,NA,NA,NA,NA,NA,7
"Josh Oliver","TE","MIN",NA,NA,17,188,NA,NA,2,NA,30.8,NA,"16668","FFToday","14209",NA,NA,NA,NA,NA,NA,NA,NA,NA,NA,NA,NA,NA,NA,NA,NA,6
"Luke Musgrave","TE","GB",NA,NA,23,219,NA,NA,1,NA,27.9,NA,"18604","FFToday","16215",NA,NA,NA,NA,NA,NA,NA,NA,NA,NA,NA,NA,NA,NA,NA,NA,11
"Trey McBride","TE","ARI",NA,NA,111,1118,NA,NA,10,NA,282.8,NA,"17907","RTSports","15794",0,0,0,NA,NA,NA,NA,NA,NA,NA,NA,NA,NA,NA,NA,NA,NA
"Brock Bowers","TE","LV",NA,NA,101,1070,NA,NA,8,NA,256,NA,"18658","RTSports","16641",3,10,0,NA,NA,NA,NA,NA,NA,NA,NA,NA,NA,NA,NA,NA,NA
"Harold Fannin Jr.","TE","CLE",NA,NA,89,935,NA,NA,6,NA,218.5,NA,"19142","RTSports","17103",8,15,1,NA,NA,NA,NA,NA,NA,NA,NA,NA,NA,NA,NA,NA,NA
"Colston Loveland","TE","CHI",NA,NA,73,879,NA,NA,7,NA,202.9,NA,"19141","RTSports","17104",0,0,0,NA,NA,NA,NA,NA,NA,NA,NA,NA,NA,NA,NA,NA,NA
"Tyler Warren","TE","IND",NA,NA,74,787,NA,NA,7,NA,195.7,NA,"19140","RTSports","17102",5,10,0,NA,NA,NA,NA,NA,NA,NA,NA,NA,NA,NA,NA,NA,NA
"Tucker Kraft","TE","GB",NA,NA,66,822,NA,NA,7,NA,190.2,NA,"18276","RTSports","16222",0,0,0,NA,NA,NA,NA,NA,NA,NA,NA,NA,NA,NA,NA,NA,NA
"Isaiah Likely","TE","NYG",NA,NA,70,812,NA,NA,6,NA,187.2,NA,"17908","RTSports","15798",0,0,0,NA,NA,NA,NA,NA,NA,NA,NA,NA,NA,NA,NA,NA,NA
"Kyle Pitts","TE","ATL",NA,NA,71,773,NA,NA,6,NA,184.3,NA,"17394","RTSports","15329",0,0,0,NA,NA,NA,NA,NA,NA,NA,NA,NA,NA,NA,NA,NA,NA
"Travis Kelce","TE","KC",NA,NA,73,803,NA,NA,5,NA,183.3,NA,"14348","RTSports","11244",0,0,0,NA,NA,NA,NA,NA,NA,NA,NA,NA,NA,NA,NA,NA,NA
"George Kittle","TE","SF",NA,NA,61,744,NA,NA,6,NA,171.4,NA,"16003","RTSports","13299",0,0,0,NA,NA,NA,NA,NA,NA,NA,NA,NA,NA,NA,NA,NA,NA
"Juwan Johnson","TE","NO",NA,NA,70,791,NA,NA,5,NA,179.1,NA,"17335","RTSports","14861",0,0,0,NA,NA,NA,NA,NA,NA,NA,NA,NA,NA,NA,NA,NA,NA
"Jake Ferguson","TE","DAL",NA,NA,74,641,NA,NA,6,NA,174.1,NA,"17397","RTSports","15799",0,0,0,NA,NA,NA,NA,NA,NA,NA,NA,NA,NA,NA,NA,NA,NA
"Sam LaPorta","TE","DET",NA,NA,65,718,NA,NA,6,NA,172.8,NA,"17931","RTSports","16214",0,0,0,NA,NA,NA,NA,NA,NA,NA,NA,NA,NA,NA,NA,NA,NA
"Mark Andrews","TE","BAL",NA,NA,59,717,NA,NA,7,NA,172.7,NA,"16225","RTSports","13671",0,0,0,NA,NA,NA,NA,NA,NA,NA,NA,NA,NA,NA,NA,NA,NA
"Dalton Kincaid","TE","BUF",NA,NA,63,673,NA,NA,7,NA,172.3,NA,"18275","RTSports","16213",0,0,0,NA,NA,NA,NA,NA,NA,NA,NA,NA,NA,NA,NA,NA,NA
"T.J. Hockenson","TE","MIN",NA,NA,68,701,NA,NA,5,NA,168.1,NA,"16584","RTSports","14138",0,0,0,NA,NA,NA,NA,NA,NA,NA,NA,NA,NA,NA,NA,NA,NA
"Hunter Henry","TE","NE",NA,NA,61,707,NA,NA,6,NA,167.7,NA,"15493","RTSports","12676",0,0,0,NA,NA,NA,NA,NA,NA,NA,NA,NA,NA,NA,NA,NA,NA
"Dallas Goedert","TE","PHI",NA,NA,52,557,NA,NA,5,NA,137.7,NA,"16226","RTSports","13674",0,0,0,NA,NA,NA,NA,NA,NA,NA,NA,NA,NA,NA,NA,NA,NA
"Chigoziem Okonkwo","TE","WAS",NA,NA,65,676,NA,NA,5,NA,162.6,NA,"17935","RTSports","15889",0,0,0,NA,NA,NA,NA,NA,NA,NA,NA,NA,NA,NA,NA,NA,NA
"Kenyon Sadiq","TE","NYJ",NA,NA,61,689,NA,NA,6,NA,165.9,NA,"19588","RTSports","17543",0,0,0,NA,NA,NA,NA,NA,NA,NA,NA,NA,NA,NA,NA,NA,NA
"Brenton Strange","TE","JAX",NA,NA,62,651,NA,NA,5,NA,157.1,NA,"18344","RTSports","16269",0,0,0,NA,NA,NA,NA,NA,NA,NA,NA,NA,NA,NA,NA,NA,NA
"Pat Freiermuth","TE","PIT",NA,NA,58,597,NA,NA,6,NA,153.7,NA,"17395","RTSports","15331",0,0,0,NA,NA,NA,NA,NA,NA,NA,NA,NA,NA,NA,NA,NA,NA
"David Njoku","TE","LAC",NA,NA,65,688,NA,NA,6,NA,169.8,NA,"15868","RTSports","13192",0,0,0,NA,NA,NA,NA,NA,NA,NA,NA,NA,NA,NA,NA,NA,NA
"Cade Otton","TE","TB",NA,NA,62,602,NA,NA,5,NA,152.2,NA,"17932","RTSports","15802",0,0,0,NA,NA,NA,NA,NA,NA,NA,NA,NA,NA,NA,NA,NA,NA
"Dalton Schultz","TE","HOU",NA,NA,61,597,NA,NA,5,NA,150.7,NA,"16346","RTSports","13772",0,0,0,NA,NA,NA,NA,NA,NA,NA,NA,NA,NA,NA,NA,NA,NA
"Terrance Ferguson","TE","LAR",NA,NA,29,369,NA,NA,3,NA,83.9,NA,"19147","RTSports","17107",0,0,0,NA,NA,NA,NA,NA,NA,NA,NA,NA,NA,NA,NA,NA,NA
"Greg Dulcich","TE","MIA",NA,NA,51,556,NA,NA,5,NA,136.6,NA,"17942","RTSports","15797",0,0,0,NA,NA,NA,NA,NA,NA,NA,NA,NA,NA,NA,NA,NA,NA
"Gunnar Helm","TE","TEN",NA,NA,53,539,NA,NA,5,NA,136.9,NA,"19143","RTSports","17105",0,0,0,NA,NA,NA,NA,NA,NA,NA,NA,NA,NA,NA,NA,NA,NA
"Oronde Gadsden II","TE","LAC",NA,NA,41,589,NA,NA,4,NA,123.9,NA,"19146","RTSports","17099",0,0,0,NA,NA,NA,NA,NA,NA,NA,NA,NA,NA,NA,NA,NA,NA
"Evan Engram","TE","DEN",NA,NA,39,386,NA,NA,2,NA,89.6,NA,"15867","RTSports","13189",0,0,0,NA,NA,NA,NA,NA,NA,NA,NA,NA,NA,NA,NA,NA,NA
"Mike Gesicki","TE","CIN",NA,NA,48,523,NA,NA,2,NA,112.3,NA,"16228","RTSports","13672",0,0,0,NA,NA,NA,NA,NA,NA,NA,NA,NA,NA,NA,NA,NA,NA
"Jake Tonges","TE","SF",NA,NA,41,394,NA,NA,4,NA,104.4,NA,"19039","RTSports","16036",0,0,0,NA,NA,NA,NA,NA,NA,NA,NA,NA,NA,NA,NA,NA,NA
"AJ Barner","TE","SEA",NA,NA,39,392,NA,NA,4,NA,102.2,NA,"18661","RTSports","16723",5,11,0,NA,NA,NA,NA,NA,NA,NA,NA,NA,NA,NA,NA,NA,NA
"Mason Taylor","TE","NYJ",NA,NA,42,407,NA,NA,2,NA,94.7,NA,"19145","RTSports","17106",0,0,0,NA,NA,NA,NA,NA,NA,NA,NA,NA,NA,NA,NA,NA,NA
"Eli Stowers","TE","PHI",NA,NA,43,508,NA,NA,5,NA,123.8,NA,"19589","RTSports","17544",0,0,0,NA,NA,NA,NA,NA,NA,NA,NA,NA,NA,NA,NA,NA,NA
"Jonnu Smith","TE","GB",NA,NA,39,398,NA,NA,2,NA,90.8,NA,"15973","RTSports","13193",4,21,0,NA,NA,NA,NA,NA,NA,NA,NA,NA,NA,NA,NA,NA,NA
"Zach Ertz","TE","WAS",NA,NA,38,395,NA,NA,2,NA,89.5,NA,"14320","RTSports","11247",0,0,0,NA,NA,NA,NA,NA,NA,NA,NA,NA,NA,NA,NA,NA,NA
"Elijah Arroyo","TE","SEA",NA,NA,33,383,NA,NA,3,NA,89.3,NA,"19144","RTSports","17108",0,0,0,NA,NA,NA,NA,NA,NA,NA,NA,NA,NA,NA,NA,NA,NA
"Max Klare","TE","LAR",NA,NA,33,371,NA,NA,3,NA,88.1,NA,"19590","RTSports","17547",0,0,0,NA,NA,NA,NA,NA,NA,NA,NA,NA,NA,NA,NA,NA,NA
"Darnell Washington","TE","PIT",NA,NA,33,363,NA,NA,2,NA,81.3,NA,"18274","RTSports","16216",0,0,0,NA,NA,NA,NA,NA,NA,NA,NA,NA,NA,NA,NA,NA,NA
"Tyler Higbee","TE","LAR",NA,NA,31,318,NA,NA,3,NA,80.8,NA,"15496","RTSports","12678",0,0,0,NA,NA,NA,NA,NA,NA,NA,NA,NA,NA,NA,NA,NA,NA
"Colby Parkinson","TE","LAR",NA,NA,28,286,NA,NA,4,NA,80.6,NA,"17048","RTSports","14871",0,0,0,NA,NA,NA,NA,NA,NA,NA,NA,NA,NA,NA,NA,NA,NA
"Ja'Tavion Sanders","TE","CAR",NA,NA,35,336,NA,NA,2,NA,80.6,NA,"18659","RTSports","16643",0,0,0,NA,NA,NA,NA,NA,NA,NA,NA,NA,NA,NA,NA,NA,NA
"Dawson Knox","TE","BUF",NA,NA,28,330,NA,NA,3,NA,79,NA,"16624","RTSports","14143",0,0,0,NA,NA,NA,NA,NA,NA,NA,NA,NA,NA,NA,NA,NA,NA
"Noah Fant","TE","NO",NA,NA,32,336,NA,NA,2,NA,77.6,NA,"16582","RTSports","14137",0,0,0,NA,NA,NA,NA,NA,NA,NA,NA,NA,NA,NA,NA,NA,NA
"Nate Boerkircher","TE","JAX",NA,NA,28,307,NA,NA,3,NA,76.7,NA,"19604","RTSports","17591",0,0,0,NA,NA,NA,NA,NA,NA,NA,NA,NA,NA,NA,NA,NA,NA
"Cole Kmet","TE","CHI",NA,NA,32,326,NA,NA,2,NA,76.6,NA,"17040","RTSports","14867",0,0,0,NA,NA,NA,NA,NA,NA,NA,NA,NA,NA,NA,NA,NA,NA
"Michael Mayer","TE","LV",NA,NA,32,304,NA,NA,2,NA,74.4,NA,"18272","RTSports","16212",0,0,0,NA,NA,NA,NA,NA,NA,NA,NA,NA,NA,NA,NA,NA,NA
"Noah Gray","TE","KC",NA,NA,29,293,NA,NA,2,NA,70.3,NA,"17546","RTSports","15337",0,0,0,NA,NA,NA,NA,NA,NA,NA,NA,NA,NA,NA,NA,NA,NA
"Theo Johnson","TE","NYG",NA,NA,24,278,NA,NA,2,NA,63.8,NA,"18662","RTSports","16649",0,0,0,NA,NA,NA,NA,NA,NA,NA,NA,NA,NA,NA,NA,NA,NA
"Austin Hooper","TE","ATL",NA,NA,24,247,NA,NA,2,NA,60.7,NA,"15494","RTSports","12677",0,0,0,NA,NA,NA,NA,NA,NA,NA,NA,NA,NA,NA,NA,NA,NA
"Matthew Hibner","TE","BAL",NA,NA,22,253,NA,NA,2,NA,59.3,NA,"19615","RTSports","17627",0,0,0,NA,NA,NA,NA,NA,NA,NA,NA,NA,NA,NA,NA,NA,NA
"Charlie Kolar","TE","LAC",NA,NA,20,270,NA,NA,2,NA,59,NA,"17398","RTSports","15795",0,0,0,NA,NA,NA,NA,NA,NA,NA,NA,NA,NA,NA,NA,NA,NA
"Josh Oliver","TE","MIN",NA,NA,20,202,NA,NA,3,NA,58.2,NA,"16593","RTSports","14209",0,0,0,NA,NA,NA,NA,NA,NA,NA,NA,NA,NA,NA,NA,NA,NA
"Marlin Klein","TE","HOU",NA,NA,21,244,NA,NA,2,NA,57.4,NA,"19595","RTSports","17593",0,0,0,NA,NA,NA,NA,NA,NA,NA,NA,NA,NA,NA,NA,NA,NA
"Daniel Bellinger","TE","TEN",NA,NA,22,233,NA,NA,2,NA,57.3,NA,"17934","RTSports","15873",0,0,0,NA,NA,NA,NA,NA,NA,NA,NA,NA,NA,NA,NA,NA,NA
"Eli Raridon","TE","NE",NA,NA,21,242,NA,NA,2,NA,57.2,NA,"19598","RTSports","17607",0,0,0,NA,NA,NA,NA,NA,NA,NA,NA,NA,NA,NA,NA,NA,NA
"Tommy Tremble","TE","CAR",NA,NA,23,212,NA,NA,2,NA,56.2,NA,"17480","RTSports","15332",0,0,0,NA,NA,NA,NA,NA,NA,NA,NA,NA,NA,NA,NA,NA,NA
"Adam Trautman","TE","DEN",NA,NA,21,224,NA,NA,2,NA,55.4,NA,"17047","RTSports","14870",0,0,0,NA,NA,NA,NA,NA,NA,NA,NA,NA,NA,NA,NA,NA,NA
"Elijah Higgins","TE","ARI",NA,NA,24,237,NA,NA,1,NA,53.7,NA,"18269","RTSports","16333",0,0,0,NA,NA,NA,NA,NA,NA,NA,NA,NA,NA,NA,NA,NA,NA
"Mitchell Evans","TE","CAR",NA,NA,21,197,NA,NA,2,NA,52.7,NA,"19149","RTSports","17109",0,0,0,NA,NA,NA,NA,NA,NA,NA,NA,NA,NA,NA,NA,NA,NA
"Foster Moreau","TE","HOU",NA,NA,18,211,NA,NA,2,NA,51.1,NA,"16596","RTSports","14239",0,0,0,NA,NA,NA,NA,NA,NA,NA,NA,NA,NA,NA,NA,NA,NA
"Luke Musgrave","TE","GB",NA,NA,22,224,NA,NA,1,NA,50.4,NA,"18273","RTSports","16215",0,0,0,NA,NA,NA,NA,NA,NA,NA,NA,NA,NA,NA,NA,NA,NA
"Grant Calcaterra","TE","PHI",NA,NA,20,224,NA,NA,1,NA,48.4,NA,"17943","RTSports","15804",0,0,0,NA,NA,NA,NA,NA,NA,NA,NA,NA,NA,NA,NA,NA,NA
"Brock Wright","TE","DET",NA,NA,18,162,NA,NA,2,NA,46.2,NA,"17740","RTSports","15626",0,0,0,NA,NA,NA,NA,NA,NA,NA,NA,NA,NA,NA,NA,NA,NA
"Jackson Hawes","TE","BUF",NA,NA,16,172,NA,NA,2,NA,45.2,NA,"19200","RTSports","17213",0,0,0,NA,NA,NA,NA,NA,NA,NA,NA,NA,NA,NA,NA,NA,NA
"Davis Allen","TE","LAR",NA,NA,21,181,NA,NA,1,NA,45.1,NA,"18434","RTSports","16219",0,0,0,NA,NA,NA,NA,NA,NA,NA,NA,NA,NA,NA,NA,NA,NA
"Brevin Jordan","TE","HOU",NA,NA,19,193,NA,NA,1,NA,44.3,NA,"17396","RTSports","15330",0,0,0,NA,NA,NA,NA,NA,NA,NA,NA,NA,NA,NA,NA,NA,NA
"Ben Sinnott","TE","WAS",NA,NA,19,193,NA,NA,1,NA,44.3,NA,"18664","RTSports","16644",0,0,0,NA,NA,NA,NA,NA,NA,NA,NA,NA,NA,NA,NA,NA,NA
"Cade Stover","TE","HOU",NA,NA,21,161,NA,NA,1,NA,43.1,NA,"18660","RTSports","16642",0,0,0,NA,NA,NA,NA,NA,NA,NA,NA,NA,NA,NA,NA,NA,NA
"Jeremy Ruckert","TE","NYJ",NA,NA,21,160,NA,NA,1,NA,43,NA,"17929","RTSports","15796",0,0,0,NA,NA,NA,NA,NA,NA,NA,NA,NA,NA,NA,NA,NA,NA
"Tanner Hudson","TE","CIN",NA,NA,18,171,NA,NA,1,NA,41.1,NA,"16900","RTSports","14370",0,0,0,NA,NA,NA,NA,NA,NA,NA,NA,NA,NA,NA,NA,NA,NA
"Will Dissly","TE","LAC",NA,NA,17,180,NA,NA,1,NA,41,NA,"16332","RTSports","13763",0,0,0,NA,NA,NA,NA,NA,NA,NA,NA,NA,NA,NA,NA,NA,NA
"Oscar Delp","TE","NO",NA,NA,17,174,NA,NA,1,NA,40.4,NA,"19603","RTSports","17567",0,0,0,NA,NA,NA,NA,NA,NA,NA,NA,NA,NA,NA,NA,NA,NA
"Luke Schoonmaker","TE","DAL",NA,NA,18,160,NA,NA,1,NA,40,NA,"18279","RTSports","16221",0,0,0,NA,NA,NA,NA,NA,NA,NA,NA,NA,NA,NA,NA,NA,NA
"Seydou Traore","TE","MIA",NA,NA,14,177,NA,NA,1,NA,37.7,NA,"19611","RTSports","17655",0,0,0,NA,NA,NA,NA,NA,NA,NA,NA,NA,NA,NA,NA,NA,NA
"Drew Sample","TE","CIN",NA,NA,18,131,NA,NA,1,NA,37.1,NA,"16665","RTSports","14146",0,0,0,NA,NA,NA,NA,NA,NA,NA,NA,NA,NA,NA,NA,NA,NA
"Mo Alie-Cox","TE","IND",NA,NA,14,171,NA,NA,1,NA,37.1,NA,"16536","RTSports","13246",0,0,0,NA,NA,NA,NA,NA,NA,NA,NA,NA,NA,NA,NA,NA,NA
"Sam Roush","TE","CHI",NA,NA,15,154,NA,NA,1,NA,36.4,NA,"19594","RTSports","17549",0,0,0,NA,NA,NA,NA,NA,NA,NA,NA,NA,NA,NA,NA,NA,NA
"Donald Parham","TE","PIT",NA,NA,14,159,NA,NA,1,NA,35.9,NA,"16863","RTSports","14341",0,0,0,NA,NA,NA,NA,NA,NA,NA,NA,NA,NA,NA,NA,NA,NA
"Justin Joly","TE","MIA",NA,NA,15,149,NA,NA,1,NA,35.9,NA,"19593","RTSports","17548",0,0,0,NA,NA,NA,NA,NA,NA,NA,NA,NA,NA,NA,NA,NA,NA
"John Bates","TE","WAS",NA,NA,14,136,NA,NA,1,NA,33.6,NA,"17514","RTSports","15344",0,0,0,NA,NA,NA,NA,NA,NA,NA,NA,NA,NA,NA,NA,NA,NA
"Jack Endries","TE","CIN",NA,NA,12,133,NA,NA,1,NA,31.3,NA,"19591","RTSports","17545",0,0,0,NA,NA,NA,NA,NA,NA,NA,NA,NA,NA,NA,NA,NA,NA
"Kylen Granson","TE","TEN",NA,NA,15,161,NA,NA,0,NA,31.1,NA,"17516","RTSports","15419",0,0,0,NA,NA,NA,NA,NA,NA,NA,NA,NA,NA,NA,NA,NA,NA
"Stone Smartt","TE","NO",NA,NA,14,159,NA,NA,0,NA,15.59,NA,"18569","RTSports","16113",0,0,0,NA,NA,NA,NA,NA,NA,NA,NA,NA,NA,NA,NA,NA,NA
"Tyler Conklin","TE","DET",NA,NA,12,118,NA,NA,1,NA,29.8,NA,"16364","RTSports","13675",0,0,0,NA,NA,NA,NA,NA,NA,NA,NA,NA,NA,NA,NA,NA,NA
"Bauer Sharp","TE","TB",NA,NA,11,127,NA,NA,1,NA,29.7,NA,"19612","RTSports","17660",0,0,0,NA,NA,NA,NA,NA,NA,NA,NA,NA,NA,NA,NA,NA,NA
"James Mitchell","TE","DAL",NA,NA,11,115,NA,NA,1,NA,28.5,NA,"17914","RTSports","15909",0,0,0,NA,NA,NA,NA,NA,NA,NA,NA,NA,NA,NA,NA,NA,NA
"Jelani Woods","TE","NYJ",NA,NA,10,122,NA,NA,1,NA,28.2,NA,"17912","RTSports","15840",0,0,0,NA,NA,NA,NA,NA,NA,NA,NA,NA,NA,NA,NA,NA,NA
"Brevyn Spann-Ford","TE","DAL",NA,NA,11,109,NA,NA,1,NA,27.9,NA,"18670","RTSports","16647",0,0,0,NA,NA,NA,NA,NA,NA,NA,NA,NA,NA,NA,NA,NA,NA
"Josh Whyle","TE","GB",NA,NA,11,99,NA,NA,1,NA,26.9,NA,"18278","RTSports","16312",0,0,0,NA,NA,NA,NA,NA,NA,NA,NA,NA,NA,NA,NA,NA,NA
"Connor Heyward","TE","LV",NA,NA,11,95,NA,NA,1,NA,26.5,NA,"18108","RTSports","15800",12,36,1,NA,NA,NA,NA,NA,NA,NA,NA,NA,NA,NA,NA,NA,NA
"Erick All","TE","CIN",NA,NA,10,105,NA,NA,1,NA,26.5,NA,"18671","RTSports","16645",0,0,0,NA,NA,NA,NA,NA,NA,NA,NA,NA,NA,NA,NA,NA,NA
"Durham Smythe","TE","BAL",NA,NA,10,92,NA,NA,1,NA,25.2,NA,"16335","RTSports","13676",0,0,0,NA,NA,NA,NA,NA,NA,NA,NA,NA,NA,NA,NA,NA,NA
"Lucas Krull","TE","DEN",NA,NA,10,91,NA,NA,1,NA,25.1,NA,"17913","RTSports","15970",0,0,0,NA,NA,NA,NA,NA,NA,NA,NA,NA,NA,NA,NA,NA,NA
"Luke Farrell","TE","SF",NA,NA,10,86,NA,NA,1,NA,24.6,NA,"17532","RTSports","15335",0,0,0,NA,NA,NA,NA,NA,NA,NA,NA,NA,NA,NA,NA,NA,NA
"Tanner Koziol","TE","JAX",NA,NA,9,94,NA,NA,1,NA,24.4,NA,"19754","RTSports","17644",0,0,0,NA,NA,NA,NA,NA,NA,NA,NA,NA,NA,NA,NA,NA,NA
"Julian Hill","TE","NE",NA,NA,13,113,NA,NA,0,NA,24.3,NA,"18542","RTSports","16425",0,0,0,NA,NA,NA,NA,NA,NA,NA,NA,NA,NA,NA,NA,NA,NA
"Nate Adkins","TE","DEN",NA,NA,10,77,NA,NA,1,NA,23.7,NA,"19034","RTSports","16474",0,0,0,NA,NA,NA,NA,NA,NA,NA,NA,NA,NA,NA,NA,NA,NA
"Trey McBride","TE","ARI",NA,NA,108.9,1068.9,NA,NA,6.8,0.2,201.5,NA,"22936","FantasyPros","15794",NA,NA,NA,NA,NA,NA,NA,NA,NA,NA,NA,NA,NA,NA,NA,NA,NA
"Brock Bowers","TE","LV",NA,NA,96.6,1023,NA,NA,7.5,0.2,195.4,NA,"22955","FantasyPros","16641",NA,NA,NA,NA,NA,NA,NA,NA,NA,NA,NA,NA,NA,NA,NA,NA,NA
"Colston Loveland","TE","CHI",NA,NA,79.3,928.3,NA,NA,6.7,0.2,172.1,NA,"26006","FantasyPros","17104",NA,NA,NA,NA,NA,NA,NA,NA,NA,NA,NA,NA,NA,NA,NA,NA,NA
"Tyler Warren","TE","IND",NA,NA,78.9,877.8,NA,NA,5.5,0.3,159.7,NA,"26434","FantasyPros","17102",NA,NA,NA,NA,NA,NA,NA,NA,NA,NA,NA,NA,NA,NA,NA,NA,NA
"Harold Fannin Jr.","TE","CLE",NA,NA,82.6,834.3,NA,NA,5.7,0.8,157.5,NA,"27050","FantasyPros","17103",NA,NA,NA,NA,NA,NA,NA,NA,NA,NA,NA,NA,NA,NA,NA,NA,NA
"George Kittle","TE","SF",NA,NA,70.2,796.2,NA,NA,6.2,0.2,151.7,NA,"16499","FantasyPros","13299",NA,NA,NA,NA,NA,NA,NA,NA,NA,NA,NA,NA,NA,NA,NA,NA,NA
"Sam LaPorta","TE","DET",NA,NA,70.5,814,NA,NA,5.5,0.2,149,NA,"22978","FantasyPros","16214",NA,NA,NA,NA,NA,NA,NA,NA,NA,NA,NA,NA,NA,NA,NA,NA,NA
"Kyle Pitts Sr.","TE","ATL",NA,NA,76.8,844.9,NA,NA,4.4,0.1,149,NA,"20164","FantasyPros","15329",NA,NA,NA,NA,NA,NA,NA,NA,NA,NA,NA,NA,NA,NA,NA,NA,NA
"Dallas Goedert","TE","PHI",NA,NA,65.5,690.1,NA,NA,7.6,0.2,146.8,NA,"17270","FantasyPros","13674",NA,NA,NA,NA,NA,NA,NA,NA,NA,NA,NA,NA,NA,NA,NA,NA,NA
"Travis Kelce","TE","KC",NA,NA,74.9,784.8,NA,NA,4.8,0.3,144.4,NA,"11594","FantasyPros","11244",NA,NA,NA,NA,NA,NA,NA,NA,NA,NA,NA,NA,NA,NA,NA,NA,NA
