"player","pos","team","games","fg","fg_att","fg_0019","fg_att_0019","fg_2029","fg_att_2029","fg_3039","fg_att_3039","fg_4049","fg_att_4049","fg_50","fg_att_50","xp","xp_att","site_pts","site_fppg","src_id","data_src","id","fg_50_att","fg_4049_att","fg_0039","fg_att_39","fg_miss","bye","fg_pct"
"Jason Myers","K","SEA",17,39,44,0.301,0.301,8.3,9.2,12.4,13.1,11.3,12.8,6.4,6.4,50,50,167,9.8,"2169640","CBS","12437",NA,NA,NA,NA,NA,NA,NA
"Ka'imi Fairbairn","K","HOU",17,39,43,0.325,0.325,8.9,9.4,10.6,10.8,11.8,13.2,6.9,6.9,40,41,157,9.2,"1996562","CBS","12860",NA,NA,NA,NA,NA,NA,NA
"Spencer Shrader","K","IND",17,34,38,0.289,0.292,10.6,10.7,12,12.8,8.2,9.5,2.67,2.67,51,52,153,9,"3131541","CBS","16896",NA,NA,NA,NA,NA,NA,NA
"Brandon Aubrey","K","DAL",17,34,39,0.285,0.285,8.2,8.3,9.3,10.1,10.6,11.8,6.1,6.1,48,49,150,8.8,"2815718","CBS","16414",NA,NA,NA,NA,NA,NA,NA
"Jake Bates","K","DET",17,31,38,0.242,0.242,6.6,6.7,9.5,9.6,9.5,11.5,5,5,53,55,146,8.6,"3173439","CBS","16846",NA,NA,NA,NA,NA,NA,NA
"Cameron Dicker","K","LAC",17,35,38,0.275,0.275,7.6,7.6,11.5,12.2,10.2,11.3,5.2,5.2,38,40,143,8.4,"2961997","CBS","15979",NA,NA,NA,NA,NA,NA,NA
"Cairo Santos","K","CHI",17,32,37,0.25,0.25,6.9,7,9,9.8,10.6,13.2,5.3,5.3,47,47,143,8.4,"2132690","CBS","11945",NA,NA,NA,NA,NA,NA,NA
"Will Reichard","K","MIN",17,33,36,0.29,0.29,8,8.1,9.9,10.2,8.3,9.3,6.2,6.2,42,43,141,8.3,"3121084","CBS","16681",NA,NA,NA,NA,NA,NA,NA
"Chase McLaughlin","K","TB",17,33,39,0.288,0.288,8.1,8.2,9.8,11.5,8.3,11.7,6.1,6.1,42,43,141,8.3,"2165272","CBS","14717",NA,NA,NA,NA,NA,NA,NA
"Harrison Mevis","K","LAR",17,28,31,0.242,0.244,6.7,6.7,7.9,8.3,10.3,11.4,3.36,3.36,54,55,138,8.1,"3162619","CBS","16843",NA,NA,NA,NA,NA,NA,NA
"Tyler Loop","K","BAL",17,29,32,0.231,0.232,9.3,9.3,10.6,10.7,7.7,8.7,1.16,1.16,49,51,136,8,"3174704","CBS","17222",NA,NA,NA,NA,NA,NA,NA
"Cam Little","K","JAC",17,29,32,0.238,0.238,6.5,6.6,8.2,8.3,8.7,10.4,5.1,5.1,49,49,136,8,"26702477","CBS","16680",NA,NA,NA,NA,NA,NA,NA
"Harrison Butker","K","KC",17,33,39,0.507,0.507,9.5,9.8,10.1,10.2,8.4,10.1,4.63,4.63,35,39,134,7.9,"2078888","CBS","13354",NA,NA,NA,NA,NA,NA,NA
"Evan McPherson","K","CIN",17,29,34,0.234,0.234,6.4,6.5,7.6,7.7,9.9,11.1,4.97,4.97,47,50,134,7.9,"2962681","CBS","15368",NA,NA,NA,NA,NA,NA,NA
"Wil Lutz","K","DEN",17,30,36,0.224,0.224,8.4,8.4,10.6,10.8,6.4,9.3,4.4,4.4,44,45,134,7.9,"2008545","CBS","12956",NA,NA,NA,NA,NA,NA,NA
"Nick Folk","K","ATL",17,30,33,0.256,0.256,7,7.1,8.8,8.9,8.8,9.8,5.4,5.4,41,41,131,7.7,"410721","CBS","8851",NA,NA,NA,NA,NA,NA,NA
"Eddy Pineiro","K","SF",17,31,34,0.244,0.244,6.7,6.8,8.5,8.7,10.3,11.5,5.2,5.2,37,41,130,7.6,"2221833","CBS","13719",NA,NA,NA,NA,NA,NA,NA
"Trey Smack","K","GB",17,29,34,0.287,0.29,8,8.3,9.2,10.2,8,10.4,3.16,3.16,39,43,126,7.4,"28899321","CBS","17668",NA,NA,NA,NA,NA,NA,NA
"Tyler Bass","K","BUF",17,26,31,0.214,0.214,8,8.9,7.1,7.2,6.2,9.3,4.55,4.55,46,49,124,7.3,"2188356","CBS","14983",NA,NA,NA,NA,NA,NA,NA
"Daniel Carlson","K","NO",17,30,35,0.247,0.247,7.7,7.8,8.9,9.1,7.4,9.9,5.2,5.2,34,36,124,7.3,"2079862","CBS","13718",NA,NA,NA,NA,NA,NA,NA
"Blake Grupe","K","NYJ",17,29,36,0.225,0.225,7.7,7.7,9.9,11.6,6.5,9.7,4.79,4.79,36,37,123,7.2,"2876348","CBS","16444",NA,NA,NA,NA,NA,NA,NA
"Joey Slye","K","TEN",17,29,35,0.258,0.259,7.1,7.4,8.4,8.7,7.6,10,5.5,5.5,34,35,121,7.1,"3116871","CBS","14600",NA,NA,NA,NA,NA,NA,NA
"Drew Stevens","K","WAS",17,27,32,0.27,0.272,7.5,7.8,8.6,9.6,7.5,9.8,2.97,2.97,39,43,120,7.1,"28873746","CBS","17726",NA,NA,NA,NA,NA,NA,NA
"Andres Borregales","K","NE",17,26,31,0.407,0.407,7,7.1,8.7,9.6,6.2,9.3,3.5,3.5,42,44,120,7.1,"26699665","CBS","17220",NA,NA,NA,NA,NA,NA,NA
"Jake Elliott","K","PHI",17,26,33,0.199,0.199,5.5,5.5,8.4,8.6,8.4,10.8,3.34,3.34,40,43,118,6.9,"2080295","CBS","13303",NA,NA,NA,NA,NA,NA,NA
"Riley Patterson","K","MIA",17,27,31,0.214,0.215,5.9,6,8.5,9.5,9.1,10.1,3.15,3.15,37,38,118,6.9,"2865368","CBS","15369",NA,NA,NA,NA,NA,NA,NA
"Chad Ryland","K","ARI",17,26,33,0.214,0.214,5.9,5.9,8.3,9.1,7.3,10.6,4.54,4.54,36,37,114,6.7,"2964074","CBS","16292",NA,NA,NA,NA,NA,NA,NA
"Chris Boswell","K","PIT",17,25,28,0.21,0.21,5.8,5.9,6.8,8.1,7.6,8.6,4.46,4.46,36,37,111,6.5,"1724930","CBS","11936",NA,NA,NA,NA,NA,NA,NA
"Ryan Fitzgerald","K","CAR",17,24,29,0.196,0.196,5.9,5.9,7.8,8.8,8.3,9.3,1.96,1.96,34,37,106,6.2,"3126649","CBS","17277",NA,NA,NA,NA,NA,NA,NA
"Andre Szmyt","K","CLE",17,23,26,0.18,0.18,4.94,4.99,8.5,9.4,5.2,6.2,3.82,3.82,32,33,101,5.9,"2868551","CBS","16419",NA,NA,NA,NA,NA,NA,NA
"Matt Gay","K","LV",17,22,29,0.179,0.179,5.7,5.8,5.8,6.6,6.8,7.6,3.8,3.8,32,33,98,5.8,"2870511","CBS","14244",NA,NA,NA,NA,NA,NA,NA
"Ben Sauls","K","NYG",17,20,26,0.19,0.192,5.8,6.1,6.7,8.4,5.4,7.5,1.85,1.85,25,31,85,5,"3169819","CBS","17434",NA,NA,NA,NA,NA,NA,NA
"Dominic Zvada","K","NYG",17,7,9,0.066,0.067,1.86,1.92,2.13,2.63,1.86,2.69,0.731,0.731,9,12,30,1.8,"28876817","CBS","17736",NA,NA,NA,NA,NA,NA,NA
"Brandon Aubrey","K","DAL",NA,35,40,NA,NA,NA,NA,NA,NA,9,NA,7,NA,46,47,NA,NA,"3953687","ESPN","16414",9,11,19,19,NA,NA,NA
"Cameron Dicker","K","LAC",NA,34,38,NA,NA,NA,NA,NA,NA,9,NA,7,NA,42,42,NA,NA,"4362081","ESPN","15979",9,10,18,19,NA,NA,NA
"Jason Myers","K","SEA",NA,33,38,NA,NA,NA,NA,NA,NA,9,NA,6,NA,43,44,NA,NA,"2473037","ESPN","12437",9,10,18,19,NA,NA,NA
"Ka'imi Fairbairn","K","HOU",NA,36,40,NA,NA,NA,NA,NA,NA,9,NA,7,NA,31,32,NA,NA,"2971573","ESPN","12860",10,11,20,20,NA,NA,NA
"Harrison Mevis","K","LAR",NA,30,34,NA,NA,NA,NA,NA,NA,8,NA,6,NA,55,56,NA,NA,"4574716","ESPN","16843",8,9,16,17,NA,NA,NA
"Eddy Pineiro","K","SF",NA,32,36,NA,NA,NA,NA,NA,NA,8,NA,6,NA,42,43,NA,NA,"4034949","ESPN","13719",9,10,17,18,NA,NA,NA
"Harrison Butker","K","KCC",NA,31,36,NA,NA,NA,NA,NA,NA,8,NA,6,NA,41,42,NA,NA,"3055899","ESPN","13354",8,10,17,17,NA,NA,NA
"Cam Little","K","JAC",NA,30,34,NA,NA,NA,NA,NA,NA,8,NA,6,NA,40,41,NA,NA,"4686361","ESPN","16680",8,9,17,17,NA,NA,NA
"Jake Bates","K","DET",NA,28,32,NA,NA,NA,NA,NA,NA,7,NA,5,NA,49,51,NA,NA,"4689936","ESPN","16846",8,9,15,16,NA,NA,NA
"Tyler Loop","K","BAL",NA,29,34,NA,NA,NA,NA,NA,NA,8,NA,6,NA,44,46,NA,NA,"4697745","ESPN","17222",8,9,16,17,NA,NA,NA
"Cairo Santos","K","CHI",NA,30,34,NA,NA,NA,NA,NA,NA,8,NA,6,NA,40,41,NA,NA,"17427","ESPN","11945",8,9,16,17,NA,NA,NA
"Will Reichard","K","MIN",NA,31,35,NA,NA,NA,NA,NA,NA,8,NA,6,NA,34,35,NA,NA,"4567104","ESPN","16681",8,9,17,17,NA,NA,NA
"Chris Boswell","K","PIT",NA,31,35,NA,NA,NA,NA,NA,NA,8,NA,6,NA,32,32,NA,NA,"17372","ESPN","11936",8,10,17,17,NA,NA,NA
"Chase McLaughlin","K","TB",NA,31,34,NA,NA,NA,NA,NA,NA,8,NA,6,NA,35,35,NA,NA,"3150744","ESPN","14717",8,9,17,17,NA,NA,NA
"Evan McPherson","K","CIN",NA,28,32,NA,NA,NA,NA,NA,NA,7,NA,5,NA,44,45,NA,NA,"4360234","ESPN","15368",8,9,15,16,NA,NA,NA
"Nick Folk","K","ATL",NA,31,34,NA,NA,NA,NA,NA,NA,8,NA,6,NA,31,32,NA,NA,"10621","ESPN","8851",8,9,17,17,NA,NA,NA
"Trey Smack","K","GB",NA,30,35,NA,NA,NA,NA,NA,NA,8,NA,6,NA,41,44,NA,NA,"4869461","ESPN","17668",8,10,16,17,NA,NA,NA
"Spencer Shrader","K","IND",NA,30,34,NA,NA,NA,NA,NA,NA,8,NA,6,NA,36,37,NA,NA,"4571557","ESPN","16896",8,9,16,17,NA,NA,NA
"Jake Elliott","K","PHI",NA,27,32,NA,NA,NA,NA,NA,NA,7,NA,5,NA,42,45,NA,NA,"3050478","ESPN","13303",8,9,15,16,NA,NA,NA
"Daniel Carlson","K","NO",NA,31,36,NA,NA,NA,NA,NA,NA,8,NA,6,NA,32,33,NA,NA,"3051909","ESPN","13718",9,10,17,18,NA,NA,NA
"Wil Lutz","K","DEN",NA,28,33,NA,NA,NA,NA,NA,NA,7,NA,5,NA,39,41,NA,NA,"2985659","ESPN","12956",8,9,15,16,NA,NA,NA
"Tyler Bass","K","BUF",NA,26,31,NA,NA,NA,NA,NA,NA,7,NA,5,NA,48,50,NA,NA,"3917232","ESPN","14983",7,8,14,15,NA,NA,NA
"Dominic Zvada","K","NYG",NA,29,34,NA,NA,NA,NA,NA,NA,7,NA,6,NA,35,37,NA,NA,"5082424","ESPN","17736",8,9,16,17,NA,NA,NA
"Drew Stevens","K","WAS",NA,29,34,NA,NA,NA,NA,NA,NA,7,NA,6,NA,35,37,NA,NA,"5081335","ESPN","17726",8,9,16,17,NA,NA,NA
"Andy Borregales","K","NE",NA,25,31,NA,NA,NA,NA,NA,NA,6,NA,5,NA,42,45,NA,NA,"4569923","ESPN","17220",7,8,14,15,NA,NA,NA
"Riley Patterson","K","MIA",NA,30,34,NA,NA,NA,NA,NA,NA,8,NA,6,NA,24,25,NA,NA,"4243371","ESPN","15369",8,9,16,17,NA,NA,NA
"Matt Gay","K","LV",NA,29,34,NA,NA,NA,NA,NA,NA,7,NA,5,NA,27,29,NA,NA,"4249087","ESPN","14244",8,9,16,17,NA,NA,NA
"Ryan Fitzgerald","K","CAR",NA,28,32,NA,NA,NA,NA,NA,NA,7,NA,5,NA,29,30,NA,NA,"4568263","ESPN","17277",8,9,15,16,NA,NA,NA
"Joey Slye","K","TEN",NA,27,32,NA,NA,NA,NA,NA,NA,7,NA,5,NA,29,31,NA,NA,"3124084","ESPN","14600",8,9,15,16,NA,NA,NA
"Chad Ryland","K","ARI",NA,28,34,NA,NA,NA,NA,NA,NA,7,NA,5,NA,26,29,NA,NA,"4363538","ESPN","16292",8,9,15,17,NA,NA,NA
"Andre Szmyt","K","CLE",NA,28,32,NA,NA,NA,NA,NA,NA,7,NA,5,NA,24,25,NA,NA,"4258620","ESPN","16419",8,9,15,16,NA,NA,NA
"Blake Grupe","K","NYJ",NA,27,32,NA,NA,NA,NA,NA,NA,7,NA,5,NA,28,30,NA,NA,"4259619","ESPN","16444",8,9,15,16,NA,NA,NA
"Brandon Aubrey","K","DAL",NA,34.8,39.5,NA,NA,NA,NA,NA,NA,NA,NA,NA,NA,47,NA,151.4,NA,"26068","FantasyPros","16414",NA,NA,NA,NA,NA,NA,NA
"Jason Myers","K","SEA",NA,34.7,39.6,NA,NA,NA,NA,NA,NA,NA,NA,NA,NA,46.3,NA,150.4,NA,"14003","FantasyPros","12437",NA,NA,NA,NA,NA,NA,NA
"Ka'imi Fairbairn","K","HOU",NA,36.3,40.5,NA,NA,NA,NA,NA,NA,NA,NA,NA,NA,35.6,NA,144.5,NA,"15756","FantasyPros","12860",NA,NA,NA,NA,NA,NA,NA
"Cameron Dicker","K","LAC",NA,34.3,37.6,NA,NA,NA,NA,NA,NA,NA,NA,NA,NA,39.8,NA,142.7,NA,"23901","FantasyPros","15979",NA,NA,NA,NA,NA,NA,NA
"Harrison Mevis","K","LAR",NA,27.3,30.2,NA,NA,NA,NA,NA,NA,NA,NA,NA,NA,54.9,NA,136.8,NA,"26638","FantasyPros","16843",NA,NA,NA,NA,NA,NA,NA
"Jake Bates","K","DET",NA,28.3,33.8,NA,NA,NA,NA,NA,NA,NA,NA,NA,NA,51.2,NA,136,NA,"26075","FantasyPros","16846",NA,NA,NA,NA,NA,NA,NA
"Spencer Shrader","K","IND",NA,30.6,35.2,NA,NA,NA,NA,NA,NA,NA,NA,NA,NA,43.5,NA,135.2,NA,"26763","FantasyPros","16896",NA,NA,NA,NA,NA,NA,NA
"Cairo Santos","K","CHI",NA,30,34.5,NA,NA,NA,NA,NA,NA,NA,NA,NA,NA,43.3,NA,133.3,NA,"13731","FantasyPros","11945",NA,NA,NA,NA,NA,NA,NA
"Chase McLaughlin","K","TB",NA,31.5,36.2,NA,NA,NA,NA,NA,NA,NA,NA,NA,NA,38.3,NA,132.9,NA,"19058","FantasyPros","14717",NA,NA,NA,NA,NA,NA,NA
"Eddy Pineiro","K","SF",NA,31,34.7,NA,NA,NA,NA,NA,NA,NA,NA,NA,NA,39,NA,132.1,NA,"17575","FantasyPros","13719",NA,NA,NA,NA,NA,NA,NA
"Aubrey, Brandon","K","DAL",NA,37.3,45.6,0,NA,8.1,NA,6.7,NA,11.1,NA,11.4,NA,41,41.4,162.1,NA,NA,"FantasySharks","16414",NA,NA,NA,NA,8.3,NA,NA
"Fairbairn, Ka'imi","K","HOU",NA,34.7,39.4,0,NA,8.4,NA,9.6,NA,9.2,NA,7.6,NA,25.5,27.3,140,NA,NA,"FantasySharks","12860",NA,NA,NA,NA,4.7,NA,NA
"Reichard, Will","K","MIN",NA,30.4,34.5,0,NA,5,NA,7.3,NA,8,NA,10.1,NA,30,30.2,137.2,NA,NA,"FantasySharks","16681",NA,NA,NA,NA,4.1,NA,NA
"Dicker, Cameron","K","LAC",NA,31.2,33.9,0.4,NA,6.1,NA,10.9,NA,9.1,NA,4.7,NA,27,28.5,130.9,NA,NA,"FantasySharks","15979",NA,NA,NA,NA,2.7,NA,NA
"Myers, Jason","K","SEA",NA,27.8,31.3,0,NA,5.1,NA,9,NA,7.8,NA,5.8,NA,35.5,36.6,127.8,NA,NA,"FantasySharks","12437",NA,NA,NA,NA,3.5,NA,NA
"Butker, Harrison","K","KCC",NA,28.2,32,0.6,NA,7.2,NA,8.5,NA,8.6,NA,3.3,NA,28,30.5,116.4,NA,NA,"FantasySharks","13354",NA,NA,NA,NA,3.8,NA,NA
"Boswell, Chris","K","PIT",NA,25.2,29.5,0,NA,6.1,NA,5.8,NA,6.6,NA,6.7,NA,33,33.7,115.9,NA,NA,"FantasySharks","11936",NA,NA,NA,NA,4.2,NA,NA
"Mevis, Harrison","K","LAR",NA,20.6,23.2,0,NA,4.1,NA,4.8,NA,9.2,NA,2.5,NA,46,47,113.8,NA,NA,"FantasySharks","16843",NA,NA,NA,NA,2.7,NA,NA
"Santos, Cairo","K","CHI",NA,24.5,29.1,0,NA,4.4,NA,7.6,NA,8.1,NA,4.3,NA,35,35.4,111.5,NA,NA,"FantasySharks","11945",NA,NA,NA,NA,4.6,NA,NA
"Shrader, Spencer","K","IND",NA,25.4,28.2,0,NA,7.2,NA,8.5,NA,5.6,NA,4.1,NA,29.1,30.4,110.6,NA,NA,"FantasySharks","16896",NA,NA,NA,NA,2.8,NA,NA
"Little, Cam","K","JAC",NA,22.5,25.4,0,NA,4.3,NA,6.2,NA,6.9,NA,5.1,NA,33.5,33.5,109.5,NA,NA,"FantasySharks","16680",NA,NA,NA,NA,2.9,NA,NA
"McLaughlin, Chase","K","TBB",NA,23.6,27.6,0,NA,6.5,NA,5.8,NA,4.4,NA,6.9,NA,31.2,32.2,108.5,NA,NA,"FantasySharks","14717",NA,NA,NA,NA,3.9,NA,NA
"Bates, Jake","K","DET",NA,21.1,26,0,NA,3.7,NA,6.5,NA,6.9,NA,3.9,NA,44.4,46.1,107.5,NA,NA,"FantasySharks","16846",NA,NA,NA,NA,4.9,NA,NA
"Borregales, Andres","K","NEP",NA,22.6,28.4,0.9,NA,6,NA,7.8,NA,4.8,NA,3.2,NA,45,46.3,106.7,NA,NA,"FantasySharks","17220",NA,NA,NA,NA,5.7,NA,NA
"Pineiro, Eddy","K","SFO",NA,22.6,25.6,0,NA,4.5,NA,6.6,NA,7.7,NA,3.7,NA,33,37,106.7,NA,NA,"FantasySharks","13719",NA,NA,NA,NA,3,NA,NA
"Folk, Nick","K","ATL",NA,24,26.9,0,NA,3.2,NA,7.7,NA,7,NA,6.2,NA,20.6,21.3,102.8,NA,NA,"FantasySharks","8851",NA,NA,NA,NA,3,NA,NA
"Lutz, Wil","K","DEN",NA,22.7,26.9,0,NA,7.4,NA,8.3,NA,3.5,NA,3.6,NA,34.6,34.6,100.8,NA,NA,"FantasySharks","12956",NA,NA,NA,NA,4.2,NA,NA
"Bass, Tyler","K","BUF",NA,17.3,19.2,0,NA,4.6,NA,3.7,NA,5.2,NA,3.8,NA,40.1,43.5,99,NA,NA,"FantasySharks","14983",NA,NA,NA,NA,1.9,NA,NA
"Loop, Tyler","K","BAL",NA,21.2,24.9,0,NA,6.7,NA,7.9,NA,5.1,NA,1.5,NA,37,38.6,97.4,NA,NA,"FantasySharks","17222",NA,NA,NA,NA,3.7,NA,NA
"Patterson, Riley","K","MIA",NA,21.2,23.4,0,NA,4,NA,6.2,NA,7.6,NA,3.3,NA,26.1,26.9,97,NA,NA,"FantasySharks","15369",NA,NA,NA,NA,2.3,NA,NA
"Grupe, Blake","K","NYJ",NA,23.1,27,0,NA,6.4,NA,7.6,NA,3.2,NA,6,NA,20.9,20.9,94,NA,NA,"FantasySharks","16444",NA,NA,NA,NA,3.8,NA,NA
"McPherson, Evan","K","CIN",NA,17.8,21.8,0,NA,4.5,NA,4.2,NA,5.7,NA,3.4,NA,38.8,41.3,92.8,NA,NA,"FantasySharks","15368",NA,NA,NA,NA,4,NA,NA
"Ryland, Chad","K","ARI",NA,22.3,28.8,0,NA,4.9,NA,6.8,NA,5.4,NA,5.2,NA,29,29.4,92.6,NA,NA,"FantasySharks","16292",NA,NA,NA,NA,6.4,NA,NA
"Elliott, Jake","K","PHI",NA,20.9,26.9,0,NA,4.4,NA,8,NA,6.4,NA,2.1,NA,32.9,35.6,88.3,NA,NA,"FantasySharks","13303",NA,NA,NA,NA,6,NA,NA
"Slye, Joey","K","TEN",NA,21.2,26.7,0,NA,4.6,NA,4.8,NA,5.8,NA,6.1,NA,23.1,23.8,88.1,NA,NA,"FantasySharks","14600",NA,NA,NA,NA,5.5,NA,NA
"Stevens, Drew","K","WAS",NA,19.5,24.6,0,NA,5,NA,4.3,NA,6.6,NA,3.6,NA,28.8,30.2,85.8,NA,NA,"FantasySharks","17726",NA,NA,NA,NA,5.1,NA,NA
"Smack, Trey","K","GBP",NA,18.7,22.7,0,NA,6.9,NA,6.5,NA,3.4,NA,1.9,NA,29.1,30.6,80.3,NA,NA,"FantasySharks","17668",NA,NA,NA,NA,4.1,NA,NA
"Carlson, Daniel","K","NOS",NA,20.5,26.8,0,NA,5.3,NA,5,NA,4.9,NA,5.4,NA,20.6,21.1,79.1,NA,NA,"FantasySharks","13718",NA,NA,NA,NA,6.3,NA,NA
"Szmyt, Andre","K","CLE",NA,18.8,22.4,0,NA,3.6,NA,6.9,NA,4.2,NA,4,NA,19.7,20.6,77.4,NA,NA,"FantasySharks","16419",NA,NA,NA,NA,3.6,NA,NA
"Gay, Matt","K","LVR",NA,17.6,23.1,0,NA,4,NA,4.8,NA,5.5,NA,3.4,NA,22.1,22.3,70.9,NA,NA,"FantasySharks","14244",NA,NA,NA,NA,5.5,NA,NA
"Fitzgerald, Ryan","K","CAR",NA,16.8,20.6,0,NA,4.7,NA,5.2,NA,6.1,NA,0.8,NA,23.7,25.6,70.5,NA,NA,"FantasySharks","17277",NA,NA,NA,NA,3.8,NA,NA
"Zvada, Dominic","K","NYG",NA,15.8,18.9,0.4,NA,4.8,NA,6.5,NA,3.5,NA,0.6,NA,23.4,25,66.4,NA,NA,"FantasySharks","17736",NA,NA,NA,NA,3.1,NA,NA
"Brandon Aubrey","K","DAL",NA,35,40,NA,NA,NA,NA,NA,NA,NA,NA,NA,NA,45,46,150,NA,"18715","FFToday","16414",NA,NA,NA,NA,NA,14,87.5
"Cameron Dicker","K","LAC",NA,34,37,NA,NA,NA,NA,NA,NA,NA,NA,NA,NA,41,41,143,NA,"18318","FFToday","15979",NA,NA,NA,NA,NA,7,91.9
"Ka'imi Fairbairn","K","HOU",NA,34,38,NA,NA,NA,NA,NA,NA,NA,NA,NA,NA,36,37,138,NA,"14904","FFToday","12860",NA,NA,NA,NA,NA,8,89.5
"Jason Myers","K","SEA",NA,32,37,NA,NA,NA,NA,NA,NA,NA,NA,NA,NA,42,43,138,NA,"14584","FFToday","12437",NA,NA,NA,NA,NA,11,86.5
"Wil Lutz","K","DEN",NA,29,32,NA,NA,NA,NA,NA,NA,NA,NA,NA,NA,46,46,133,NA,"14750","FFToday","12956",NA,NA,NA,NA,NA,10,90.6
"Chase McLaughlin","K","TB",NA,31,35,NA,NA,NA,NA,NA,NA,NA,NA,NA,NA,38,39,131,NA,"16824","FFToday","14717",NA,NA,NA,NA,NA,10,88.6
"Harrison Butker","K","KC",NA,30,35,NA,NA,NA,NA,NA,NA,NA,NA,NA,NA,40,42,130,NA,"15827","FFToday","13354",NA,NA,NA,NA,NA,5,85.7
"Eddy Pineiro","K","SF",NA,30,34,NA,NA,NA,NA,NA,NA,NA,NA,NA,NA,40,42,130,NA,"16055","FFToday","13719",NA,NA,NA,NA,NA,8,88.2
"Tyler Bass","K","BUF",NA,25,30,NA,NA,NA,NA,NA,NA,NA,NA,NA,NA,51,54,126,NA,"17010","FFToday","14983",NA,NA,NA,NA,NA,7,83.3
"Tyler Loop","K","BAL",NA,27,31,NA,NA,NA,NA,NA,NA,NA,NA,NA,NA,44,46,125,NA,"19427","FFToday","17222",NA,NA,NA,NA,NA,13,87.1
"Jake Bates","K","DET",NA,26,31,NA,NA,NA,NA,NA,NA,NA,NA,NA,NA,47,49,125,NA,"19160","FFToday","16846",NA,NA,NA,NA,NA,6,83.9
"Cam Little","K","JAC",NA,28,31,NA,NA,NA,NA,NA,NA,NA,NA,NA,NA,41,42,125,NA,"19039","FFToday","16680",NA,NA,NA,NA,NA,7,90.3
"Will Reichard","K","MIN",NA,29,32,NA,NA,NA,NA,NA,NA,NA,NA,NA,NA,38,39,125,NA,"19090","FFToday","16681",NA,NA,NA,NA,NA,6,90.6
"Andres Borregales","K","NE",NA,26,31,NA,NA,NA,NA,NA,NA,NA,NA,NA,NA,46,48,124,NA,"19320","FFToday","17220",NA,NA,NA,NA,NA,11,83.9
"Cairo Santos","K","CHI",NA,28,32,NA,NA,NA,NA,NA,NA,NA,NA,NA,NA,40,41,124,NA,"14392","FFToday","11945",NA,NA,NA,NA,NA,10,87.5
"Trey Smack","K","GB",NA,28,33,NA,NA,NA,NA,NA,NA,NA,NA,NA,NA,40,42,124,NA,"19939","FFToday","17668",NA,NA,NA,NA,NA,11,84.8
"Spencer Shrader","K","IND",NA,28,33,NA,NA,NA,NA,NA,NA,NA,NA,NA,NA,39,41,123,NA,"19171","FFToday","16896",NA,NA,NA,NA,NA,13,84.8
"Evan McPherson","K","CIN",NA,26,30,NA,NA,NA,NA,NA,NA,NA,NA,NA,NA,43,45,121,NA,"17642","FFToday","15368",NA,NA,NA,NA,NA,6,86.7
"Chris Boswell","K","PIT",NA,28,33,NA,NA,NA,NA,NA,NA,NA,NA,NA,NA,36,37,120,NA,"14644","FFToday","11936",NA,NA,NA,NA,NA,9,84.8
"Harrison Mevis","K","LAR",NA,23,25,NA,NA,NA,NA,NA,NA,NA,NA,NA,NA,51,53,120,NA,"19640","FFToday","16843",NA,NA,NA,NA,NA,11,92
"Jake Elliott","K","PHI",NA,25,30,NA,NA,NA,NA,NA,NA,NA,NA,NA,NA,45,46,120,NA,"15860","FFToday","13303",NA,NA,NA,NA,NA,10,83.3
"Daniel Carlson","K","NO",NA,28,33,NA,NA,NA,NA,NA,NA,NA,NA,NA,NA,36,38,120,NA,"16155","FFToday","13718",NA,NA,NA,NA,NA,8,84.8
"Dominic Zvada","K","NYG",NA,26,30,NA,NA,NA,NA,NA,NA,NA,NA,NA,NA,41,42,119,NA,"19960","FFToday","17736",NA,NA,NA,NA,NA,8,86.7
"Chad Ryland","K","ARI",NA,26,32,NA,NA,NA,NA,NA,NA,NA,NA,NA,NA,34,35,112,NA,"18636","FFToday","16292",NA,NA,NA,NA,NA,14,81.3
"Drew Stevens","K","WAS",NA,24,30,NA,NA,NA,NA,NA,NA,NA,NA,NA,NA,40,43,112,NA,"19959","FFToday","17726",NA,NA,NA,NA,NA,7,80
"Riley Patterson","K","MIA",NA,27,31,NA,NA,NA,NA,NA,NA,NA,NA,NA,NA,30,32,111,NA,"17860","FFToday","15369",NA,NA,NA,NA,NA,6,87.1
"Ryan Fitzgerald","K","CAR",NA,25,29,NA,NA,NA,NA,NA,NA,NA,NA,NA,NA,35,37,110,NA,"19563","FFToday","17277",NA,NA,NA,NA,NA,5,86.2
"Nick Folk","K","ATL",NA,24,26,NA,NA,NA,NA,NA,NA,NA,NA,NA,NA,37,37,109,NA,"3188","FFToday","8851",NA,NA,NA,NA,NA,11,92.3
"Matt Gay","K","LV",NA,26,32,NA,NA,NA,NA,NA,NA,NA,NA,NA,NA,31,32,109,NA,"16578","FFToday","14244",NA,NA,NA,NA,NA,13,81.3
"Joey Slye","K","TEN",NA,26,32,NA,NA,NA,NA,NA,NA,NA,NA,NA,NA,28,30,106,NA,"16763","FFToday","14600",NA,NA,NA,NA,NA,9,81.3
"Blake Grupe","K","NYJ",NA,24,30,NA,NA,NA,NA,NA,NA,NA,NA,NA,NA,30,33,102,NA,"18719","FFToday","16444",NA,NA,NA,NA,NA,13,80
"Andre Szmyt","K","CLE",NA,23,26,NA,NA,NA,NA,NA,NA,NA,NA,NA,NA,32,33,101,NA,"19565","FFToday","16419",NA,NA,NA,NA,NA,11,88.5
"Brandon Aubrey","K","DAL",NA,38,43,NA,NA,NA,NA,NA,NA,NA,NA,NA,NA,39,NA,153,NA,"18522","RTSports","16414",NA,NA,NA,NA,NA,NA,NA
"Cameron Dicker","K","LAC",NA,37,40,NA,NA,NA,NA,NA,NA,NA,NA,NA,NA,32,NA,143,NA,"18205","RTSports","15979",NA,NA,NA,NA,NA,NA,NA
"Ka'imi Fairbairn","K","HOU",NA,38,42,NA,NA,NA,NA,NA,NA,NA,NA,NA,NA,28,NA,142,NA,"15730","RTSports","12860",NA,NA,NA,NA,NA,NA,NA
"Cam Little","K","JAX",NA,31,35,NA,NA,NA,NA,NA,NA,NA,NA,NA,NA,49,NA,142,NA,"18844","RTSports","16680",NA,NA,NA,NA,NA,NA,NA
"Jason Myers","K","SEA",NA,37,42,NA,NA,NA,NA,NA,NA,NA,NA,NA,NA,28,NA,139,NA,"15381","RTSports","12437",NA,NA,NA,NA,NA,NA,NA
"Jake Bates","K","DET",NA,28,33,NA,NA,NA,NA,NA,NA,NA,NA,NA,NA,54,NA,138,NA,"18890","RTSports","16846",NA,NA,NA,NA,NA,NA,NA
"Tyler Loop","K","BAL",NA,31,35,NA,NA,NA,NA,NA,NA,NA,NA,NA,NA,42,NA,135,NA,"19337","RTSports","17222",NA,NA,NA,NA,NA,NA,NA
"Harrison Mevis","K","LAR",NA,32,36,NA,NA,NA,NA,NA,NA,NA,NA,NA,NA,39,NA,135,NA,"18673","RTSports","16843",NA,NA,NA,NA,NA,NA,NA
"Andres Borregales","K","NE",NA,28,33,NA,NA,NA,NA,NA,NA,NA,NA,NA,NA,48,NA,132,NA,"19210","RTSports","17220",NA,NA,NA,NA,NA,NA,NA
"Harrison Butker","K","KC",NA,31,35,NA,NA,NA,NA,NA,NA,NA,NA,NA,NA,36,NA,129,NA,"16080","RTSports","13354",NA,NA,NA,NA,NA,NA,NA
"Eddy Pineiro","K","SF",NA,31,35,NA,NA,NA,NA,NA,NA,NA,NA,NA,NA,38,NA,131,NA,"16461","RTSports","13719",NA,NA,NA,NA,NA,NA,NA
"Chase McLaughlin","K","TB",NA,31,35,NA,NA,NA,NA,NA,NA,NA,NA,NA,NA,38,NA,131,NA,"16939","RTSports","14717",NA,NA,NA,NA,NA,NA,NA
"Will Reichard","K","MIN",NA,32,36,NA,NA,NA,NA,NA,NA,NA,NA,NA,NA,35,NA,131,NA,"18837","RTSports","16681",NA,NA,NA,NA,NA,NA,NA
"Tyler Bass","K","BUF",NA,28,33,NA,NA,NA,NA,NA,NA,NA,NA,NA,NA,43,NA,127,NA,"17198","RTSports","14983",NA,NA,NA,NA,NA,NA,NA
"Cairo Santos","K","CHI",NA,31,35,NA,NA,NA,NA,NA,NA,NA,NA,NA,NA,33,NA,126,NA,"14968","RTSports","11945",NA,NA,NA,NA,NA,NA,NA
"Wil Lutz","K","DEN",NA,31,35,NA,NA,NA,NA,NA,NA,NA,NA,NA,NA,33,NA,126,NA,"15760","RTSports","12956",NA,NA,NA,NA,NA,NA,NA
"Jake Elliott","K","PHI",NA,28,33,NA,NA,NA,NA,NA,NA,NA,NA,NA,NA,42,NA,126,NA,"16009","RTSports","13303",NA,NA,NA,NA,NA,NA,NA
"Chris Boswell","K","PIT",NA,27,31,NA,NA,NA,NA,NA,NA,NA,NA,NA,NA,40,NA,121,NA,"14972","RTSports","11936",NA,NA,NA,NA,NA,NA,NA
"Joey Slye","K","TEN",NA,29,34,NA,NA,NA,NA,NA,NA,NA,NA,NA,NA,34,NA,121,NA,"16895","RTSports","14600",NA,NA,NA,NA,NA,NA,NA
"Evan McPherson","K","CIN",NA,28,32,NA,NA,NA,NA,NA,NA,NA,NA,NA,NA,37,NA,121,NA,"17535","RTSports","15368",NA,NA,NA,NA,NA,NA,NA
"Trey Smack","K","GB",NA,30,35,NA,NA,NA,NA,NA,NA,NA,NA,NA,NA,31,NA,121,NA,"19791","RTSports","17668",NA,NA,NA,NA,NA,NA,NA
"Charlie Smyth","K","NO",NA,30,35,NA,NA,NA,NA,NA,NA,NA,NA,NA,NA,30,NA,120,NA,"19468","RTSports","17424",NA,NA,NA,NA,NA,NA,NA
"Riley Patterson","K","MIA",NA,29,32,NA,NA,NA,NA,NA,NA,NA,NA,NA,NA,32,NA,119,NA,"17748","RTSports","15369",NA,NA,NA,NA,NA,NA,NA
"Daniel Carlson","K","NO",NA,28,33,NA,NA,NA,NA,NA,NA,NA,NA,NA,NA,33,NA,117,NA,"16372","RTSports","13718",NA,NA,NA,NA,NA,NA,NA
"Drew Stevens","K","WAS",NA,28,33,NA,NA,NA,NA,NA,NA,NA,NA,NA,NA,25,NA,109,NA,"19623","RTSports","17726",NA,NA,NA,NA,NA,NA,NA
"Nick Folk","K","ATL",NA,30,34,NA,NA,NA,NA,NA,NA,NA,NA,NA,NA,27,NA,117,NA,"12385","RTSports","8851",NA,NA,NA,NA,NA,NA,NA
"Ryan Fitzgerald","K","CAR",NA,27,32,NA,NA,NA,NA,NA,NA,NA,NA,NA,NA,35,NA,116,NA,"19207","RTSports","17277",NA,NA,NA,NA,NA,NA,NA
"Spencer Shrader","K","IND",NA,7,8,NA,NA,NA,NA,NA,NA,NA,NA,NA,NA,13,NA,34,NA,"19044","RTSports","16896",NA,NA,NA,NA,NA,NA,NA
"Chad Ryland","K","ARI",NA,28,33,NA,NA,NA,NA,NA,NA,NA,NA,NA,NA,30,NA,114,NA,"18383","RTSports","16292",NA,NA,NA,NA,NA,NA,NA
"Matt Gay","K","LV",NA,28,33,NA,NA,NA,NA,NA,NA,NA,NA,NA,NA,29,NA,113,NA,"16736","RTSports","14244",NA,NA,NA,NA,NA,NA,NA
"Andre Szmyt","K","CLE",NA,27,31,NA,NA,NA,NA,NA,NA,NA,NA,NA,NA,30,NA,111,NA,"19415","RTSports","16419",NA,NA,NA,NA,NA,NA,NA
"Zane Gonzalez","K","MIA",NA,27,32,NA,NA,NA,NA,NA,NA,NA,NA,NA,NA,29,NA,110,NA,"16071","RTSports","13347",NA,NA,NA,NA,NA,NA,NA
"Cade York","K","NYJ",NA,27,32,NA,NA,NA,NA,NA,NA,NA,NA,NA,NA,28,NA,109,NA,"18047","RTSports","15882",NA,NA,NA,NA,NA,NA,NA
"Ben Sauls","K","NYG",NA,28,33,NA,NA,NA,NA,NA,NA,NA,NA,NA,NA,31,NA,115,NA,"19209","RTSports","17434",NA,NA,NA,NA,NA,NA,NA
"Brandon McManus","K","GB",NA,14,17,NA,NA,NA,NA,NA,NA,NA,NA,NA,NA,29,NA,71,NA,"14990","RTSports","11947",NA,NA,NA,NA,NA,NA,NA
"Blake Grupe","K","NYJ",NA,31,36,NA,NA,NA,NA,NA,NA,NA,NA,NA,NA,28,NA,121,NA,"18537","RTSports","16444",NA,NA,NA,NA,NA,NA,NA
"Jason Sanders","K","NYJ",NA,13,15,NA,NA,NA,NA,NA,NA,NA,NA,NA,NA,27,NA,66,NA,"16430","RTSports","13832",NA,NA,NA,NA,NA,NA,NA
"Jake Moody","K","BAL",NA,26,31,NA,NA,NA,NA,NA,NA,NA,NA,NA,NA,40,NA,118,NA,"18371","RTSports","16286",NA,NA,NA,NA,NA,NA,NA
"Michael Badgley","K","BUF",NA,9,10,NA,NA,NA,NA,NA,NA,NA,NA,NA,NA,17,NA,44,NA,"16531","RTSports","13980",NA,NA,NA,NA,NA,NA,NA
"John Parker Romo","K","ATL",NA,9,10,NA,NA,NA,NA,NA,NA,NA,NA,NA,NA,9,NA,36,NA,"18696","RTSports","16405",NA,NA,NA,NA,NA,NA,NA
"Graham Gano","K","NYG",NA,6,6,NA,NA,NA,NA,NA,NA,NA,NA,NA,NA,7,NA,25,NA,"13142","RTSports","9694",NA,NA,NA,NA,NA,NA,NA
"Younghoe Koo","K","NYG",NA,4,6,NA,NA,NA,NA,NA,NA,NA,NA,NA,NA,11,NA,23,NA,"16106","RTSports","13403",NA,NA,NA,NA,NA,NA,NA
"Joshua Karty","K","ARI",NA,4,6,NA,NA,NA,NA,NA,NA,NA,NA,NA,NA,9,NA,21,NA,"18841","RTSports","16775",NA,NA,NA,NA,NA,NA,NA
"Matthew Wright","K","BUF",NA,3,3,NA,NA,NA,NA,NA,NA,NA,NA,NA,NA,6,NA,15,NA,"16903","RTSports","14426",NA,NA,NA,NA,NA,NA,NA
"Matt Prater","K","BUF",NA,3,4,NA,NA,NA,NA,NA,NA,NA,NA,NA,NA,5,NA,14,NA,"12503","RTSports","8930",NA,NA,NA,NA,NA,NA,NA
"Brandon Aubrey","K","DAL",NA,34.8,39.5,NA,NA,NA,NA,NA,NA,NA,NA,NA,NA,47,NA,151.4,NA,"26068","FantasyPros","16414",NA,NA,NA,NA,NA,NA,NA
"Jason Myers","K","SEA",NA,34.7,39.6,NA,NA,NA,NA,NA,NA,NA,NA,NA,NA,46.3,NA,150.4,NA,"14003","FantasyPros","12437",NA,NA,NA,NA,NA,NA,NA
"Ka'imi Fairbairn","K","HOU",NA,36.3,40.5,NA,NA,NA,NA,NA,NA,NA,NA,NA,NA,35.6,NA,144.5,NA,"15756","FantasyPros","12860",NA,NA,NA,NA,NA,NA,NA
"Cameron Dicker","K","LAC",NA,34.3,37.6,NA,NA,NA,NA,NA,NA,NA,NA,NA,NA,39.8,NA,142.7,NA,"23901","FantasyPros","15979",NA,NA,NA,NA,NA,NA,NA
"Harrison Mevis","K","LAR",NA,27.3,30.2,NA,NA,NA,NA,NA,NA,NA,NA,NA,NA,54.9,NA,136.8,NA,"26638","FantasyPros","16843",NA,NA,NA,NA,NA,NA,NA
"Jake Bates","K","DET",NA,28.3,33.8,NA,NA,NA,NA,NA,NA,NA,NA,NA,NA,51.2,NA,136,NA,"26075","FantasyPros","16846",NA,NA,NA,NA,NA,NA,NA
"Spencer Shrader","K","IND",NA,30.6,35.2,NA,NA,NA,NA,NA,NA,NA,NA,NA,NA,43.5,NA,135.2,NA,"26763","FantasyPros","16896",NA,NA,NA,NA,NA,NA,NA
"Cairo Santos","K","CHI",NA,30,34.5,NA,NA,NA,NA,NA,NA,NA,NA,NA,NA,43.3,NA,133.3,NA,"13731","FantasyPros","11945",NA,NA,NA,NA,NA,NA,NA
"Chase McLaughlin","K","TB",NA,31.5,36.2,NA,NA,NA,NA,NA,NA,NA,NA,NA,NA,38.3,NA,132.9,NA,"19058","FantasyPros","14717",NA,NA,NA,NA,NA,NA,NA
"Eddy Pineiro","K","SF",NA,31,34.7,NA,NA,NA,NA,NA,NA,NA,NA,NA,NA,39,NA,132.1,NA,"17575","FantasyPros","13719",NA,NA,NA,NA,NA,NA,NA
