"player","pos","team","games","pass_att","pass_comp","pass_yds","pass_yds_g","pass_tds","pass_int","pass_rate","rush_att","rush_yds","rush_avg","rush_tds","fumbles_lost","site_pts","site_fppg","src_id","data_src","id","pass_09_tds","pass_1019_tds","pass_2029_tds","pass_3039_tds","pass_4049_tds","pass_50_tds","sacks","pass_250_yds","pass_300_yds","pass_350_yds","scoring_opp","bye"
"Josh Allen","QB","BUF",17,489,334,3704,217.9,30,13,99.9,125,610,4.9,10,4,396,23.3,"2181054","CBS","13589",NA,NA,NA,NA,NA,NA,NA,NA,NA,NA,NA,NA
"Lamar Jackson","QB","BAL",17,405,268,3364,197.9,33,11,107.7,107,604,5.6,3,4,362,21.3,"2181169","CBS","13593",NA,NA,NA,NA,NA,NA,NA,NA,NA,NA,NA,NA
"Dak Prescott","QB","DAL",17,614,400,4429,260.5,33,12,96.2,51,173,3.4,2,2,361,21.2,"1824864","CBS","12620",NA,NA,NA,NA,NA,NA,NA,NA,NA,NA,NA,NA
"Trevor Lawrence","QB","JAC",17,536,326,3843,226.1,31,15,90.3,77,330,4.3,6,3,357,21,"2967185","CBS","15237",NA,NA,NA,NA,NA,NA,NA,NA,NA,NA,NA,NA
"Jayden Daniels","QB","WAS",17,463,292,3416,200.9,26,12,93.3,140,746,5.3,5,2,353,20.8,"3123337","CBS","16581",NA,NA,NA,NA,NA,NA,NA,NA,NA,NA,NA,NA
"Joe Burrow","QB","CIN",17,621,410,4268,251.1,34,14,94.6,32,165,5.2,1,1,351,20.6,"2179798","CBS","14777",NA,NA,NA,NA,NA,NA,NA,NA,NA,NA,NA,NA
"Drake Maye","QB","NE",17,477,328,3862,227.2,28,11,103.1,101,517,5.1,4,6,350,20.6,"26695757","CBS","16580",NA,NA,NA,NA,NA,NA,NA,NA,NA,NA,NA,NA
"Caleb Williams","QB","CHI",17,579,339,3908,229.9,30,10,89.1,79,402,5.1,2,2,349,20.5,"26695775","CBS","16579",NA,NA,NA,NA,NA,NA,NA,NA,NA,NA,NA,NA
"Jalen Hurts","QB","PHI",17,471,302,3367,198.1,26,6,98.4,118,490,4.2,8,4,348,20.5,"2240246","CBS","14783",NA,NA,NA,NA,NA,NA,NA,NA,NA,NA,NA,NA
"Jaxson Dart","QB","NYG",17,508,315,3509,206.4,26,14,88.1,99,531,5.4,7,2,346,20.4,"26694019","CBS","17032",NA,NA,NA,NA,NA,NA,NA,NA,NA,NA,NA,NA
"Brock Purdy","QB","SF",17,558,380,4131,243,29,16,95.1,82,350,4.3,5,5,344,20.2,"2961306","CBS","15698",NA,NA,NA,NA,NA,NA,NA,NA,NA,NA,NA,NA
"Patrick Mahomes","QB","KC",17,567,353,3678,216.4,29,13,88.5,71,437,6.2,4,1,343,20.2,"2142052","CBS","13116",NA,NA,NA,NA,NA,NA,NA,NA,NA,NA,NA,NA
"Jared Goff","QB","DET",17,526,367,4250,250,34,10,107.5,22,46,2.1,0,4,340,20,"2061053","CBS","12611",NA,NA,NA,NA,NA,NA,NA,NA,NA,NA,NA,NA
"Matthew Stafford","QB","LAR",17,539,343,4042,237.8,33,7,101.4,27,38,1.4,0,2,334,19.6,"1114942","CBS","9431",NA,NA,NA,NA,NA,NA,NA,NA,NA,NA,NA,NA
"Justin Herbert","QB","LAC",17,527,351,3761,221.2,28,13,94.8,83,520,6.3,2,2,334,19.6,"2221960","CBS","14779",NA,NA,NA,NA,NA,NA,NA,NA,NA,NA,NA,NA
"Baker Mayfield","QB","TB",17,554,355,3945,232.1,29,15,91.3,60,399,6.7,2,3,333,19.6,"2080032","CBS","13590",NA,NA,NA,NA,NA,NA,NA,NA,NA,NA,NA,NA
"Malik Willis","QB","MIA",17,461,313,3109,182.9,26,17,90.2,145,724,5,5,6,321,18.9,"2804167","CBS","15694",NA,NA,NA,NA,NA,NA,NA,NA,NA,NA,NA,NA
"Kyler Murray","QB","MIN",17,480,315,3494,205.5,28,20,89.2,83,494,6,4,4,318,18.7,"2180829","CBS","14056",NA,NA,NA,NA,NA,NA,NA,NA,NA,NA,NA,NA
"Daniel Jones","QB","IND",17,535,333,3832,225.4,29,12,92.5,54,172,3.2,3,3,318,18.7,"2179245","CBS","14059",NA,NA,NA,NA,NA,NA,NA,NA,NA,NA,NA,NA
"Sam Darnold","QB","SEA",17,496,337,4105,241.5,32,13,103.8,48,144,3,0,6,315,18.5,"2180320","CBS","13592",NA,NA,NA,NA,NA,NA,NA,NA,NA,NA,NA,NA
"Bo Nix","QB","DEN",17,575,364,3508,206.4,27,10,88.7,73,306,4.2,3,1,314,18.5,"3121193","CBS","16582",NA,NA,NA,NA,NA,NA,NA,NA,NA,NA,NA,NA
"C.J. Stroud","QB","HOU",17,572,351,3918,230.5,28,12,89.3,55,249,4.5,1,3,310,18.2,"3163079","CBS","16150",NA,NA,NA,NA,NA,NA,NA,NA,NA,NA,NA,NA
"Tyler Shough","QB","NO",17,557,371,4002,235.4,24,14,91.4,76,328,4.3,4,4,308,18.1,"2964064","CBS","17039",NA,NA,NA,NA,NA,NA,NA,NA,NA,NA,NA,NA
"Jordan Love","QB","GB",17,473,309,3678,216.4,29,10,100.6,52,220,4.2,1,2,307,18.1,"2239997","CBS","14782",NA,NA,NA,NA,NA,NA,NA,NA,NA,NA,NA,NA
"Bryce Young","QB","CAR",17,515,332,3378,198.7,26,14,88.6,61,283,4.6,4,2,292,17.2,"3161957","CBS","16148",NA,NA,NA,NA,NA,NA,NA,NA,NA,NA,NA,NA
"Jacoby Brissett","QB","ARI",17,586,376,3768,221.6,24,12,87.5,56,242,4.3,2,6,276,16.2,"1877247","CBS","12616",NA,NA,NA,NA,NA,NA,NA,NA,NA,NA,NA,NA
"Cam Ward","QB","TEN",17,561,331,3337,196.3,24,10,82.9,37,148,4,3,6,259,15.2,"3168422","CBS","17030",NA,NA,NA,NA,NA,NA,NA,NA,NA,NA,NA,NA
"Geno Smith","QB","NYJ",17,492,310,2942,173.1,24,16,82.2,58,255,4.4,1,1,242,14.2,"1700358","CBS","11150",NA,NA,NA,NA,NA,NA,NA,NA,NA,NA,NA,NA
"Aaron Rodgers","QB","PIT",17,477,301,3031,178.3,23,9,89.4,21,68,3.2,1,2,240,14.1,"419780","CBS","7836",NA,NA,NA,NA,NA,NA,NA,NA,NA,NA,NA,NA
"Deshaun Watson","QB","CLE",17,430,257,2656,156.2,17,11,80.1,60,256,4.3,2,5,200,11.8,"2133482","CBS","13113",NA,NA,NA,NA,NA,NA,NA,NA,NA,NA,NA,NA
"Fernando Mendoza","QB","LV",17,419,280,2609,153.5,18,16,82.1,51,256,5,1,2,194,11.4,"28916321","CBS","17462",NA,NA,NA,NA,NA,NA,NA,NA,NA,NA,NA,NA
"Tua Tagovailoa","QB","ATL",17,342,208,2334,137.3,16,7,88.3,18,39,2.2,0,1,166,9.8,"2741209","CBS","14778",NA,NA,NA,NA,NA,NA,NA,NA,NA,NA,NA,NA
"Michael Penix Jr.","QB","ATL",17,184,112,1257,73.9,8,3,89,13,38,2.9,1,1,87,5.1,"2963496","CBS","16583",NA,NA,NA,NA,NA,NA,NA,NA,NA,NA,NA,NA
"Kirk Cousins","QB","LV",17,103,69,668,39.3,5,4,84.9,7,9,1.3,0,1,38,2.2,"1272574","CBS","10700",NA,NA,NA,NA,NA,NA,NA,NA,NA,NA,NA,NA
"Shedeur Sanders","QB","CLE",17,107,64,664,39.1,4,3,78.6,10,65,6.5,0,1,36,2.1,"26710004","CBS","17031",NA,NA,NA,NA,NA,NA,NA,NA,NA,NA,NA,NA
"Ty Simpson","QB","LAR",17,60,38,449,26.4,4,1,101.3,7,32,4.6,0,0,34,2,"28878532","CBS","17463",NA,NA,NA,NA,NA,NA,NA,NA,NA,NA,NA,NA
"Marcus Mariota","QB","WAS",17,46,29,342,20.1,3,1,98.3,1,6,6,0,0,21,1.2,"1880862","CBS","12141",NA,NA,NA,NA,NA,NA,NA,NA,NA,NA,NA,NA
"Anthony Richardson","QB","IND",17,22,14,161,9.5,1,0,100.8,5,20,4,0,0,10,0.6,"3163263","CBS","16152",NA,NA,NA,NA,NA,NA,NA,NA,NA,NA,NA,NA
"Jarrett Stidham","QB","DEN",17,24,15,144,8.5,1,0,93.1,5,19,3.8,0,0,9,0.5,"2180697","CBS","14063",NA,NA,NA,NA,NA,NA,NA,NA,NA,NA,NA,NA
"Davis Mills","QB","HOU",17,23,14,160,9.4,1,0,96.3,5,19,3.8,0,0,9,0.5,"2867381","CBS","15252",NA,NA,NA,NA,NA,NA,NA,NA,NA,NA,NA,NA
"Tommy DeVito","QB","NE",17,20,13,158,9.3,1,0,105.8,5,21,4.2,0,0,9,0.5,"2865426","CBS","16441",NA,NA,NA,NA,NA,NA,NA,NA,NA,NA,NA,NA
"Mason Rudolph","QB","PIT",17,21,13,135,7.9,1,0,96.3,4,17,4.3,0,0,9,0.5,"2131167","CBS","13595",NA,NA,NA,NA,NA,NA,NA,NA,NA,NA,NA,NA
"Tyrod Taylor","QB","GB",17,19,13,150,8.8,1,0,109.5,5,21,4.2,0,0,9,0.5,"1243338","CBS","10413",NA,NA,NA,NA,NA,NA,NA,NA,NA,NA,NA,NA
"Tyler Huntley","QB","BAL",17,17,11,133,7.8,1,0,108.2,5,28,5.6,0,0,9,0.5,"3159137","CBS","14789",NA,NA,NA,NA,NA,NA,NA,NA,NA,NA,NA,NA
"Tanner McKee","QB","PHI",17,19,12,129,7.6,1,0,100.5,5,16,3.2,0,0,8,0.5,"2963945","CBS","15702",NA,NA,NA,NA,NA,NA,NA,NA,NA,NA,NA,NA
"Joshua Dobbs","QB","DET",17,22,16,180,10.6,1,0,111.9,5,9,1.8,0,0,8,0.5,"2071844","CBS","13119",NA,NA,NA,NA,NA,NA,NA,NA,NA,NA,NA,NA
"Mitch Trubisky","QB","TEN",17,23,12,123,7.2,1,0,82.3,4,7,1.8,0,0,8,0.5,"2060476","CBS","13115",NA,NA,NA,NA,NA,NA,NA,NA,NA,NA,NA,NA
"Jalon Daniels","QB","TB",17,17,11,120,7.1,1,0,105,2,10,5,0,0,8,0.5,"3166688","CBS","17469",NA,NA,NA,NA,NA,NA,NA,NA,NA,NA,NA,NA
"Stetson Bennett","QB","LAR",17,18,11,135,7.9,1,0,102.8,2,10,5,0,0,8,0.5,"2871628","CBS","16153",NA,NA,NA,NA,NA,NA,NA,NA,NA,NA,NA,NA
"Gardner Minshew","QB","ARI",17,24,15,154,9.1,1,0,94.8,4,15,3.8,0,0,8,0.5,"2183083","CBS","14067",NA,NA,NA,NA,NA,NA,NA,NA,NA,NA,NA,NA
"Tyson Bagent","QB","CHI",17,21,14,158,9.3,1,0,104.9,5,14,2.8,0,0,8,0.5,"29081346","CBS","16384",NA,NA,NA,NA,NA,NA,NA,NA,NA,NA,NA,NA
"Cole Payton","QB","PHI",17,14,9,105,6.2,1,0,110.7,2,10,5,0,0,8,0.5,"26725861","CBS","17654",NA,NA,NA,NA,NA,NA,NA,NA,NA,NA,NA,NA
"Drew Lock","QB","SEA",17,20,13,159,9.4,1,1,85.2,5,21,4.2,0,0,7,0.4,"2185479","CBS","14057",NA,NA,NA,NA,NA,NA,NA,NA,NA,NA,NA,NA
"Mac Jones","QB","SF",17,23,15,167,9.8,1,1,83.1,5,18,3.6,0,0,7,0.4,"2741202","CBS","15241",NA,NA,NA,NA,NA,NA,NA,NA,NA,NA,NA,NA
"Brady Cook","QB","MIA",17,19,13,124,7.3,1,1,81.9,4,19,4.8,0,0,7,0.4,"3163207","CBS","17040",NA,NA,NA,NA,NA,NA,NA,NA,NA,NA,NA,NA
"Justin Fields","QB","KC",17,23,14,148,8.7,1,1,76,4,21,5.3,0,0,7,0.4,"1273205","CBS","15238",NA,NA,NA,NA,NA,NA,NA,NA,NA,NA,NA,NA
"Quinn Ewers","QB","JAC",17,22,13,157,9.2,1,1,77.3,5,19,3.8,0,0,7,0.4,"26746721","CBS","17034",NA,NA,NA,NA,NA,NA,NA,NA,NA,NA,NA,NA
"Kenny Pickett","QB","CAR",17,21,13,135,7.9,1,1,76.5,4,22,5.5,0,0,7,0.4,"2804969","CBS","15692",NA,NA,NA,NA,NA,NA,NA,NA,NA,NA,NA,NA
"Trey Lance","QB","LAC",17,22,14,149,8.8,1,1,79.5,5,19,3.8,0,0,7,0.4,"2969444","CBS","15240",NA,NA,NA,NA,NA,NA,NA,NA,NA,NA,NA,NA
"Kyle Allen","QB","BUF",17,15,8,96,5.6,1,0,95.4,3,2,0.7,0,0,7,0.4,"2131782","CBS","13879",NA,NA,NA,NA,NA,NA,NA,NA,NA,NA,NA,NA
"Jalen Milroe","QB","SEA",17,11,7,89,5.2,1,0,119.1,5,14,2.8,0,0,7,0.4,"26694943","CBS","17033",NA,NA,NA,NA,NA,NA,NA,NA,NA,NA,NA,NA
"J.J. McCarthy","QB","MIN",17,19,12,137,8.1,1,1,80.4,4,19,4.8,0,0,7,0.4,"26695214","CBS","16584",NA,NA,NA,NA,NA,NA,NA,NA,NA,NA,NA,NA
"Andy Dalton","QB","PHI",17,19,13,140,8.2,1,0,107.3,5,23,4.6,0,1,7,0.4,"1125961","CBS","10313",NA,NA,NA,NA,NA,NA,NA,NA,NA,NA,NA,NA
"Cade Klubnik","QB","NYJ",17,15,10,90,5.3,1,0,104.9,2,9,4.5,0,0,7,0.4,"28874636","CBS","17467",NA,NA,NA,NA,NA,NA,NA,NA,NA,NA,NA,NA
"Spencer Rattler","QB","NO",17,23,15,160,9.4,1,1,81.8,4,17,4.3,0,0,7,0.4,"3125863","CBS","16586",NA,NA,NA,NA,NA,NA,NA,NA,NA,NA,NA,NA
"Jameis Winston","QB","NYG",17,21,13,143,8.4,1,1,78.1,5,22,4.4,0,1,5,0.3,"1998197","CBS","12140",NA,NA,NA,NA,NA,NA,NA,NA,NA,NA,NA,NA
"Kyle McCord","QB","MIA",17,14,9,93,5.5,1,1,77.4,2,8,4,0,0,5,0.3,"26702687","CBS","17038",NA,NA,NA,NA,NA,NA,NA,NA,NA,NA,NA,NA
"Joe Flacco","QB","CIN",17,25,17,174,10.2,1,1,84.4,4,16,4,0,1,4,0.2,"1250697","CBS","9064",NA,NA,NA,NA,NA,NA,NA,NA,NA,NA,NA,NA
"Josh Allen","QB","BUF",NA,508,340,3949,NA,26,12,NA,116,581,NA,12,NA,NA,NA,"3918298","ESPN","13589",NA,NA,NA,NA,NA,NA,NA,NA,NA,NA,NA,NA
"Lamar Jackson","QB","BAL",NA,467,303,3886,NA,26,10,NA,122,671,NA,4,NA,NA,NA,"3916387","ESPN","13593",NA,NA,NA,NA,NA,NA,NA,NA,NA,NA,NA,NA
"Jayden Daniels","QB","WAS",NA,519,347,3846,NA,22,10,NA,131,669,NA,5,NA,NA,NA,"4426348","ESPN","16581",NA,NA,NA,NA,NA,NA,NA,NA,NA,NA,NA,NA
"Drake Maye","QB","NE",NA,519,355,4100,NA,27,11,NA,101,533,NA,4,NA,NA,NA,"4431452","ESPN","16580",NA,NA,NA,NA,NA,NA,NA,NA,NA,NA,NA,NA
"Joe Burrow","QB","CIN",NA,572,387,4131,NA,33,11,NA,52,189,NA,2,NA,NA,NA,"3915511","ESPN","14777",NA,NA,NA,NA,NA,NA,NA,NA,NA,NA,NA,NA
"Jalen Hurts","QB","PHI",NA,499,327,3777,NA,23,9,NA,106,437,NA,9,NA,NA,NA,"4040715","ESPN","14783",NA,NA,NA,NA,NA,NA,NA,NA,NA,NA,NA,NA
"Dak Prescott","QB","DAL",NA,553,370,4108,NA,30,12,NA,51,186,NA,2,NA,NA,NA,"2577417","ESPN","12620",NA,NA,NA,NA,NA,NA,NA,NA,NA,NA,NA,NA
"Jaxson Dart","QB","NYG",NA,502,326,3679,NA,21,10,NA,101,553,NA,6,NA,NA,NA,"4689114","ESPN","17032",NA,NA,NA,NA,NA,NA,NA,NA,NA,NA,NA,NA
"Justin Herbert","QB","LAC",NA,527,345,3849,NA,26,11,NA,78,406,NA,2,NA,NA,NA,"4038941","ESPN","14779",NA,NA,NA,NA,NA,NA,NA,NA,NA,NA,NA,NA
"Caleb Williams","QB","CHI",NA,534,320,3837,NA,25,10,NA,71,381,NA,2,NA,NA,NA,"4431611","ESPN","16579",NA,NA,NA,NA,NA,NA,NA,NA,NA,NA,NA,NA
"Trevor Lawrence","QB","JAC",NA,560,347,3946,NA,25,13,NA,73,335,NA,5,NA,NA,NA,"4360310","ESPN","15237",NA,NA,NA,NA,NA,NA,NA,NA,NA,NA,NA,NA
"Brock Purdy","QB","SF",NA,530,352,4178,NA,27,14,NA,65,277,NA,3,NA,NA,NA,"4361741","ESPN","15698",NA,NA,NA,NA,NA,NA,NA,NA,NA,NA,NA,NA
"Patrick Mahomes","QB","KCC",NA,551,358,4001,NA,26,12,NA,53,327,NA,3,NA,NA,NA,"3139477","ESPN","13116",NA,NA,NA,NA,NA,NA,NA,NA,NA,NA,NA,NA
"Bo Nix","QB","DEN",NA,564,364,3875,NA,26,11,NA,82,356,NA,4,NA,NA,NA,"4426338","ESPN","16582",NA,NA,NA,NA,NA,NA,NA,NA,NA,NA,NA,NA
"Matthew Stafford","QB","LAR",NA,558,356,4279,NA,35,10,NA,27,39,NA,1,NA,NA,NA,"12483","ESPN","9431",NA,NA,NA,NA,NA,NA,NA,NA,NA,NA,NA,NA
"Kyler Murray","QB","MIN",NA,552,373,3778,NA,22,11,NA,80,502,NA,4,NA,NA,NA,"3917315","ESPN","14056",NA,NA,NA,NA,NA,NA,NA,NA,NA,NA,NA,NA
"Tyler Shough","QB","NO",NA,545,355,3884,NA,20,11,NA,66,285,NA,4,NA,NA,NA,"4360689","ESPN","17039",NA,NA,NA,NA,NA,NA,NA,NA,NA,NA,NA,NA
"Jared Goff","QB","DET",NA,544,371,4219,NA,29,10,NA,27,50,NA,1,NA,NA,NA,"3046779","ESPN","12611",NA,NA,NA,NA,NA,NA,NA,NA,NA,NA,NA,NA
"Baker Mayfield","QB","TB",NA,526,338,3824,NA,25,12,NA,54,323,NA,1,NA,NA,NA,"3052587","ESPN","13590",NA,NA,NA,NA,NA,NA,NA,NA,NA,NA,NA,NA
"Daniel Jones","QB","IND",NA,528,349,3745,NA,20,11,NA,73,307,NA,6,NA,NA,NA,"3917792","ESPN","14059",NA,NA,NA,NA,NA,NA,NA,NA,NA,NA,NA,NA
"Jordan Love","QB","GB",NA,540,348,4039,NA,26,11,NA,50,212,NA,1,NA,NA,NA,"4036378","ESPN","14782",NA,NA,NA,NA,NA,NA,NA,NA,NA,NA,NA,NA
"Malik Willis","QB","MIA",NA,504,323,3563,NA,13,10,NA,106,547,NA,3,NA,NA,NA,"4242512","ESPN","15694",NA,NA,NA,NA,NA,NA,NA,NA,NA,NA,NA,NA
"C.J. Stroud","QB","HOU",NA,551,351,3948,NA,21,12,NA,57,249,NA,1,NA,NA,NA,"4432577","ESPN","16150",NA,NA,NA,NA,NA,NA,NA,NA,NA,NA,NA,NA
"Sam Darnold","QB","SEA",NA,512,335,4012,NA,24,12,NA,44,126,NA,1,NA,NA,NA,"3912547","ESPN","13592",NA,NA,NA,NA,NA,NA,NA,NA,NA,NA,NA,NA
"Bryce Young","QB","CAR",NA,537,334,3637,NA,20,12,NA,58,273,NA,2,NA,NA,NA,"4685720","ESPN","16148",NA,NA,NA,NA,NA,NA,NA,NA,NA,NA,NA,NA
"Cam Ward","QB","TEN",NA,558,355,3757,NA,17,10,NA,47,201,NA,2,NA,NA,NA,"4688380","ESPN","17030",NA,NA,NA,NA,NA,NA,NA,NA,NA,NA,NA,NA
"Jacoby Brissett","QB","ARI",NA,517,327,3352,NA,15,9,NA,47,210,NA,1,NA,NA,NA,"2578570","ESPN","12616",NA,NA,NA,NA,NA,NA,NA,NA,NA,NA,NA,NA
"Geno Smith","QB","NYJ",NA,531,362,3824,NA,21,14,NA,58,220,NA,1,NA,NA,NA,"15864","ESPN","11150",NA,NA,NA,NA,NA,NA,NA,NA,NA,NA,NA,NA
"Fernando Mendoza","QB","LV",NA,450,284,3058,NA,14,11,NA,52,226,NA,2,NA,NA,NA,"4837248","ESPN","17462",NA,NA,NA,NA,NA,NA,NA,NA,NA,NA,NA,NA
"Aaron Rodgers","QB","PIT",NA,568,363,3770,NA,20,11,NA,28,100,NA,1,NA,NA,NA,"8439","ESPN","7836",NA,NA,NA,NA,NA,NA,NA,NA,NA,NA,NA,NA
"Deshaun Watson","QB","CLE",NA,196,120,1282,NA,5,4,NA,26,130,NA,1,NA,NA,NA,"3122840","ESPN","13113",NA,NA,NA,NA,NA,NA,NA,NA,NA,NA,NA,NA
"Tua Tagovailoa","QB","ATL",NA,302,204,2173,NA,10,8,NA,16,44,NA,0,NA,NA,NA,"4241479","ESPN","14778",NA,NA,NA,NA,NA,NA,NA,NA,NA,NA,NA,NA
"Shedeur Sanders","QB","CLE",NA,351,221,2435,NA,10,8,NA,32,182,NA,1,NA,NA,NA,"4432762","ESPN","17031",NA,NA,NA,NA,NA,NA,NA,NA,NA,NA,NA,NA
"Kirk Cousins","QB","LV",NA,119,79,832,NA,4,3,NA,6,11,NA,0,NA,NA,NA,"14880","ESPN","10700",NA,NA,NA,NA,NA,NA,NA,NA,NA,NA,NA,NA
"Michael Penix Jr.","QB","ATL",NA,265,168,1883,NA,9,5,NA,19,77,NA,1,NA,NA,NA,"4360423","ESPN","16583",NA,NA,NA,NA,NA,NA,NA,NA,NA,NA,NA,NA
"J.J. McCarthy","QB","MIN",NA,23,15,165,NA,1,1,NA,1,6,NA,0,NA,NA,NA,"4433970","ESPN","16584",NA,NA,NA,NA,NA,NA,NA,NA,NA,NA,NA,NA
"Carson Beck","QB","ARI",NA,66,41,451,NA,3,2,NA,7,29,NA,0,NA,NA,NA,"4430841","ESPN","17466",NA,NA,NA,NA,NA,NA,NA,NA,NA,NA,NA,NA
"Justin Fields","QB","KCC",NA,21,13,141,NA,1,0,NA,3,15,NA,0,NA,NA,NA,"4362887","ESPN","15238",NA,NA,NA,NA,NA,NA,NA,NA,NA,NA,NA,NA
"Joe Flacco","QB","CIN",NA,25,15,165,NA,1,1,NA,0,1,NA,0,NA,NA,NA,"11252","ESPN","9064",NA,NA,NA,NA,NA,NA,NA,NA,NA,NA,NA,NA
"Mac Jones","QB","SF",NA,22,15,146,NA,1,1,NA,1,2,NA,0,NA,NA,NA,"4241464","ESPN","15241",NA,NA,NA,NA,NA,NA,NA,NA,NA,NA,NA,NA
"Ty Simpson","QB","LAR",NA,22,14,146,NA,1,1,NA,1,5,NA,0,NA,NA,NA,"4685522","ESPN","17463",NA,NA,NA,NA,NA,NA,NA,NA,NA,NA,NA,NA
"Jameis Winston","QB","NYG",NA,22,14,163,NA,1,1,NA,1,3,NA,0,NA,NA,NA,"2969939","ESPN","12140",NA,NA,NA,NA,NA,NA,NA,NA,NA,NA,NA,NA
"Josh Allen","QB","BUF",NA,492.1,333.4,3813.4,NA,27.5,11.2,NA,118.1,586,NA,11.5,4.1,370.5,NA,"17298","FantasyPros","13589",NA,NA,NA,NA,NA,NA,NA,NA,NA,NA,NA,NA
"Lamar Jackson","QB","BAL",NA,448.9,291.6,3651.3,NA,28.3,9.6,NA,118.7,640.3,NA,3.2,4.2,324.8,NA,"17233","FantasyPros","13593",NA,NA,NA,NA,NA,NA,NA,NA,NA,NA,NA,NA
"Jayden Daniels","QB","WAS",NA,492.8,321.8,3677.4,NA,23.8,11,NA,130,685.7,NA,4.7,2.8,322.2,NA,"22902","FantasyPros","16581",NA,NA,NA,NA,NA,NA,NA,NA,NA,NA,NA,NA
"Drake Maye","QB","NE",NA,496.7,341.4,4003.5,NA,27.7,10.4,NA,99.4,494.2,NA,3.7,5.6,321,NA,"23046","FantasyPros","16580",NA,NA,NA,NA,NA,NA,NA,NA,NA,NA,NA,NA
"Jalen Hurts","QB","PHI",NA,488,316.8,3566.5,NA,24.2,7.4,NA,111.8,461.1,NA,8.4,4,320.2,NA,"19275","FantasyPros","14783",NA,NA,NA,NA,NA,NA,NA,NA,NA,NA,NA,NA
"Joe Burrow","QB","CIN",NA,591.5,395.8,4175.4,NA,33.3,11.6,NA,48.2,178.9,NA,1.4,1.9,310.8,NA,"19196","FantasyPros","14777",NA,NA,NA,NA,NA,NA,NA,NA,NA,NA,NA,NA
"Jaxson Dart","QB","NYG",NA,509,324,3585.9,NA,22.3,11,NA,100.9,549.3,NA,6.5,2.9,309.5,NA,"23160","FantasyPros","17032",NA,NA,NA,NA,NA,NA,NA,NA,NA,NA,NA,NA
"Trevor Lawrence","QB","JAC",NA,545.7,336.1,3912.5,NA,27,13,NA,72.5,322,NA,4.9,3.4,306.6,NA,"19780","FantasyPros","15237",NA,NA,NA,NA,NA,NA,NA,NA,NA,NA,NA,NA
"Brock Purdy","QB","SF",NA,547.5,369.6,4154,NA,27.3,14.3,NA,70.8,304,NA,3.8,4.3,306,NA,"19797","FantasyPros","15698",NA,NA,NA,NA,NA,NA,NA,NA,NA,NA,NA,NA
"Dak Prescott","QB","DAL",NA,579.8,382.4,4275,NA,30.9,11.3,NA,49.1,173.3,NA,1.7,2.8,305.3,NA,"15600","FantasyPros","12620",NA,NA,NA,NA,NA,NA,NA,NA,NA,NA,NA,NA
"Allen, Josh","QB","BUF",NA,450.1,303.8,3601,NA,31.1,8.5,NA,106.9,514,NA,12.8,3,422.3,NA,NA,"FantasySharks","13589",11.3,7.8,4.5,3.4,2.3,2,26.8,10,3.2,1,80.9,NA
"Maye, Drake","QB","NEP",NA,519,350.3,4152,NA,35.1,9.7,NA,96.7,542,NA,4.3,5.8,410.1,NA,NA,"FantasySharks","16580",13,7.8,5.2,5.2,2.6,1.3,45,11,2.8,1.2,72.1,NA
"Jackson, Lamar","QB","BAL",NA,434.4,263.6,3475,NA,33.9,6.9,NA,115,690,NA,5.3,3.2,398,NA,NA,"FantasySharks","13593",12.3,8.6,4.8,3.3,2.2,2.9,31.1,6.5,2.3,1,63.9,NA
"Burrow, Joe","QB","CIN",NA,525.9,355,4207,NA,42.6,9.8,NA,47.3,172,NA,1,2.1,390.9,NA,NA,"FantasySharks","14777",18,10.4,5.3,3.9,2.7,2.3,31,11.4,6.5,1.2,85.3,NA
"Daniels, Jayden","QB","WAS",NA,433.7,292.8,3470,NA,31.8,7.4,NA,131.1,698,NA,4.2,2.4,387.1,NA,NA,"FantasySharks","16581",12.9,6.6,4.4,3.3,2.2,2.4,33.1,6.5,2.3,1,67,NA
"Williams, Caleb","QB","CHI",NA,574.6,387.8,3865,NA,37.5,9.6,NA,75.9,439,NA,1.4,2.1,386.9,NA,NA,"FantasySharks","16579",14.4,8.6,5.7,4.4,2.9,1.4,32.9,10.4,2.6,1.1,58,NA
"Prescott, Dak","QB","DAL",NA,544.6,367.6,4357,NA,36.7,9.3,NA,46,158,NA,1.5,1.6,381.4,NA,NA,"FantasySharks","12620",13.6,8.4,5.4,4.1,2.7,2.4,29.9,11.8,7.2,1.2,74,NA
"Hurts, Jalen","QB","PHI",NA,419,282.8,3352,NA,29.3,7.2,NA,114.5,505,NA,9.7,3,380.5,NA,NA,"FantasySharks","14783",12.6,6.3,4.2,3.1,2.1,1,30.7,6.3,2.2,1,68.9,NA
"Stafford, Matthew","QB","LAR",NA,538.3,348.5,4307,NA,39.7,10.2,NA,48.4,194,NA,0,1.6,380.2,NA,NA,"FantasySharks","9431",17.8,8.5,5.4,4,2.7,1.3,32.9,11.2,8.9,1.2,79.4,NA
"Nix, Bo","QB","DEN",NA,559.3,362,3725,NA,37.5,9.3,NA,79.9,361,NA,2.6,1.5,378.1,NA,NA,"FantasySharks","16582",14,8.4,6.7,4.2,2.8,1.4,33.5,10.7,2.5,1.1,64.5,NA
"Herbert, Justin","QB","LAC",NA,490,330.7,3920,NA,32.6,8.4,NA,84,482,NA,2.3,2.7,377.5,NA,NA,"FantasySharks","14779",12.2,7.3,5,3.7,2.4,1.9,48.2,9.9,2.6,1.1,59,NA
"Lawrence, Trevor","QB","JAC",NA,461.2,311.3,3690,NA,33.2,11.2,NA,65.2,270,NA,7.5,2.1,377.2,NA,NA,"FantasySharks","15237",14.6,7.1,4.6,3.5,2.3,1.2,27.9,10.2,2.5,1.1,72,NA
"Goff, Jared","QB","DET",NA,551.3,369.8,4410,NA,37,9.4,NA,49.6,198,NA,0,2.3,375.1,NA,NA,"FantasySharks","12611",14.4,8.3,5.5,4.1,2.8,1.9,32.5,11.7,7.9,1.6,74.5,NA
"Mahomes, Patrick","QB","KCC",NA,530.3,338.3,3599,NA,34.9,9.4,NA,57.2,343,NA,4.1,0.8,372.9,NA,NA,"FantasySharks","13116",13.7,8,5.3,4,2.7,1.3,38.3,9.2,2.4,1,76.2,NA
"Murray, Kyler","QB","MIN",NA,545.1,338.4,3466,NA,35.5,12,NA,70.2,379,NA,4.8,2.1,367.7,NA,NA,"FantasySharks","14056",13.6,8.2,5.5,4.1,2.7,1.4,45.3,6.5,2.3,1,80.4,NA
"Purdy, Brock","QB","SFO",NA,465.2,314,3722,NA,36,14.4,NA,62.3,285,NA,4.5,2.7,367.6,NA,NA,"FantasySharks","15698",17.4,7,4.7,3.5,2.3,1.2,27.3,10.5,2.5,1.1,73.4,NA
"Dart, Jaxson","QB","NYG",NA,452.9,285.6,3054,NA,29.5,7.3,NA,88.3,500,NA,8.8,2.6,363.5,NA,NA,"FantasySharks","17032",11.3,6.9,4.5,3.4,2.3,1.1,35.7,5.7,2,0.9,61.2,NA
"Mayfield, Baker","QB","TBB",NA,487.2,328.9,3898,NA,33.6,11.6,NA,62,372,NA,1.5,2.9,361.2,NA,NA,"FantasySharks","13590",12.4,7.3,6,3.7,2.4,1.8,29.4,10.8,2.6,1.1,64.5,NA
"Shough, Tyler","QB","NOS",NA,466.7,315,3733,NA,33.3,8.4,NA,64.3,305,NA,3.7,3,358.7,NA,NA,"FantasySharks","17039",11.7,9.9,4.7,3.5,2.3,1.2,40.9,9.6,2.5,1.1,41.7,NA
"Love, Jordan","QB","GBP",NA,497.2,330.4,3978,NA,33.6,8.2,NA,48.1,205,NA,1,1.2,353.8,NA,NA,"FantasySharks","14782",12.4,8.7,5,3.7,2.5,1.3,26.1,9.3,2.7,1.1,63.2,NA
"Stroud, C.J.","QB","HOU",NA,551.4,337,3796,NA,36.6,11.2,NA,51.9,214,NA,0.9,2.7,346.7,NA,NA,"FantasySharks","16150",13.8,8.3,5.5,4.1,2.8,2.2,33.2,9.4,2.5,1.1,53.3,NA
"Darnold, Sam","QB","SEA",NA,475.5,318.4,3804,NA,35.3,8.2,NA,41.1,171,NA,0,2.8,338.1,NA,NA,"FantasySharks","13592",11.9,11.1,4.8,3.6,2.4,1.6,25.7,9.2,2.5,1.1,52.6,NA
"Brissett, Jacoby","QB","ARI",NA,513.8,336,3503,NA,37.5,10,NA,45,221,NA,1.1,3.9,337.8,NA,NA,"FantasySharks","12616",12.8,11.8,5.1,3.9,2.6,1.3,45.5,10.2,2.7,1,56.4,NA
"Willis, Malik","QB","MIA",NA,463.9,313.1,3711,NA,32.2,9.1,NA,46.5,159,NA,1.2,2,327.5,NA,NA,"FantasySharks","15694",13.1,7,4.6,3.5,2.3,1.6,31,7,2.5,1.1,64.5,NA
"Jones, Daniel","QB","IND",NA,414,279.4,3312,NA,27.4,10.3,NA,44.7,184,NA,5,4,306.5,NA,NA,"FantasySharks","14059",10.8,6.2,4.1,3.1,2.1,1,23.9,8,2.2,0.9,54.2,NA
"Smith, Geno","QB","NYJ",NA,478.6,298.2,2757,NA,31.8,11.4,NA,58.8,232,NA,1.3,1.6,285.7,NA,NA,"FantasySharks","11150",12,7.2,4.8,3.6,2.4,1.9,38.7,5.2,1.8,0.8,38.2,NA
"Young, Bryce","QB","CAR",NA,421.7,261.9,2738,NA,27.5,9.2,NA,49,236,NA,3.6,2.7,278.8,NA,NA,"FantasySharks","16148",10.5,6.3,4.2,3.2,2.1,1.1,27,5.1,1.8,0.8,46.4,NA
"Rodgers, Aaron","QB","PIT",NA,452.2,294.5,2951,NA,29.6,8.7,NA,40.7,133,NA,0.9,2.2,272.6,NA,NA,"FantasySharks","7836",11.3,6.8,4.7,3.4,2.3,1.1,29.4,6.2,2,0.8,58.8,NA
"Ward, Cam","QB","TEN",NA,446.4,273.4,2756,NA,29,8.5,NA,38.9,130,NA,1.7,4.2,261,NA,NA,"FantasySharks","17030",11.2,6.7,4.5,3.3,2.2,1.1,35.6,5.2,1.8,0.8,38.8,NA
"Watson, Deshaun","QB","CLE",NA,421.4,256.5,2536,NA,27.9,12.5,NA,41.1,245,NA,1,4.2,250.6,NA,NA,"FantasySharks","13113",10.5,6.3,4.2,3.2,2.1,1.5,44.9,4.8,1.7,0.7,35.9,NA
"Tagovailoa, Tua","QB","ATL",NA,343.7,232,2750,NA,26.6,9.2,NA,35.3,124,NA,0.7,1.1,249.2,NA,NA,"FantasySharks","14778",10.9,5.9,3.9,2.9,2,1,25,5.2,1.8,0.8,39.6,NA
"Mendoza, Fernando","QB","LVR",NA,256.9,173.4,2055,NA,16.7,5.1,NA,23.1,92,NA,0,1.5,170.8,NA,NA,"FantasySharks","17462",6.4,3.9,2.6,1.9,1.3,0.6,16.7,3.9,1.3,0.6,8.9,NA
"Cousins, Kirk","QB","LVR",NA,236.8,147.7,1501,NA,15.4,6.9,NA,20.1,68,NA,0.7,0.8,139.2,NA,NA,"FantasySharks","10700",5.9,3.6,2.4,1.8,1.2,0.6,18,2.8,1,0.4,19.5,NA
"Rattler, Spencer","QB","NOS",NA,188.8,117.9,1092,NA,12.3,4.4,NA,18.1,101,NA,0,2.7,104,NA,NA,"FantasySharks","16586",4.7,2.8,1.9,1.4,0.9,0.5,14.6,2,0.7,0.3,8,NA
"Sanders, Shedeur","QB","CLE",NA,202.6,136.7,888,NA,13.2,5.5,NA,20.5,121,NA,0.1,0.4,103.6,NA,NA,"FantasySharks","17031",5.1,3,2,1.5,1,0.5,17.5,1.7,0.6,0.3,9.9,NA
"McCarthy, J.J.","QB","MIN",NA,140,94.5,888,NA,10,4.3,NA,20.8,87,NA,1.9,0.9,99.5,NA,NA,"FantasySharks","16584",3.5,3,1.4,1,0.7,0.3,10.8,1.7,0.6,0.3,19.6,NA
"Penix Jr., Michael","QB","ATL",NA,113.7,76.7,793,NA,7.5,2.3,NA,10.1,30,NA,0.4,0.7,72,NA,NA,"FantasySharks","16583",2.8,1.7,1.1,0.9,0.6,0.3,7,1.5,0.5,0.2,10.4,NA
"Winston, Jameis","QB","NYG",NA,101.4,68.2,701,NA,6.6,2.3,NA,13.4,46,NA,1.5,1.1,71.4,NA,NA,"FantasySharks","12140",2.5,1.5,1,0.8,0.5,0.3,8.1,1.3,0.5,0.2,11.3,NA
"Rudolph, Mason","QB","PIT",NA,87.6,59.2,701,NA,7.5,1.4,NA,20.2,45,NA,0,0,68.3,NA,NA,"FantasySharks","13595",4,1.3,0.9,0.7,0.4,0.2,5.7,1.3,0.4,0.2,4,NA
"Mariota, Marcus","QB","WAS",NA,72.2,47.3,578,NA,5.3,2.6,NA,24.4,135,NA,0.8,0.9,63.7,NA,NA,"FantasySharks","12141",2.4,1.1,0.7,0.5,0.4,0.2,9,1.1,0.4,0.2,12.8,NA
"Mills, Davis","QB","HOU",NA,112.1,75.6,555,NA,7.3,2.2,NA,12.3,55,NA,0,0,60.1,NA,NA,"FantasySharks","15252",2.8,1.7,1.1,0.8,0.6,0.3,7.3,1,0.4,0.2,12.1,NA
"Jones, Mac","QB","SFO",NA,74.6,50.4,597,NA,5.8,1.5,NA,33.9,31,NA,1,1.1,58.6,NA,NA,"FantasySharks","15241",2.1,1.8,0.7,0.6,0.4,0.2,4.9,1.1,0.4,0.2,9.2,NA
"Taylor, Tyrod","QB","GBP",NA,78.7,53.1,441,NA,5.3,3,NA,16.3,74,NA,0.4,0,50.1,NA,NA,"FantasySharks","10413",2,1.2,0.8,0.6,0.4,0.4,6.6,0.8,0.3,0.1,9.4,NA
"Flacco, Joe","QB","CIN",NA,86.2,51.9,492,NA,5.6,1.6,NA,8.6,22,NA,0.3,0.3,48.8,NA,NA,"FantasySharks","9064",2.2,1.3,0.9,0.6,0.4,0.2,5.4,0.9,0.3,0.1,6.9,NA
"Leonard, Riley","QB","IND",NA,70.6,47.6,343,NA,4.6,3.1,NA,11,20,NA,2.1,0,47,NA,NA,"FantasySharks","17035",1.8,1.1,0.7,0.5,0.4,0.2,4.6,0.6,0.2,0.1,14.2,NA
"Fields, Justin","QB","KCC",NA,64.3,43.4,325,NA,4.2,1.2,NA,20.7,94,NA,0.6,0.7,44.9,NA,NA,"FantasySharks","15238",1.6,1,0.6,0.5,0.4,0.2,6.6,0.6,0.2,0.1,5,NA
"Pickett, Kenny","QB","CAR",NA,56.1,34.4,377,NA,4.7,2.2,NA,9,27,NA,0,0,38.1,NA,NA,"FantasySharks","15692",1.6,0.8,1.4,0.4,0.3,0.1,8.7,0.7,0.3,0.1,7.4,NA
"Minshew, Gardner","QB","ARI",NA,43.7,29.5,350,NA,2.8,1.9,NA,15.1,16,NA,0,0,28.6,NA,NA,"FantasySharks","14067",1.1,0.7,0.4,0.3,0.2,0.1,2.8,0.7,0.2,0.1,0,NA
"Klubnik, Cade","QB","NYJ",NA,47.2,31.9,219,NA,3.1,3.1,NA,10.6,64,NA,0,1.7,23.2,NA,NA,"FantasySharks","17467",1.2,0.7,0.5,0.4,0.2,0.1,9.9,0.4,0.1,0.1,0,NA
"Wentz, Carson","QB","MIN",NA,30.6,20.6,245,NA,2.1,0.7,NA,3,11,NA,0,0,21,NA,NA,"FantasySharks","12610",0.8,0.6,0.3,0.2,0.2,0.1,3.2,0.5,0.2,0.1,3.8,NA
"Dalton, Andy","QB","PHI",NA,21,13.4,168,NA,2.4,0.4,NA,12.3,12,NA,0,0,18.9,NA,NA,"FantasySharks","10313",1.5,0.3,0.3,0.2,0.1,0.1,1.3,0.3,0.1,0.1,3.1,NA
"Huntley, Tyler","QB","BAL",NA,35.9,24.3,198,NA,2.3,0.7,NA,15,9,NA,0,0.3,18.8,NA,NA,"FantasySharks","14789",0.9,0.5,0.4,0.3,0.2,0.1,2.2,0.4,0.1,0.1,0.2,NA
"Lance, Trey","QB","LAC",NA,27.8,18.8,156,NA,1.8,0.6,NA,15.4,32,NA,0,0,17.7,NA,NA,"FantasySharks","15240",0.7,0.4,0.3,0.2,0.1,0.1,3.5,0.3,0.1,0,0.8,NA
"Ewers, Quinn","QB","JAC",NA,24.5,15.6,137,NA,1.7,1.1,NA,11.7,6,NA,0,0,13,NA,NA,"FantasySharks","17034",0.6,0.4,0.2,0.2,0.1,0.1,3.1,0.3,0.1,0,2.4,NA
"O'Connell, Aidan","QB","LVR",NA,19.8,13.3,111,NA,1.3,0.5,NA,1.8,5,NA,0,0,10.7,NA,NA,"FantasySharks","16159",0.5,0.3,0.2,0.1,0.1,0.1,1.3,0.2,0.1,0,1.4,NA
"Richardson, Anthony","QB","IND",NA,11.4,7.7,67,NA,0.7,0.3,NA,4.6,16,NA,0.3,0.1,9.5,NA,NA,"FantasySharks","16152",0.3,0.2,0.1,0.1,0.1,0,0.7,0.1,0,0,1.4,NA
"Howell, Sam","QB","DAL",NA,18.4,11.7,126,NA,1.2,0.5,NA,2.6,6,NA,0,1.3,8.5,NA,NA,"FantasySharks","15693",0.5,0.3,0.2,0.1,0.1,0.1,1.2,0.2,0.1,0,6.7,NA
"Lock, Drew","QB","SEA",NA,18,11.1,69,NA,1.3,0.5,NA,14.6,3,NA,0,0.2,8,NA,NA,"FantasySharks","14057",0.5,0.3,0.2,0.1,0.2,0.1,1.5,0.1,0.1,0,0.6,NA
"Bagent, Tyson","QB","CHI",NA,9.5,6.4,76,NA,0.6,0.2,NA,11.4,3,NA,0,0,6.4,NA,NA,"FantasySharks","16384",0.2,0.1,0.1,0.1,0.1,0,0.6,0.1,0.1,0,0,NA
"Rush, Cooper","QB","ATL",NA,10.6,7.2,53,NA,0.7,0.3,NA,1.7,2,NA,0,0.3,4.8,NA,NA,"FantasySharks","13124",0.3,0.2,0.1,0.1,0.1,0,0.7,0.1,0,0,0.5,NA
"DeVito, Tommy","QB","NEP",NA,9.3,6.1,40,NA,0.6,0.2,NA,7.8,2,NA,0,0,4.4,NA,NA,"FantasySharks","16441",0.2,0.1,0.1,0.1,0.1,0,1.2,0.1,0,0,0,NA
"Gabriel, Dillon","QB","CLE",NA,7,4.4,35,NA,0.5,0.1,NA,0.6,1,NA,0,0,3.9,NA,NA,"FantasySharks","17037",0.3,0.1,0.1,0.1,0,0,1.1,0.1,0,0,0.7,NA
"McKee, Tanner","QB","PHI",NA,4.3,2.9,26,NA,0.3,0.1,NA,2.5,1,NA,0,0,2.6,NA,NA,"FantasySharks","15702",0.1,0.1,0,0,0,0,0.3,0.1,0,0,0.6,NA
"Trubisky, Mitchell","QB","TEN",NA,2.4,1.6,12,NA,0.2,0.1,NA,0.5,1,NA,0,0,1.3,NA,NA,"FantasySharks","13115",0.1,0,0,0,0,0,0.2,0,0,0,0.1,NA
"Dobbs, Joshua","QB","DET",NA,3.3,2.2,8,NA,0.2,0.1,NA,3.2,0,NA,0,0,1.2,NA,NA,"FantasySharks","13119",0.1,0.1,0,0,0,0,0.2,0,0,0,0,NA
"Milroe, Jalen","QB","SEA",NA,0,0,0,NA,0,0,NA,3.7,11,NA,0,0,1.1,NA,NA,"FantasySharks","17033",0,0,0,0,0,0,0,0,0,0,0,NA
"Green, Taylen","QB","CLE",NA,1.1,0.7,9,NA,0.1,0,NA,0.2,0,NA,0,0,0.7,NA,NA,"FantasySharks","17657",0,0,0,0,0,0,0.2,0,0,0,0,NA
"Wilson, Zach","QB","NOS",NA,1.6,1,6,NA,0.1,0,NA,0.6,0,NA,0,0,0.7,NA,NA,"FantasySharks","15239",0,0,0,0,0,0,0.1,0,0,0,0,NA
"Allen, Kyle","QB","BUF",NA,0.4,0.3,1,NA,0,0,NA,1.7,5,NA,0,0,0.6,NA,NA,"FantasySharks","13879",0,0,0,0,0,0,0,0,0,0,0,NA
"McCord, Kyle","QB","MIA",NA,3.5,2.3,0,NA,0.2,0.1,NA,2.3,-2.3,NA,0,0,0.6,NA,NA,"FantasySharks","17038",0.1,0.1,0,0,0,0,0.2,0,0,0,0,NA
"Daniels, Jalon","QB","TBB",NA,1.2,0.8,6,NA,0.1,0,NA,7.1,0,NA,0,0,0.6,NA,NA,"FantasySharks","17469",0,0,0,0,0,0,0.1,0,0,0,0,NA
"Cook, Brady","QB","MIA",NA,0.7,0.5,4,NA,0,0,NA,0.1,0,NA,0,0,0.3,NA,NA,"FantasySharks","17040",0,0,0,0,0,0,0.1,0,0,0,0.1,NA
"Josh Allen","QB","BUF",NA,479,326,3787,NA,26,9,NA,113,567,NA,12,NA,422.1,NA,"16228","FFToday","13589",NA,NA,NA,NA,NA,NA,NA,NA,NA,NA,NA,7
"Drake Maye","QB","NE",NA,494,341,4049,NA,28,9,NA,96,433,NA,3,NA,375.8,NA,"19046","FFToday","16580",NA,NA,NA,NA,NA,NA,NA,NA,NA,NA,NA,11
"Lamar Jackson","QB","BAL",NA,475,304,3704,NA,26,8,NA,127,646,NA,3,NA,371.8,NA,"16255","FFToday","13593",NA,NA,NA,NA,NA,NA,NA,NA,NA,NA,NA,13
"Jayden Daniels","QB","WAS",NA,496,327,3770,NA,23,11,NA,119,642,NA,4,NA,368.7,NA,"18946","FFToday","16581",NA,NA,NA,NA,NA,NA,NA,NA,NA,NA,NA,7
"Jalen Hurts","QB","PHI",NA,494,321,3556,NA,23,7,NA,111,456,NA,8,NA,363.4,NA,"17116","FFToday","14783",NA,NA,NA,NA,NA,NA,NA,NA,NA,NA,NA,10
"Joe Burrow","QB","CIN",NA,581,390,4128,NA,33,10,NA,61,182,NA,1,NA,362.6,NA,"17028","FFToday","14777",NA,NA,NA,NA,NA,NA,NA,NA,NA,NA,NA,6
"Bo Nix","QB","DEN",NA,527,338,3850,NA,27,12,NA,82,362,NA,4,NA,360.7,NA,"19071","FFToday","16582",NA,NA,NA,NA,NA,NA,NA,NA,NA,NA,NA,10
"Brock Purdy","QB","SF",NA,555,377,4159,NA,26,13,NA,65,286,NA,3,NA,358.6,NA,"18184","FFToday","15698",NA,NA,NA,NA,NA,NA,NA,NA,NA,NA,NA,8
"Dak Prescott","QB","DAL",NA,572,377,4289,NA,30,10,NA,45,161,NA,1,NA,356.6,NA,"15681","FFToday","12620",NA,NA,NA,NA,NA,NA,NA,NA,NA,NA,NA,14
"Jared Goff","QB","DET",NA,572,383,4459,NA,32,10,NA,23,50,NA,0,NA,356,NA,"15589","FFToday","12611",NA,NA,NA,NA,NA,NA,NA,NA,NA,NA,NA,6
"Caleb Williams","QB","CHI",NA,538,333,3871,NA,27,8,NA,88,412,NA,2,NA,354.8,NA,"19147","FFToday","16579",NA,NA,NA,NA,NA,NA,NA,NA,NA,NA,NA,10
"Justin Herbert","QB","LAC",NA,534,352,3952,NA,25,11,NA,74,427,NA,2,NA,352.3,NA,"17102","FFToday","14779",NA,NA,NA,NA,NA,NA,NA,NA,NA,NA,NA,7
"Trevor Lawrence","QB","JAC",NA,541,335,3948,NA,25,11,NA,67,301,NA,4,NA,351.5,NA,"17624","FFToday","15237",NA,NA,NA,NA,NA,NA,NA,NA,NA,NA,NA,7
"Jaxson Dart","QB","NYG",NA,517,331,3570,NA,20,9,NA,103,564,NA,6,NA,350.9,NA,"19347","FFToday","17032",NA,NA,NA,NA,NA,NA,NA,NA,NA,NA,NA,8
"Tyler Shough","QB","NO",NA,549,362,3951,NA,22,10,NA,94,377,NA,4,NA,347.3,NA,"19502","FFToday","17039",NA,NA,NA,NA,NA,NA,NA,NA,NA,NA,NA,8
"Matthew Stafford","QB","LAR",NA,544,359,4242,NA,33,9,NA,17,22,NA,0,NA,346.3,NA,"11001","FFToday","9431",NA,NA,NA,NA,NA,NA,NA,NA,NA,NA,NA,11
"Patrick Mahomes","QB","KC",NA,547,350,3831,NA,26,11,NA,57,315,NA,3,NA,345.1,NA,"15946","FFToday","13116",NA,NA,NA,NA,NA,NA,NA,NA,NA,NA,NA,5
"Kyler Murray","QB","MIN",NA,525,346,3672,NA,23,12,NA,85,494,NA,3,NA,343,NA,"16663","FFToday","14056",NA,NA,NA,NA,NA,NA,NA,NA,NA,NA,NA,6
"Jordan Love","QB","GB",NA,516,336,4026,NA,26,10,NA,52,217,NA,1,NA,333,NA,"17146","FFToday","14782",NA,NA,NA,NA,NA,NA,NA,NA,NA,NA,NA,11
"Sam Darnold","QB","SEA",NA,510,337,4130,NA,26,13,NA,40,125,NA,1,NA,329,NA,"16316","FFToday","13592",NA,NA,NA,NA,NA,NA,NA,NA,NA,NA,NA,11
"Baker Mayfield","QB","TB",NA,543,353,3750,NA,24,12,NA,60,366,NA,1,NA,326.1,NA,"16116","FFToday","13590",NA,NA,NA,NA,NA,NA,NA,NA,NA,NA,NA,10
"Malik Willis","QB","MIA",NA,515,319,3450,NA,15,10,NA,124,657,NA,4,NA,322.2,NA,"18247","FFToday","15694",NA,NA,NA,NA,NA,NA,NA,NA,NA,NA,NA,6
"Daniel Jones","QB","IND",NA,492,329,3688,NA,21,12,NA,73,278,NA,3,NA,314.2,NA,"16624","FFToday","14059",NA,NA,NA,NA,NA,NA,NA,NA,NA,NA,NA,13
"C.J. Stroud","QB","HOU",NA,529,339,3759,NA,21,10,NA,51,218,NA,1,NA,299.8,NA,"18666","FFToday","16150",NA,NA,NA,NA,NA,NA,NA,NA,NA,NA,NA,8
"Bryce Young","QB","CAR",NA,524,336,3355,NA,22,10,NA,55,229,NA,3,NA,296.7,NA,"18704","FFToday","16148",NA,NA,NA,NA,NA,NA,NA,NA,NA,NA,NA,5
"Geno Smith","QB","NYJ",NA,540,351,3619,NA,21,14,NA,56,157,NA,1,NA,286.7,NA,"13362","FFToday","11150",NA,NA,NA,NA,NA,NA,NA,NA,NA,NA,NA,13
"Cam Ward","QB","TEN",NA,572,349,3662,NA,19,11,NA,49,207,NA,1,NA,285.8,NA,"19538","FFToday","17030",NA,NA,NA,NA,NA,NA,NA,NA,NA,NA,NA,9
"Aaron Rodgers","QB","PIT",NA,537,354,3649,NA,23,8,NA,29,80,NA,0,NA,282.5,NA,"2480","FFToday","7836",NA,NA,NA,NA,NA,NA,NA,NA,NA,NA,NA,9
"Jacoby Brissett","QB","ARI",NA,521,338,3645,NA,19,10,NA,43,178,NA,1,NA,282.1,NA,"15522","FFToday","12616",NA,NA,NA,NA,NA,NA,NA,NA,NA,NA,NA,14
"Fernando Mendoza","QB","LV",NA,426,264,2979,NA,15,10,NA,48,217,NA,1,NA,236.7,NA,"19797","FFToday","17462",NA,NA,NA,NA,NA,NA,NA,NA,NA,NA,NA,13
"Tua Tagovailoa","QB","ATL",NA,369,243,2544,NA,13,7,NA,18,42,NA,0,NA,183.4,NA,"17221","FFToday","14778",NA,NA,NA,NA,NA,NA,NA,NA,NA,NA,NA,11
"Deshaun Watson","QB","CLE",NA,288,184,2045,NA,10,7,NA,47,189,NA,1,NA,167.2,NA,"16031","FFToday","13113",NA,NA,NA,NA,NA,NA,NA,NA,NA,NA,NA,11
"Shedeur Sanders","QB","CLE",NA,268,156,1798,NA,10,8,NA,32,182,NA,1,NA,154.1,NA,"19495","FFToday","17031",NA,NA,NA,NA,NA,NA,NA,NA,NA,NA,NA,11
"Michael Penix Jr.","QB","ATL",NA,219,136,1555,NA,8,4,NA,15,46,NA,0,NA,114.4,NA,"19080","FFToday","16583",NA,NA,NA,NA,NA,NA,NA,NA,NA,NA,NA,11
"Kirk Cousins","QB","LV",NA,121,75,844,NA,6,5,NA,3,7,NA,0,NA,66.9,NA,"12376","FFToday","10700",NA,NA,NA,NA,NA,NA,NA,NA,NA,NA,NA,13
"Carson Beck","QB","ARI",NA,63,40,449,NA,3,2,NA,7,24,NA,0,NA,36.9,NA,"19741","FFToday","17466",NA,NA,NA,NA,NA,NA,NA,NA,NA,NA,NA,14
"Jameis Winston","QB","NYG",NA,35,20,277,NA,2,2,NA,2,8,NA,0,NA,22.7,NA,"15353","FFToday","12140",NA,NA,NA,NA,NA,NA,NA,NA,NA,NA,NA,8
"Riley Leonard","QB","IND",NA,37,23,259,NA,2,1,NA,2,9,NA,0,NA,21.9,NA,"19423","FFToday","17035",NA,NA,NA,NA,NA,NA,NA,NA,NA,NA,NA,13
"J.J. McCarthy","QB","MIN",NA,41,24,286,NA,1,1,NA,4,18,NA,0,NA,20.1,NA,"19048","FFToday","16584",NA,NA,NA,NA,NA,NA,NA,NA,NA,NA,NA,6
"Justin Fields","QB","KC",NA,35,22,237,NA,1,1,NA,4,19,NA,0,NA,17.8,NA,"17568","FFToday","15238",NA,NA,NA,NA,NA,NA,NA,NA,NA,NA,NA,5
"Davis Mills","QB","HOU",NA,32,20,221,NA,1,1,NA,2,4,NA,0,NA,15.5,NA,"17646","FFToday","15252",NA,NA,NA,NA,NA,NA,NA,NA,NA,NA,NA,8
"Joe Milton III","QB","DAL",NA,24,15,177,NA,1,1,NA,4,22,NA,0,NA,15.1,NA,"19059","FFToday","16585",NA,NA,NA,NA,NA,NA,NA,NA,NA,NA,NA,14
"Tyson Bagent","QB","CHI",NA,26,17,195,NA,1,0,NA,2,6,NA,0,NA,14.4,NA,"18718","FFToday","16384",NA,NA,NA,NA,NA,NA,NA,NA,NA,NA,NA,10
"Will Howard","QB","PIT",NA,26,16,186,NA,1,1,NA,2,7,NA,0,NA,14,NA,"19394","FFToday","17036",NA,NA,NA,NA,NA,NA,NA,NA,NA,NA,NA,9
"Kenny Pickett","QB","CAR",NA,25,16,185,NA,1,1,NA,3,6,NA,0,NA,13.9,NA,"18180","FFToday","15692",NA,NA,NA,NA,NA,NA,NA,NA,NA,NA,NA,5
"Cade Klubnik","QB","NYJ",NA,25,16,177,NA,1,1,NA,2,9,NA,0,NA,13.8,NA,"19732","FFToday","17467",NA,NA,NA,NA,NA,NA,NA,NA,NA,NA,NA,13
"Kyle Allen","QB","BUF",NA,26,16,181,NA,1,1,NA,2,6,NA,0,NA,13.7,NA,"16473","FFToday","13879",NA,NA,NA,NA,NA,NA,NA,NA,NA,NA,NA,7
"Mac Jones","QB","SF",NA,22,15,168,NA,1,0,NA,2,5,NA,0,NA,12.9,NA,"17617","FFToday","15241",NA,NA,NA,NA,NA,NA,NA,NA,NA,NA,NA,8
"Mitchell Trubisky","QB","TEN",NA,18,12,134,NA,1,1,NA,2,8,NA,0,NA,11.5,NA,"16022","FFToday","13115",NA,NA,NA,NA,NA,NA,NA,NA,NA,NA,NA,9
"Ty Simpson","QB","LAR",NA,19,11,132,NA,1,0,NA,1,5,NA,0,NA,11.1,NA,"19942","FFToday","17463",NA,NA,NA,NA,NA,NA,NA,NA,NA,NA,NA,11
"Josh Allen","QB","BUF",NA,NA,381,4241,NA,29,9,NA,104,543,NA,13,NA,451.35,NA,"16179","RTSports","13589",NA,NA,NA,NA,NA,NA,NA,NA,NA,NA,NA,NA
"Lamar Jackson","QB","BAL",NA,NA,294,3711,NA,28,8,NA,127,762,NA,6,NA,401.75,NA,"16175","RTSports","13593",NA,NA,NA,NA,NA,NA,NA,NA,NA,NA,NA,NA
"Joe Burrow","QB","CIN",NA,NA,406,4429,NA,37,10,NA,54,189,NA,2,NA,390.35,NA,"17000","RTSports","14777",NA,NA,NA,NA,NA,NA,NA,NA,NA,NA,NA,NA
"Jayden Daniels","QB","WAS",NA,NA,341,3746,NA,25,9,NA,146,819,NA,6,NA,396.2,NA,"18584","RTSports","16581",NA,NA,NA,NA,NA,NA,NA,NA,NA,NA,NA,NA
"Drake Maye","QB","NE",NA,NA,365,4129,NA,28,9,NA,90,491,NA,5,NA,388.55,NA,"18583","RTSports","16580",NA,NA,NA,NA,NA,NA,NA,NA,NA,NA,NA,NA
"Trevor Lawrence","QB","JAX",NA,NA,365,4109,NA,31,11,NA,72,342,NA,6,NA,388.65,NA,"17347","RTSports","15237",NA,NA,NA,NA,NA,NA,NA,NA,NA,NA,NA,NA
"Jalen Hurts","QB","PHI",NA,NA,337,3722,NA,26,8,NA,117,493,NA,10,NA,391.4,NA,"17005","RTSports","14783",NA,NA,NA,NA,NA,NA,NA,NA,NA,NA,NA,NA
"Justin Herbert","QB","LAC",NA,NA,372,4309,NA,31,9,NA,79,364,NA,3,NA,384.85,NA,"17002","RTSports","14779",NA,NA,NA,NA,NA,NA,NA,NA,NA,NA,NA,NA
"Caleb Williams","QB","CHI",NA,NA,373,4086,NA,30,8,NA,81,455,NA,4,NA,385.8,NA,"18582","RTSports","16579",NA,NA,NA,NA,NA,NA,NA,NA,NA,NA,NA,NA
"Dak Prescott","QB","DAL",NA,NA,407,4629,NA,33,11,NA,45,186,NA,2,NA,383.05,NA,"15439","RTSports","12620",NA,NA,NA,NA,NA,NA,NA,NA,NA,NA,NA,NA
"Jaxson Dart","QB","NYG",NA,NA,337,3566,NA,26,9,NA,108,626,NA,8,NA,383.9,NA,"19095","RTSports","17032",NA,NA,NA,NA,NA,NA,NA,NA,NA,NA,NA,NA
"Bo Nix","QB","DEN",NA,NA,395,4011,NA,29,11,NA,90,416,NA,5,NA,377.15,NA,"18586","RTSports","16582",NA,NA,NA,NA,NA,NA,NA,NA,NA,NA,NA,NA
"Jared Goff","QB","DET",NA,NA,404,4639,NA,36,9,NA,26,52,NA,0,NA,372.15,NA,"15434","RTSports","12611",NA,NA,NA,NA,NA,NA,NA,NA,NA,NA,NA,NA
"Baker Mayfield","QB","TB",NA,NA,372,4129,NA,31,10,NA,56,335,NA,2,NA,365.95,NA,"16178","RTSports","13590",NA,NA,NA,NA,NA,NA,NA,NA,NA,NA,NA,NA
"Brock Purdy","QB","SF",NA,NA,347,4138,NA,29,12,NA,65,296,NA,3,NA,358.5,NA,"17355","RTSports","15698",NA,NA,NA,NA,NA,NA,NA,NA,NA,NA,NA,NA
"Matthew Stafford","QB","LAR",NA,NA,367,4325,NA,35,9,NA,24,38,NA,0,NA,351.05,NA,"12873","RTSports","9431",NA,NA,NA,NA,NA,NA,NA,NA,NA,NA,NA,NA
"Patrick Mahomes","QB","KC",NA,NA,358,3961,NA,29,10,NA,56,303,NA,3,NA,352.35,NA,"15826","RTSports","13116",NA,NA,NA,NA,NA,NA,NA,NA,NA,NA,NA,NA
"Tyler Shough","QB","NO",NA,NA,361,3831,NA,26,10,NA,70,302,NA,5,NA,345.75,NA,"19158","RTSports","17039",NA,NA,NA,NA,NA,NA,NA,NA,NA,NA,NA,NA
"Malik Willis","QB","MIA",NA,NA,298,3426,NA,22,9,NA,89,506,NA,5,NA,330.9,NA,"17845","RTSports","15694",NA,NA,NA,NA,NA,NA,NA,NA,NA,NA,NA,NA
"Kyler Murray","QB","MIN",NA,NA,350,3667,NA,23,10,NA,84,471,NA,3,NA,330.45,NA,"16563","RTSports","14056",NA,NA,NA,NA,NA,NA,NA,NA,NA,NA,NA,NA
"Jordan Love","QB","GB",NA,NA,335,3911,NA,27,9,NA,52,215,NA,2,NA,328.05,NA,"17004","RTSports","14782",NA,NA,NA,NA,NA,NA,NA,NA,NA,NA,NA,NA
"Sam Darnold","QB","SEA",NA,NA,343,4106,NA,29,12,NA,32,103,NA,1,NA,325.6,NA,"16177","RTSports","13592",NA,NA,NA,NA,NA,NA,NA,NA,NA,NA,NA,NA
"C.J. Stroud","QB","HOU",NA,NA,338,3806,NA,25,9,NA,55,242,NA,3,NA,323.5,NA,"18222","RTSports","16150",NA,NA,NA,NA,NA,NA,NA,NA,NA,NA,NA,NA
"Jacoby Brissett","QB","ARI",NA,NA,353,3700,NA,24,10,NA,25,104,NA,1,NA,287.4,NA,"15441","RTSports","12616",NA,NA,NA,NA,NA,NA,NA,NA,NA,NA,NA,NA
"Cam Ward","QB","TEN",NA,NA,362,3741,NA,24,9,NA,55,244,NA,2,NA,310.45,NA,"19092","RTSports","17030",NA,NA,NA,NA,NA,NA,NA,NA,NA,NA,NA,NA
"Bryce Young","QB","CAR",NA,NA,356,3588,NA,27,10,NA,53,269,NA,2,NA,316.3,NA,"18220","RTSports","16148",NA,NA,NA,NA,NA,NA,NA,NA,NA,NA,NA,NA
"Daniel Jones","QB","IND",NA,NA,143,1646,NA,10,4,NA,18,88,NA,1,NA,133.1,NA,"16560","RTSports","14059",NA,NA,NA,NA,NA,NA,NA,NA,NA,NA,NA,NA
"Aaron Rodgers","QB","PIT",NA,NA,346,3519,NA,25,8,NA,31,93,NA,1,NA,283.25,NA,"11494","RTSports","7836",NA,NA,NA,NA,NA,NA,NA,NA,NA,NA,NA,NA
"Geno Smith","QB","NYJ",NA,NA,307,3255,NA,22,14,NA,34,154,NA,0,NA,252.15,NA,"14324","RTSports","11150",NA,NA,NA,NA,NA,NA,NA,NA,NA,NA,NA,NA
"Michael Penix Jr.","QB","ATL",NA,NA,213,2522,NA,14,6,NA,37,121,NA,1,NA,194.2,NA,"18585","RTSports","16583",NA,NA,NA,NA,NA,NA,NA,NA,NA,NA,NA,NA
"Deshaun Watson","QB","CLE",NA,NA,101,1065,NA,5,3,NA,21,109,NA,1,NA,87.15,NA,"15825","RTSports","13113",NA,NA,NA,NA,NA,NA,NA,NA,NA,NA,NA,NA
"Fernando Mendoza","QB","LV",NA,NA,305,3428,NA,22,10,NA,37,134,NA,1,NA,268.8,NA,"19472","RTSports","17462",NA,NA,NA,NA,NA,NA,NA,NA,NA,NA,NA,NA
"Kirk Cousins","QB","LV",NA,NA,70,819,NA,4,3,NA,4,5,NA,0,NA,54.45,NA,"14019","RTSports","10700",NA,NA,NA,NA,NA,NA,NA,NA,NA,NA,NA,NA
"Tua Tagovailoa","QB","ATL",NA,NA,167,1724,NA,10,3,NA,15,51,NA,0,NA,128.3,NA,"16985","RTSports","14778",NA,NA,NA,NA,NA,NA,NA,NA,NA,NA,NA,NA
"Shedeur Sanders","QB","CLE",NA,NA,194,2107,NA,10,7,NA,33,208,NA,1,NA,165.15,NA,"19093","RTSports","17031",NA,NA,NA,NA,NA,NA,NA,NA,NA,NA,NA,NA
"Riley Leonard","QB","IND",NA,NA,88,934,NA,6,3,NA,14,74,NA,1,NA,81.1,NA,"19101","RTSports","17035",NA,NA,NA,NA,NA,NA,NA,NA,NA,NA,NA,NA
"J.J. McCarthy","QB","MIN",NA,NA,92,1041,NA,6,4,NA,10,51,NA,0,NA,77.15,NA,"18587","RTSports","16584",NA,NA,NA,NA,NA,NA,NA,NA,NA,NA,NA,NA
"Justin Fields","QB","KC",NA,NA,70,758,NA,4,1,NA,22,116,NA,2,NA,76.5,NA,"17348","RTSports","15238",NA,NA,NA,NA,NA,NA,NA,NA,NA,NA,NA,NA
"Marcus Mariota","QB","WAS",NA,NA,62,759,NA,4,2,NA,9,53,NA,1,NA,63.25,NA,"15058","RTSports","12141",NA,NA,NA,NA,NA,NA,NA,NA,NA,NA,NA,NA
"Dillon Gabriel","QB","CLE",NA,NA,88,853,NA,4,1,NA,8,41,NA,0,NA,61.75,NA,"19099","RTSports","17037",NA,NA,NA,NA,NA,NA,NA,NA,NA,NA,NA,NA
"Quinn Ewers","QB","JAX",NA,NA,70,757,NA,5,3,NA,10,24,NA,0,NA,57.25,NA,"19097","RTSports","17034",NA,NA,NA,NA,NA,NA,NA,NA,NA,NA,NA,NA
"Joe Flacco","QB","CIN",NA,NA,68,734,NA,5,3,NA,5,8,NA,0,NA,54.5,NA,"12540","RTSports","9064",NA,NA,NA,NA,NA,NA,NA,NA,NA,NA,NA,NA
"Mac Jones","QB","SF",NA,NA,60,648,NA,5,2,NA,16,41,NA,0,NA,54.5,NA,"17351","RTSports","15241",NA,NA,NA,NA,NA,NA,NA,NA,NA,NA,NA,NA
"Anthony Richardson","QB","IND",NA,NA,26,339,NA,2,2,NA,11,58,NA,1,NA,34.75,NA,"18224","RTSports","16152",NA,NA,NA,NA,NA,NA,NA,NA,NA,NA,NA,NA
"Gardner Minshew II","QB","ARI",NA,NA,38,425,NA,3,1,NA,6,17,NA,0,NA,33.95,NA,"16768","RTSports","14067",NA,NA,NA,NA,NA,NA,NA,NA,NA,NA,NA,NA
"Spencer Rattler","QB","NO",NA,NA,44,429,NA,2,1,NA,9,46,NA,0,NA,33.05,NA,"18589","RTSports","16586",NA,NA,NA,NA,NA,NA,NA,NA,NA,NA,NA,NA
"Jameis Winston","QB","NYG",NA,NA,38,484,NA,2,2,NA,5,9,NA,0,NA,31.1,NA,"15057","RTSports","12140",NA,NA,NA,NA,NA,NA,NA,NA,NA,NA,NA,NA
"Tyler Huntley","QB","BAL",NA,NA,35,319,NA,2,1,NA,11,53,NA,0,NA,28.25,NA,"17343","RTSports","14789",NA,NA,NA,NA,NA,NA,NA,NA,NA,NA,NA,NA
"Jake Browning","QB","TB",NA,NA,29,306,NA,2,1,NA,6,27,NA,0,NA,25,NA,"16847","RTSports","14358",NA,NA,NA,NA,NA,NA,NA,NA,NA,NA,NA,NA
"Tanner McKee","QB","PHI",NA,NA,29,315,NA,2,0,NA,4,6,NA,0,NA,24.35,NA,"17856","RTSports","15702",NA,NA,NA,NA,NA,NA,NA,NA,NA,NA,NA,NA
"Mason Rudolph","QB","PIT",NA,NA,27,271,NA,2,1,NA,5,16,NA,0,NA,22.15,NA,"16174","RTSports","13595",NA,NA,NA,NA,NA,NA,NA,NA,NA,NA,NA,NA
"Tyrod Taylor","QB","GB",NA,NA,22,241,NA,2,2,NA,4,20,NA,0,NA,20.05,NA,"13731","RTSports","10413",NA,NA,NA,NA,NA,NA,NA,NA,NA,NA,NA,NA
"Andy Dalton","QB","PHI",NA,NA,29,321,NA,1,1,NA,4,4,NA,0,NA,19.45,NA,"13586","RTSports","10313",NA,NA,NA,NA,NA,NA,NA,NA,NA,NA,NA,NA
"Davis Mills","QB","HOU",NA,NA,22,233,NA,1,1,NA,5,16,NA,0,NA,16.25,NA,"17412","RTSports","15252",NA,NA,NA,NA,NA,NA,NA,NA,NA,NA,NA,NA
"Trey Lance","QB","LAC",NA,NA,21,239,NA,0,1,NA,9,43,NA,0,NA,15.25,NA,"17350","RTSports","15240",NA,NA,NA,NA,NA,NA,NA,NA,NA,NA,NA,NA
"Mitchell Trubisky","QB","TEN",NA,NA,16,168,NA,1,0,NA,8,23,NA,0,NA,14.7,NA,"15828","RTSports","13115",NA,NA,NA,NA,NA,NA,NA,NA,NA,NA,NA,NA
"Carson Wentz","QB","MIN",NA,NA,16,174,NA,1,1,NA,5,21,NA,0,NA,13.8,NA,"15435","RTSports","12610",NA,NA,NA,NA,NA,NA,NA,NA,NA,NA,NA,NA
"Jimmy Garoppolo","QB","---",NA,NA,17,192,NA,1,1,NA,3,4,NA,0,NA,13,NA,"14677","RTSports","11760",NA,NA,NA,NA,NA,NA,NA,NA,NA,NA,NA,NA
"Joshua Dobbs","QB","DET",NA,NA,13,133,NA,1,0,NA,5,15,NA,0,NA,12.15,NA,"15893","RTSports","13119",NA,NA,NA,NA,NA,NA,NA,NA,NA,NA,NA,NA
"Josh Allen","QB","BUF",NA,492.1,333.4,3813.4,NA,27.5,11.2,NA,118.1,586,NA,11.5,4.1,370.5,NA,"17298","FantasyPros","13589",NA,NA,NA,NA,NA,NA,NA,NA,NA,NA,NA,NA
"Lamar Jackson","QB","BAL",NA,448.9,291.6,3651.3,NA,28.3,9.6,NA,118.7,640.3,NA,3.2,4.2,324.8,NA,"17233","FantasyPros","13593",NA,NA,NA,NA,NA,NA,NA,NA,NA,NA,NA,NA
"Jayden Daniels","QB","WAS",NA,492.8,321.8,3677.4,NA,23.8,11,NA,130,685.7,NA,4.7,2.8,322.2,NA,"22902","FantasyPros","16581",NA,NA,NA,NA,NA,NA,NA,NA,NA,NA,NA,NA
"Drake Maye","QB","NE",NA,496.7,341.4,4003.5,NA,27.7,10.4,NA,99.4,494.2,NA,3.7,5.6,321,NA,"23046","FantasyPros","16580",NA,NA,NA,NA,NA,NA,NA,NA,NA,NA,NA,NA
"Jalen Hurts","QB","PHI",NA,488,316.8,3566.5,NA,24.2,7.4,NA,111.8,461.1,NA,8.4,4,320.2,NA,"19275","FantasyPros","14783",NA,NA,NA,NA,NA,NA,NA,NA,NA,NA,NA,NA
"Joe Burrow","QB","CIN",NA,591.5,395.8,4175.4,NA,33.3,11.6,NA,48.2,178.9,NA,1.4,1.9,310.8,NA,"19196","FantasyPros","14777",NA,NA,NA,NA,NA,NA,NA,NA,NA,NA,NA,NA
"Jaxson Dart","QB","NYG",NA,509,324,3585.9,NA,22.3,11,NA,100.9,549.3,NA,6.5,2.9,309.5,NA,"23160","FantasyPros","17032",NA,NA,NA,NA,NA,NA,NA,NA,NA,NA,NA,NA
"Trevor Lawrence","QB","JAC",NA,545.7,336.1,3912.5,NA,27,13,NA,72.5,322,NA,4.9,3.4,306.6,NA,"19780","FantasyPros","15237",NA,NA,NA,NA,NA,NA,NA,NA,NA,NA,NA,NA
"Brock Purdy","QB","SF",NA,547.5,369.6,4154,NA,27.3,14.3,NA,70.8,304,NA,3.8,4.3,306,NA,"19797","FantasyPros","15698",NA,NA,NA,NA,NA,NA,NA,NA,NA,NA,NA,NA
"Dak Prescott","QB","DAL",NA,579.8,382.4,4275,NA,30.9,11.3,NA,49.1,173.3,NA,1.7,2.8,305.3,NA,"15600","FantasyPros","12620",NA,NA,NA,NA,NA,NA,NA,NA,NA,NA,NA,NA
