"team","dst_int","dst_safety","dst_sacks","dst_tackles","dst_fum_rec","dst_fum_force","dst_td","dst_pts_allowed","dst_pts_allowed_g","dst_pass_yds_allowed","dst_rush_yds_allowed","dst_yds_allowed","dst_avg_yds_allowed","site_pts","site_fppg","data_src","id","pos","src_id","player","dst_fumbles","dst_yds_199","dst_yds_299","dst_yds_349","dst_yds_399","dst_yds_449","dst_yds_499","dst_yds_549","dst_yds_550","dst_pts_6","dst_pts_13","dst_pts_17","dst_pts_20","dst_pts_27","dst_pts_34","dst_pts_45","bye","dst_pass_yds_g","dst_rush_yds_g","dst_ret_tds"
"DEN",15,0,72.9,648,10,14,2.9,312,18.4,0,1745,4228,248.7,276.3,16.3,"CBS","0511","DST","1909",NA,NA,NA,NA,NA,NA,NA,NA,NA,NA,NA,NA,NA,NA,NA,NA,NA,NA,NA,NA,NA
"HOU",15,1,57.3,662,14,20,3.3,319,18.8,0,1821,4658,274,239.1,14.1,"CBS","0532","DST","1932",NA,NA,NA,NA,NA,NA,NA,NA,NA,NA,NA,NA,NA,NA,NA,NA,NA,NA,NA,NA,NA
"MIN",13,0,61.1,678,16,22,3,355,20.9,0,1817,4613,271.4,239.1,14.1,"CBS","0524","DST","1916",NA,NA,NA,NA,NA,NA,NA,NA,NA,NA,NA,NA,NA,NA,NA,NA,NA,NA,NA,NA,NA
"LAR",15,0,56.2,693,12,16,3,325,19.1,0,1870,4858,285.8,230.2,13.5,"CBS","0528","DST","1923",NA,NA,NA,NA,NA,NA,NA,NA,NA,NA,NA,NA,NA,NA,NA,NA,NA,NA,NA,NA,NA
"SEA",14,0,51,700,12,16,3.9,297,17.5,0,1759,4726,278,228.4,13.4,"CBS","0515","DST","1926",NA,NA,NA,NA,NA,NA,NA,NA,NA,NA,NA,NA,NA,NA,NA,NA,NA,NA,NA,NA,NA
"PHI",15,0,46.2,673,13,18,3,320,18.8,0,1916,4963,291.9,222.2,13.1,"CBS","0518","DST","1921",NA,NA,NA,NA,NA,NA,NA,NA,NA,NA,NA,NA,NA,NA,NA,NA,NA,NA,NA,NA,NA
"BAL",13,0,49.2,683,12,16,2.7,355,20.9,0,1719,4947,291,217.4,12.8,"CBS","0531","DST","1903",NA,NA,NA,NA,NA,NA,NA,NA,NA,NA,NA,NA,NA,NA,NA,NA,NA,NA,NA,NA,NA
"NE",14,0,45.5,696,12,17,3.5,370,21.8,0,1883,4915,289.1,186.5,11,"CBS","0504","DST","1931",NA,NA,NA,NA,NA,NA,NA,NA,NA,NA,NA,NA,NA,NA,NA,NA,NA,NA,NA,NA,NA
"NO",13,0,54.7,685,11,16,2.6,426,25.1,0,1792,5020,295.3,186.3,11,"CBS","0529","DST","1917",NA,NA,NA,NA,NA,NA,NA,NA,NA,NA,NA,NA,NA,NA,NA,NA,NA,NA,NA,NA,NA
"CLE",13,0,52.8,658,11,15,2.5,402,23.6,0,1800,4682,275.4,183.8,10.8,"CBS","0507","DST","1930",NA,NA,NA,NA,NA,NA,NA,NA,NA,NA,NA,NA,NA,NA,NA,NA,NA,NA,NA,NA,NA
"KC",13,0,43.8,710,10,14,2.5,359,21.1,0,1734,5039,296.4,172.8,10.2,"CBS","0512","DST","1914",NA,NA,NA,NA,NA,NA,NA,NA,NA,NA,NA,NA,NA,NA,NA,NA,NA,NA,NA,NA,NA
"JAC",13,0,32.8,703,12,17,3.5,384,22.6,0,1848,5081,298.9,171.8,10.1,"CBS","0509","DST","1913",NA,NA,NA,NA,NA,NA,NA,NA,NA,NA,NA,NA,NA,NA,NA,NA,NA,NA,NA,NA,NA
"ATL",15,0,70,689,10,14,2.7,435,25.6,0,2122,5229,307.6,170.2,10,"CBS","0526","DST","1902",NA,NA,NA,NA,NA,NA,NA,NA,NA,NA,NA,NA,NA,NA,NA,NA,NA,NA,NA,NA,NA
"DET",14,0,59.7,676,10,14,3.4,397,23.4,0,2026,5195,305.6,162.1,9.5,"CBS","0522","DST","1910",NA,NA,NA,NA,NA,NA,NA,NA,NA,NA,NA,NA,NA,NA,NA,NA,NA,NA,NA,NA,NA
"LAC",16,0,59.7,676,9,13,2.8,378,22.2,0,2040,5109,300.5,160.5,9.4,"CBS","0514","DST","1924",NA,NA,NA,NA,NA,NA,NA,NA,NA,NA,NA,NA,NA,NA,NA,NA,NA,NA,NA,NA,NA
"PIT",12,0,50.2,699,17,23,3,360,21.2,0,1837,5350,314.7,160.2,9.4,"CBS","0510","DST","1922",NA,NA,NA,NA,NA,NA,NA,NA,NA,NA,NA,NA,NA,NA,NA,NA,NA,NA,NA,NA,NA
"BUF",15,0,47.3,677,11,15,3.1,396,23.3,0,2287,5320,312.9,151.9,8.9,"CBS","0501","DST","1904",NA,NA,NA,NA,NA,NA,NA,NA,NA,NA,NA,NA,NA,NA,NA,NA,NA,NA,NA,NA,NA
"CHI",15,0,42.5,709,13,18,3.2,394,23.2,0,2276,5892,346.6,151.7,8.9,"CBS","0521","DST","1906",NA,NA,NA,NA,NA,NA,NA,NA,NA,NA,NA,NA,NA,NA,NA,NA,NA,NA,NA,NA,NA
"CIN",13,0,47,674,13,17,3,430,25.3,0,2246,5663,333.1,151,8.9,"CBS","0506","DST","1907",NA,NA,NA,NA,NA,NA,NA,NA,NA,NA,NA,NA,NA,NA,NA,NA,NA,NA,NA,NA,NA
"MIA",10,0,52.5,738,13,18,2.7,469,27.6,0,2138,5799,341.1,148.7,8.7,"CBS","0503","DST","1915",NA,NA,NA,NA,NA,NA,NA,NA,NA,NA,NA,NA,NA,NA,NA,NA,NA,NA,NA,NA,NA
"LV",11,0,46.9,724,12,17,2.4,472,27.8,0,1745,5376,316.2,141.3,8.3,"CBS","0513","DST","1920",NA,NA,NA,NA,NA,NA,NA,NA,NA,NA,NA,NA,NA,NA,NA,NA,NA,NA,NA,NA,NA
"TB",12,0,40.6,676,13,19,2.7,412,24.2,0,1833,5393,317.2,140.8,8.3,"CBS","0525","DST","1927",NA,NA,NA,NA,NA,NA,NA,NA,NA,NA,NA,NA,NA,NA,NA,NA,NA,NA,NA,NA,NA
"GB",13,0,39.1,721,12,16,2.7,375,22.1,0,1837,5160,303.5,139.3,8.2,"CBS","0523","DST","1911",NA,NA,NA,NA,NA,NA,NA,NA,NA,NA,NA,NA,NA,NA,NA,NA,NA,NA,NA,NA,NA
"WAS",11,0,47,701,9,12,2.8,453,26.6,0,2162,6107,359.2,137.8,8.1,"CBS","0520","DST","1929",NA,NA,NA,NA,NA,NA,NA,NA,NA,NA,NA,NA,NA,NA,NA,NA,NA,NA,NA,NA,NA
"IND",12,0,41.2,682,11,15,2.6,404,23.8,0,1819,5198,305.8,136.8,8,"CBS","0502","DST","1912",NA,NA,NA,NA,NA,NA,NA,NA,NA,NA,NA,NA,NA,NA,NA,NA,NA,NA,NA,NA,NA
"CAR",13,0,42.3,713,9,13,2.4,418,24.6,0,2054,5599,329.4,134.7,7.9,"CBS","0527","DST","1905",NA,NA,NA,NA,NA,NA,NA,NA,NA,NA,NA,NA,NA,NA,NA,NA,NA,NA,NA,NA,NA
"NYG",10,0,41.2,706,11,16,2.7,465,27.4,0,2526,6168,362.8,133.4,7.8,"CBS","0517","DST","1918",NA,NA,NA,NA,NA,NA,NA,NA,NA,NA,NA,NA,NA,NA,NA,NA,NA,NA,NA,NA,NA
"SF",11,0,32.1,719,12,17,2.6,400,23.5,0,1918,5353,314.9,127.7,7.5,"CBS","0530","DST","1925",NA,NA,NA,NA,NA,NA,NA,NA,NA,NA,NA,NA,NA,NA,NA,NA,NA,NA,NA,NA,NA
"TEN",10,0,53.7,723,12,16,2.8,521,30.6,0,2069,5932,348.9,114.5,6.7,"CBS","0508","DST","1928",NA,NA,NA,NA,NA,NA,NA,NA,NA,NA,NA,NA,NA,NA,NA,NA,NA,NA,NA,NA,NA
"DAL",10,0,44,726,11,15,2.4,493,29,0,2205,6209,365.2,100.4,5.9,"CBS","0516","DST","1908",NA,NA,NA,NA,NA,NA,NA,NA,NA,NA,NA,NA,NA,NA,NA,NA,NA,NA,NA,NA,NA
"ARI",11,0,35.4,746,12,16,2.5,515,30.3,0,2075,6013,353.7,96.4,5.7,"CBS","0519","DST","1901",NA,NA,NA,NA,NA,NA,NA,NA,NA,NA,NA,NA,NA,NA,NA,NA,NA,NA,NA,NA,NA
"NYJ",11,0,35.5,675,8,11,3.1,490,28.8,0,1854,5393,317.2,92.1,5.4,"CBS","0505","DST","1919",NA,NA,NA,NA,NA,NA,NA,NA,NA,NA,NA,NA,NA,NA,NA,NA,NA,NA,NA,NA,NA
"HOU",12,NA,43,1035,11,NA,3,321,NA,NA,NA,5462,NA,NA,NA,"ESPN","0532","DST","-16034","Texans D/ST",17,NA,NA,NA,NA,NA,NA,NA,NA,NA,NA,NA,NA,NA,NA,NA,NA,NA,NA,NA
"DEN",13,NA,45,1026,7,NA,3,320,NA,NA,NA,5445,NA,NA,NA,"ESPN","0511","DST","-16007","Broncos D/ST",11,NA,NA,NA,NA,NA,NA,NA,NA,NA,NA,NA,NA,NA,NA,NA,NA,NA,NA,NA
"PIT",12,NA,43,1032,10,NA,3,324,NA,NA,NA,5509,NA,NA,NA,"ESPN","0510","DST","-16023","Steelers D/ST",15,NA,NA,NA,NA,NA,NA,NA,NA,NA,NA,NA,NA,NA,NA,NA,NA,NA,NA,NA
"SEA",13,NA,42,1060,7,NA,3,324,NA,NA,NA,5507,NA,NA,NA,"ESPN","0515","DST","-16026","Seahawks D/ST",11,NA,NA,NA,NA,NA,NA,NA,NA,NA,NA,NA,NA,NA,NA,NA,NA,NA,NA,NA
"LAR",12,NA,45,1071,8,NA,3,321,NA,NA,NA,5453,NA,NA,NA,"ESPN","0528","DST","-16014","Rams D/ST",13,NA,NA,NA,NA,NA,NA,NA,NA,NA,NA,NA,NA,NA,NA,NA,NA,NA,NA,NA
"BAL",12,NA,44,1024,8,NA,3,324,NA,NA,NA,5508,NA,NA,NA,"ESPN","0531","DST","-16033","Ravens D/ST",12,NA,NA,NA,NA,NA,NA,NA,NA,NA,NA,NA,NA,NA,NA,NA,NA,NA,NA,NA
"PHI",12,NA,39,944,7,NA,3,328,NA,NA,NA,5568,NA,NA,NA,"ESPN","0518","DST","-16021","Eagles D/ST",11,NA,NA,NA,NA,NA,NA,NA,NA,NA,NA,NA,NA,NA,NA,NA,NA,NA,NA,NA
"CLE",11,NA,41,1025,7,NA,3,334,NA,NA,NA,5674,NA,NA,NA,"ESPN","0507","DST","-16005","Browns D/ST",10,NA,NA,NA,NA,NA,NA,NA,NA,NA,NA,NA,NA,NA,NA,NA,NA,NA,NA,NA
"NE",13,NA,41,1024,6,NA,3,337,NA,NA,NA,5725,NA,NA,NA,"ESPN","0504","DST","-16017","Patriots D/ST",9,NA,NA,NA,NA,NA,NA,NA,NA,NA,NA,NA,NA,NA,NA,NA,NA,NA,NA,NA
"DET",12,NA,40,1020,9,NA,3,335,NA,NA,NA,5690,NA,NA,NA,"ESPN","0522","DST","-16008","Lions D/ST",14,NA,NA,NA,NA,NA,NA,NA,NA,NA,NA,NA,NA,NA,NA,NA,NA,NA,NA,NA
"KCC",12,NA,41,1055,7,NA,3,335,NA,NA,NA,5702,NA,NA,NA,"ESPN","0512","DST","-16012","Chiefs D/ST",10,NA,NA,NA,NA,NA,NA,NA,NA,NA,NA,NA,NA,NA,NA,NA,NA,NA,NA,NA
"LAC",13,NA,40,1011,8,NA,4,343,NA,NA,NA,5826,NA,NA,NA,"ESPN","0514","DST","-16024","Chargers D/ST",12,NA,NA,NA,NA,NA,NA,NA,NA,NA,NA,NA,NA,NA,NA,NA,NA,NA,NA,NA
"TB",12,NA,42,1013,5,NA,4,339,NA,NA,NA,5766,NA,NA,NA,"ESPN","0525","DST","-16027","Buccaneers D/ST",8,NA,NA,NA,NA,NA,NA,NA,NA,NA,NA,NA,NA,NA,NA,NA,NA,NA,NA,NA
"GB",12,NA,41,1012,7,NA,4,344,NA,NA,NA,5848,NA,NA,NA,"ESPN","0523","DST","-16009","Packers D/ST",11,NA,NA,NA,NA,NA,NA,NA,NA,NA,NA,NA,NA,NA,NA,NA,NA,NA,NA,NA
"JAC",13,NA,41,1035,7,NA,4,347,NA,NA,NA,5892,NA,NA,NA,"ESPN","0509","DST","-16030","Jaguars D/ST",10,NA,NA,NA,NA,NA,NA,NA,NA,NA,NA,NA,NA,NA,NA,NA,NA,NA,NA,NA
"NO",12,NA,38,1007,6,NA,4,343,NA,NA,NA,5833,NA,NA,NA,"ESPN","0529","DST","-16018","Saints D/ST",10,NA,NA,NA,NA,NA,NA,NA,NA,NA,NA,NA,NA,NA,NA,NA,NA,NA,NA,NA
"NYJ",11,NA,39,1089,9,NA,4,348,NA,NA,NA,5915,NA,NA,NA,"ESPN","0505","DST","-16020","Jets D/ST",14,NA,NA,NA,NA,NA,NA,NA,NA,NA,NA,NA,NA,NA,NA,NA,NA,NA,NA,NA
"SF",11,NA,39,1062,9,NA,4,345,NA,NA,NA,5873,NA,NA,NA,"ESPN","0530","DST","-16025","49ers D/ST",14,NA,NA,NA,NA,NA,NA,NA,NA,NA,NA,NA,NA,NA,NA,NA,NA,NA,NA,NA
"DAL",11,NA,39,1031,7,NA,4,346,NA,NA,NA,5883,NA,NA,NA,"ESPN","0516","DST","-16006","Cowboys D/ST",11,NA,NA,NA,NA,NA,NA,NA,NA,NA,NA,NA,NA,NA,NA,NA,NA,NA,NA,NA
"IND",12,NA,39,998,6,NA,4,348,NA,NA,NA,5915,NA,NA,NA,"ESPN","0502","DST","-16011","Colts D/ST",10,NA,NA,NA,NA,NA,NA,NA,NA,NA,NA,NA,NA,NA,NA,NA,NA,NA,NA,NA
"MIN",11,NA,39,1115,9,NA,4,350,NA,NA,NA,5948,NA,NA,NA,"ESPN","0524","DST","-16016","Vikings D/ST",14,NA,NA,NA,NA,NA,NA,NA,NA,NA,NA,NA,NA,NA,NA,NA,NA,NA,NA,NA
"CIN",12,NA,39,1035,6,NA,4,351,NA,NA,NA,5969,NA,NA,NA,"ESPN","0506","DST","-16004","Bengals D/ST",10,NA,NA,NA,NA,NA,NA,NA,NA,NA,NA,NA,NA,NA,NA,NA,NA,NA,NA,NA
"NYG",11,NA,40,1024,6,NA,4,345,NA,NA,NA,5872,NA,NA,NA,"ESPN","0517","DST","-16019","Giants D/ST",10,NA,NA,NA,NA,NA,NA,NA,NA,NA,NA,NA,NA,NA,NA,NA,NA,NA,NA,NA
"CHI",13,NA,38,1040,10,NA,4,356,NA,NA,NA,6057,NA,NA,NA,"ESPN","0521","DST","-16003","Bears D/ST",15,NA,NA,NA,NA,NA,NA,NA,NA,NA,NA,NA,NA,NA,NA,NA,NA,NA,NA,NA
"TEN",12,NA,41,1030,7,NA,4,352,NA,NA,NA,5991,NA,NA,NA,"ESPN","0508","DST","-16010","Titans D/ST",10,NA,NA,NA,NA,NA,NA,NA,NA,NA,NA,NA,NA,NA,NA,NA,NA,NA,NA,NA
"CAR",11,NA,37,1021,5,NA,4,346,NA,NA,NA,5889,NA,NA,NA,"ESPN","0527","DST","-16029","Panthers D/ST",8,NA,NA,NA,NA,NA,NA,NA,NA,NA,NA,NA,NA,NA,NA,NA,NA,NA,NA,NA
"WAS",11,NA,42,1019,9,NA,5,361,NA,NA,NA,6145,NA,NA,NA,"ESPN","0520","DST","-16028","Commanders D/ST",15,NA,NA,NA,NA,NA,NA,NA,NA,NA,NA,NA,NA,NA,NA,NA,NA,NA,NA,NA
"ATL",12,NA,38,1001,7,NA,4,360,NA,NA,NA,6112,NA,NA,NA,"ESPN","0526","DST","-16001","Falcons D/ST",10,NA,NA,NA,NA,NA,NA,NA,NA,NA,NA,NA,NA,NA,NA,NA,NA,NA,NA,NA
"BUF",12,NA,41,1009,7,NA,4,361,NA,NA,NA,6133,NA,NA,NA,"ESPN","0501","DST","-16002","Bills D/ST",11,NA,NA,NA,NA,NA,NA,NA,NA,NA,NA,NA,NA,NA,NA,NA,NA,NA,NA,NA
"LV",11,NA,38,1063,7,NA,4,360,NA,NA,NA,6128,NA,NA,NA,"ESPN","0513","DST","-16013","Raiders D/ST",11,NA,NA,NA,NA,NA,NA,NA,NA,NA,NA,NA,NA,NA,NA,NA,NA,NA,NA,NA
"ARI",12,NA,36,1038,8,NA,5,369,NA,NA,NA,6277,NA,NA,NA,"ESPN","0519","DST","-16022","Cardinals D/ST",12,NA,NA,NA,NA,NA,NA,NA,NA,NA,NA,NA,NA,NA,NA,NA,NA,NA,NA,NA
"MIA",12,NA,37,1112,6,NA,5,374,NA,NA,NA,6359,NA,NA,NA,"ESPN","0503","DST","-16015","Dolphins D/ST",10,NA,NA,NA,NA,NA,NA,NA,NA,NA,NA,NA,NA,NA,NA,NA,NA,NA,NA,NA
NA,14.4,1,49.6,NA,11.6,18.3,2.8,322.2,NA,NA,NA,5060.5,NA,120.3,NA,"FantasyPros","0532","DST","8120","Houston Texans",NA,NA,NA,NA,NA,NA,NA,NA,NA,NA,NA,NA,NA,NA,NA,NA,NA,NA,NA,NA
NA,13.3,0.5,58.4,NA,8.3,12.3,2.4,318.5,NA,NA,NA,4836.1,NA,116.9,NA,"FantasyPros","0511","DST","8090","Denver Broncos",NA,NA,NA,NA,NA,NA,NA,NA,NA,NA,NA,NA,NA,NA,NA,NA,NA,NA,NA,NA
NA,12.6,0,49.3,NA,12,18,2.3,360.5,NA,NA,NA,5280.7,NA,112.6,NA,"FantasyPros","0524","DST","8170","Minnesota Vikings",NA,NA,NA,NA,NA,NA,NA,NA,NA,NA,NA,NA,NA,NA,NA,NA,NA,NA,NA,NA
NA,13.3,0,45.8,NA,12.9,18.9,2.4,346.1,NA,NA,NA,5430,NA,112.4,NA,"FantasyPros","0510","DST","8240","Pittsburgh Steelers",NA,NA,NA,NA,NA,NA,NA,NA,NA,NA,NA,NA,NA,NA,NA,NA,NA,NA,NA,NA
NA,13.6,0.5,46.4,NA,8.4,13.6,3.2,313.6,NA,NA,NA,5116.7,NA,110.6,NA,"FantasyPros","0515","DST","8260","Seattle Seahawks",NA,NA,NA,NA,NA,NA,NA,NA,NA,NA,NA,NA,NA,NA,NA,NA,NA,NA,NA,NA
NA,13.4,0.5,48.4,NA,9.5,14.5,2.4,341.2,NA,NA,NA,5151.2,NA,109.3,NA,"FantasyPros","0528","DST","8280","Los Angeles Rams",NA,NA,NA,NA,NA,NA,NA,NA,NA,NA,NA,NA,NA,NA,NA,NA,NA,NA,NA,NA
NA,15.3,0,48.8,NA,8.7,12.7,2,366.1,NA,NA,NA,5467.6,NA,108.6,NA,"FantasyPros","0514","DST","8250","Los Angeles Chargers",NA,NA,NA,NA,NA,NA,NA,NA,NA,NA,NA,NA,NA,NA,NA,NA,NA,NA,NA,NA
NA,14.6,0.5,42.7,NA,9.7,12.8,2.5,392.1,NA,NA,NA,5726.9,NA,106.9,NA,"FantasyPros","0501","DST","8030","Buffalo Bills",NA,NA,NA,NA,NA,NA,NA,NA,NA,NA,NA,NA,NA,NA,NA,NA,NA,NA,NA,NA
NA,13.4,0.5,48.1,NA,9,13.9,2.2,373.4,NA,NA,NA,5442.5,NA,106.9,NA,"FantasyPros","0522","DST","8100","Detroit Lions",NA,NA,NA,NA,NA,NA,NA,NA,NA,NA,NA,NA,NA,NA,NA,NA,NA,NA,NA,NA
NA,12.6,0.5,49.3,NA,7.9,12.1,2.3,419.2,NA,NA,NA,5670.5,NA,105.2,NA,"FantasyPros","0526","DST","8010","Atlanta Falcons",NA,NA,NA,NA,NA,NA,NA,NA,NA,NA,NA,NA,NA,NA,NA,NA,NA,NA,NA,NA
"SEA",17.2,0,48.8,NA,9.6,NA,8.2,258.3,NA,NA,NA,4840.8,NA,241.5,NA,"FantasySharks","0515","D",NA,"Seahawks, Seattle",NA,1.2,4.9,5.8,3,1,0.6,0.3,0.1,0.1,3.5,4.3,5.9,2.3,0.9,0.1,NA,NA,NA,NA
"HOU",19.4,0,46.4,NA,11.3,NA,7.1,322.4,NA,NA,NA,4848.7,NA,235.6,NA,"FantasySharks","0532","D",NA,"Texans, Houston",NA,1.2,4.8,5.8,3.1,1,0.6,0.3,0.1,0.1,2.9,3.5,4.8,3.5,1.7,0.4,NA,NA,NA,NA
"DEN",12.8,0,64.2,NA,7,NA,3.1,283.7,NA,NA,NA,4572.4,NA,211.5,NA,"FantasySharks","0511","D",NA,"Broncos, Denver",NA,1.3,5.2,6.1,2.7,0.9,0.5,0.2,0.1,0.1,3.2,3.9,5.4,2.8,1.2,0.2,NA,NA,NA,NA
"NEP",14.5,0.9,39.5,NA,10.9,NA,4.3,273.6,NA,NA,NA,4353.6,NA,207,NA,"FantasySharks","0504","D",NA,"Patriots, New England",NA,1.3,5.4,6.4,2.5,0.7,0.4,0.2,0,0.1,3.3,4.1,5.6,2.6,1.1,0.2,NA,NA,NA,NA
"MIN",10.2,0,57.1,NA,14.2,NA,0.6,280,NA,NA,NA,4185.4,NA,200.6,NA,"FantasySharks","0524","D",NA,"Vikings, Minnesota",NA,1.3,5.5,6.6,2.5,0.7,0.3,0.1,0,0.1,3.2,3.9,5.4,2.9,1.3,0.2,NA,NA,NA,NA
"LAR",22.4,0,45.1,NA,6.2,NA,2.3,340.9,NA,NA,NA,5295.3,NA,196.1,NA,"FantasySharks","0528","D",NA,"Rams, Los Angeles",NA,1,4.3,5.2,4,1.4,0.9,0.5,0.1,0,2.6,3.2,4.4,4.5,2.2,0.6,NA,NA,NA,NA
"PIT",15.3,0.6,48.4,NA,12.2,NA,2.4,379,NA,NA,NA,6004.8,NA,193.8,NA,"FantasySharks","0510","D",NA,"Steelers, Pittsburgh",NA,1,3.9,4.7,4,1.5,1,0.6,0.2,0.1,2.5,3,4.1,4.3,2.2,0.7,NA,NA,NA,NA
"LAC",20.3,1.2,51.6,NA,5.8,NA,0,301.3,NA,NA,NA,4781.2,NA,190.6,NA,"FantasySharks","0514","D",NA,"Chargers, Los Angeles",NA,1.2,5,5.9,2.9,1,0.5,0.3,0.1,0.1,3.1,3.7,5.1,3.1,1.4,0.3,NA,NA,NA,NA
"CLE",10.4,0,50,NA,5.2,NA,5.1,396.2,NA,NA,NA,5269.9,NA,189.7,NA,"FantasySharks","0507","D",NA,"Browns, Cleveland",NA,1.1,4.4,5.3,3.3,1.2,0.7,0.4,0.1,0.1,2.3,2.9,3.9,4.4,2.3,0.7,NA,NA,NA,NA
"PHI",16,0,41.6,NA,8.5,NA,2.7,314.8,NA,NA,NA,5368.1,NA,189.4,NA,"FantasySharks","0518","D",NA,"Eagles, Philadelphia",NA,1.1,4.4,5.2,3.5,1.3,0.8,0.5,0.1,0.1,2.9,3.6,4.9,3.4,1.6,0.4,NA,NA,NA,NA
"BAL",15.3,0,37.5,NA,10.3,NA,2.2,293,NA,NA,NA,4953.9,NA,188.6,NA,"FantasySharks","0531","D",NA,"Ravens, Baltimore",NA,1.1,4.6,5.5,4.2,1.5,0.9,0.5,0.1,0.1,3,3.7,5.1,4.2,2,0.5,NA,NA,NA,NA
"JAC",17.9,1.3,30.3,NA,6.5,NA,4.3,348,NA,NA,NA,5451.3,NA,183.5,NA,"FantasySharks","0509","D",NA,"Jaguars, Jacksonville",NA,1.1,4.3,5,3.5,1.3,0.8,0.5,0.1,0.1,2.7,3.2,4.4,3.7,1.8,0.5,NA,NA,NA,NA
"DET",15.5,1,57.6,NA,5.9,NA,0.3,370.1,NA,NA,NA,5142.5,NA,181.2,NA,"FantasySharks","0522","D",NA,"Lions, Detroit",NA,1.1,4.5,5.3,3.8,1.3,0.8,0.4,0.1,0,2.4,2.9,4,4.8,2.4,0.7,NA,NA,NA,NA
"BUF",18,0,27.8,NA,3.2,NA,4,343.9,NA,NA,NA,4499.2,NA,180.3,NA,"FantasySharks","0501","D",NA,"Bills, Buffalo",NA,1.3,5.2,6.2,2.7,0.8,0.4,0.2,0.1,0.1,2.7,3.3,4.5,3.8,1.9,0.5,NA,NA,NA,NA
"NOS",10.6,0,45.4,NA,8.7,NA,2.6,379.9,NA,NA,NA,4873.7,NA,176.9,NA,"FantasySharks","0529","D",NA,"Saints, New Orleans",NA,1.2,4.6,5.5,2.7,0.9,0.5,0.2,0.1,0.1,2.4,3,4.1,3.7,1.8,0.5,NA,NA,NA,NA
"CAR",16.5,0,32.2,NA,6.9,NA,2.3,372.2,NA,NA,NA,5833,NA,170,NA,"FantasySharks","0527","D",NA,"Panthers, Carolina",NA,1,4.1,4.8,3.9,1.5,0.9,0.6,0.2,0.1,2.5,3,4.2,4.2,2.2,0.7,NA,NA,NA,NA
"CHI",17.2,0,37.8,NA,8.6,NA,1.5,387.2,NA,NA,NA,5915.9,NA,168.4,NA,"FantasySharks","0521","D",NA,"Bears, Chicago",NA,0.9,3.7,4.4,3.4,1.2,0.8,0.5,0.2,0.1,2.4,2.9,3.9,3.5,1.7,0.5,NA,NA,NA,NA
"KCC",10.8,0,37.9,NA,4.1,NA,2.1,300.1,NA,NA,NA,4439,NA,166.6,NA,"FantasySharks","0512","D",NA,"Chiefs, Kansas City",NA,1.2,5,6,3.1,1,0.5,0.2,0,0.1,3,3.6,5,3.4,1.6,0.3,NA,NA,NA,NA
"NYG",10.3,0,37.3,NA,7.8,NA,3.2,436.8,NA,NA,NA,5914.2,NA,165.8,NA,"FantasySharks","0517","D",NA,"Giants, New York",NA,1,4,4.7,3.9,1.5,0.9,0.6,0.2,0.1,2.1,2.5,3.5,5.1,2.7,0.9,NA,NA,NA,NA
"CIN",11.4,0,41.1,NA,7.5,NA,1.9,472.4,NA,NA,NA,6021.2,NA,162,NA,"FantasySharks","0506","D",NA,"Bengals, Cincinnati",NA,1,3.9,4.7,4,1.5,1,0.6,0.2,0.1,1.9,2.3,3.2,5.5,2.9,1,NA,NA,NA,NA
"TEN",4,1.6,47.8,NA,5.7,NA,3.7,470.6,NA,NA,NA,5769.4,NA,161.9,NA,"FantasySharks","0508","D",NA,"Titans, Tennessee",NA,1,4.1,4.9,3.8,1.4,0.9,0.6,0.2,0.1,1.9,2.3,3.2,5.5,2.9,1,NA,NA,NA,NA
"GBP",11.6,0,30.3,NA,7.9,NA,2.1,351,NA,NA,NA,5278.1,NA,161.6,NA,"FantasySharks","0523","D",NA,"Packers, Green Bay",NA,1,4.4,5.2,3.8,1.3,0.8,0.4,0.1,0,2.5,3.1,4.3,4.4,2.2,0.6,NA,NA,NA,NA
"TBB",12.9,0.8,32.2,NA,9.6,NA,1.4,414.9,NA,NA,NA,5878.9,NA,160,NA,"FantasySharks","0525","D",NA,"Buccaneers, Tampa Bay",NA,1,4,4.8,3.9,1.5,0.9,0.6,0.2,0.1,2.2,2.7,3.7,4.8,2.5,0.8,NA,NA,NA,NA
"ATL",15.5,0,47.5,NA,4.2,NA,1.4,464.8,NA,NA,NA,5893.8,NA,159.1,NA,"FantasySharks","0526","D",NA,"Falcons, Atlanta",NA,0.9,3.5,4.2,3,1.1,0.7,0.4,0.1,0.1,1.9,2.4,3.2,3.8,1.9,0.6,NA,NA,NA,NA
"MIA",10.3,0,39.4,NA,8.9,NA,0.9,420.1,NA,NA,NA,5948.6,NA,157.4,NA,"FantasySharks","0503","D",NA,"Dolphins, Miami",NA,1,4,4.7,4,1.5,0.9,0.6,0.2,0.1,2.2,2.7,3.7,4.9,2.5,0.8,NA,NA,NA,NA
"IND",13.1,0,38.8,NA,7.8,NA,0.3,408.9,NA,NA,NA,5605.1,NA,156.4,NA,"FantasySharks","0502","D",NA,"Colts, Indianapolis",NA,1,4,4.8,4,1.5,0.9,0.6,0.2,0,2.1,2.6,3.6,5.1,2.6,0.9,NA,NA,NA,NA
"LVR",7.2,1.9,41.3,NA,10.2,NA,0,400.3,NA,NA,NA,4964.4,NA,156.4,NA,"FantasySharks","0513","D",NA,"Raiders, Las Vegas",NA,1.2,4.8,5.7,3.1,1.1,0.6,0.3,0.1,0.1,2.3,2.8,3.9,4.6,2.4,0.8,NA,NA,NA,NA
"ARI",9.8,1,29.8,NA,9.7,NA,1.1,484.1,NA,NA,NA,5694.6,NA,148.2,NA,"FantasySharks","0519","D",NA,"Cardinals, Arizona",NA,1,4.2,5,3.7,1.4,0.8,0.5,0.2,0.1,1.8,2.2,3.1,5.7,3,1,NA,NA,NA,NA
"WAS",8.2,0.2,43.9,NA,0,NA,2.2,459.8,NA,NA,NA,6648.8,NA,142.1,NA,"FantasySharks","0520","D",NA,"Commanders, Washington",NA,0.8,3.5,4.2,4.5,1.7,1.1,0.7,0.3,0.1,1.9,2.4,3.3,5.4,2.8,1,NA,NA,NA,NA
"NYJ",0,0.4,26.4,NA,3.9,NA,5.3,459.5,NA,NA,NA,5589.4,NA,140,NA,"FantasySharks","0505","D",NA,"Jets, New York",NA,1.1,4.3,5,3.7,1.3,0.8,0.5,0.2,0.1,1.9,2.4,3.3,5.4,2.8,1,NA,NA,NA,NA
"SFO",6.7,0,22.1,NA,5.1,NA,1.6,385.9,NA,NA,NA,5446.8,NA,132.9,NA,"FantasySharks","0530","D",NA,"49ers, San Francisco",NA,1.1,4.3,5.2,3.7,1.3,0.8,0.5,0.1,0.1,2.4,2.9,4,4.6,2.3,0.7,NA,NA,NA,NA
"DAL",4.4,0.6,35.5,NA,4.6,NA,1.6,517.8,NA,NA,NA,6481.8,NA,129.1,NA,"FantasySharks","0516","D",NA,"Cowboys, Dallas",NA,0.8,3.5,4.2,4.7,1.8,1.1,0.7,0.3,0,1.5,1.9,2.7,6.5,3.4,1.1,NA,NA,NA,NA
"Houston Texans",16,1,48,NA,10,NA,3,325,NA,NA,NA,NA,NA,126,NA,"FFToday","0532","DST","9031",NA,NA,NA,NA,NA,NA,NA,NA,NA,NA,NA,NA,NA,NA,NA,NA,NA,8,220.9,107.5,1
"Pittsburgh Steelers",16,0,44,NA,12,NA,2,359,NA,NA,NA,NA,NA,118,NA,"FFToday","0510","DST","9008",NA,NA,NA,NA,NA,NA,NA,NA,NA,NA,NA,NA,NA,NA,NA,NA,NA,9,259.1,118,1
"Denver Broncos",12,1,57,NA,8,NA,2,326,NA,NA,NA,NA,NA,117,NA,"FFToday","0511","DST","9009",NA,NA,NA,NA,NA,NA,NA,NA,NA,NA,NA,NA,NA,NA,NA,NA,NA,10,230.5,109.4,1
"Minnesota Vikings",14,0,48,NA,11,NA,2,346,NA,NA,NA,NA,NA,116,NA,"FFToday","0524","DST","9022",NA,NA,NA,NA,NA,NA,NA,NA,NA,NA,NA,NA,NA,NA,NA,NA,NA,6,229.2,117.9,1
"Seattle Seahawks",14,1,46,NA,6,NA,3,313,NA,NA,NA,NA,NA,112,NA,"FFToday","0515","DST","9013",NA,NA,NA,NA,NA,NA,NA,NA,NA,NA,NA,NA,NA,NA,NA,NA,NA,11,229.1,111,1
"Los Angeles Chargers",17,0,47,NA,9,NA,1,350,NA,NA,NA,NA,NA,111,NA,"FFToday","0514","DST","9033",NA,NA,NA,NA,NA,NA,NA,NA,NA,NA,NA,NA,NA,NA,NA,NA,NA,7,216.6,116.2,1
"Buffalo Bills",17,1,40,NA,11,NA,2,367,NA,NA,NA,NA,NA,110,NA,"FFToday","0501","DST","9000",NA,NA,NA,NA,NA,NA,NA,NA,NA,NA,NA,NA,NA,NA,NA,NA,NA,7,213.8,134.1,0
"Jacksonville Jaguars",16,0,37,NA,10,NA,2,388,NA,NA,NA,NA,NA,107,NA,"FFToday","0509","DST","9029",NA,NA,NA,NA,NA,NA,NA,NA,NA,NA,NA,NA,NA,NA,NA,NA,NA,7,264.8,117.3,1
"Los Angeles Rams",13,1,44,NA,8,NA,2,368,NA,NA,NA,NA,NA,106,NA,"FFToday","0528","DST","9032",NA,NA,NA,NA,NA,NA,NA,NA,NA,NA,NA,NA,NA,NA,NA,NA,NA,11,242.9,122.3,1
"Philadelphia Eagles",12,0,42,NA,10,NA,2,317,NA,NA,NA,NA,NA,104,NA,"FFToday","0518","DST","9016",NA,NA,NA,NA,NA,NA,NA,NA,NA,NA,NA,NA,NA,NA,NA,NA,NA,10,218.9,122.3,1
"Detroit Lions",14,1,45,NA,8,NA,1,388,NA,NA,NA,NA,NA,103,NA,"FFToday","0522","DST","9020",NA,NA,NA,NA,NA,NA,NA,NA,NA,NA,NA,NA,NA,NA,NA,NA,NA,6,259.8,119.1,1
"New England Patriots",9,1,37,NA,9,NA,2,355,NA,NA,NA,NA,NA,99,NA,"FFToday","0504","DST","9003",NA,NA,NA,NA,NA,NA,NA,NA,NA,NA,NA,NA,NA,NA,NA,NA,NA,11,221.8,121.4,2
"Baltimore Ravens",13,0,45,NA,8,NA,1,374,NA,NA,NA,NA,NA,99,NA,"FFToday","0531","DST","9030",NA,NA,NA,NA,NA,NA,NA,NA,NA,NA,NA,NA,NA,NA,NA,NA,NA,13,256.7,106.1,1
"Cincinnati Bengals",14,0,38,NA,10,NA,1,429,NA,NA,NA,NA,NA,98,NA,"FFToday","0506","DST","9005",NA,NA,NA,NA,NA,NA,NA,NA,NA,NA,NA,NA,NA,NA,NA,NA,NA,6,249.4,134.6,1
"Cleveland Browns",12,0,45,NA,8,NA,2,412,NA,NA,NA,NA,NA,97,NA,"FFToday","0507","DST","9006",NA,NA,NA,NA,NA,NA,NA,NA,NA,NA,NA,NA,NA,NA,NA,NA,NA,11,215.9,124.1,0
"Green Bay Packers",11,0,41,NA,10,NA,1,356,NA,NA,NA,NA,NA,95,NA,"FFToday","0523","DST","9021",NA,NA,NA,NA,NA,NA,NA,NA,NA,NA,NA,NA,NA,NA,NA,NA,NA,11,223.1,123.9,1
"New Orleans Saints",12,0,42,NA,8,NA,2,390,NA,NA,NA,NA,NA,94,NA,"FFToday","0529","DST","9026",NA,NA,NA,NA,NA,NA,NA,NA,NA,NA,NA,NA,NA,NA,NA,NA,NA,8,228.6,132.5,0
"Chicago Bears",14,0,36,NA,9,NA,1,399,NA,NA,NA,NA,NA,94,NA,"FFToday","0521","DST","9019",NA,NA,NA,NA,NA,NA,NA,NA,NA,NA,NA,NA,NA,NA,NA,NA,NA,10,246.6,143.4,1
"Tampa Bay Buccaneers",11,1,41,NA,11,NA,1,396,NA,NA,NA,NA,NA,93,NA,"FFToday","0525","DST","9023",NA,NA,NA,NA,NA,NA,NA,NA,NA,NA,NA,NA,NA,NA,NA,NA,NA,10,263.8,104.8,0
"Indianapolis Colts",15,0,38,NA,9,NA,1,415,NA,NA,NA,NA,NA,92,NA,"FFToday","0502","DST","9001",NA,NA,NA,NA,NA,NA,NA,NA,NA,NA,NA,NA,NA,NA,NA,NA,NA,13,260.4,124.9,0
"New York Giants",10,0,41,NA,9,NA,1,390,NA,NA,NA,NA,NA,91,NA,"FFToday","0517","DST","9015",NA,NA,NA,NA,NA,NA,NA,NA,NA,NA,NA,NA,NA,NA,NA,NA,NA,8,238.4,135.4,1
"Dallas Cowboys",11,0,43,NA,7,NA,1,430,NA,NA,NA,NA,NA,91,NA,"FFToday","0516","DST","9014",NA,NA,NA,NA,NA,NA,NA,NA,NA,NA,NA,NA,NA,NA,NA,NA,NA,14,252.5,136.2,1
"Atlanta Falcons",11,1,40,NA,7,NA,2,412,NA,NA,NA,NA,NA,90,NA,"FFToday","0526","DST","9024",NA,NA,NA,NA,NA,NA,NA,NA,NA,NA,NA,NA,NA,NA,NA,NA,NA,11,236.9,131.9,0
"Washington Commanders",7,1,42,NA,8,NA,1,422,NA,NA,NA,NA,NA,86,NA,"FFToday","0520","DST","9018",NA,NA,NA,NA,NA,NA,NA,NA,NA,NA,NA,NA,NA,NA,NA,NA,NA,7,249.4,145,1
"Tennessee Titans",8,1,40,NA,7,NA,1,466,NA,NA,NA,NA,NA,84,NA,"FFToday","0508","DST","9007",NA,NA,NA,NA,NA,NA,NA,NA,NA,NA,NA,NA,NA,NA,NA,NA,NA,9,256.6,128.2,1
"Kansas City Chiefs",11,0,41,NA,7,NA,1,327,NA,NA,NA,NA,NA,83,NA,"FFToday","0512","DST","9010",NA,NA,NA,NA,NA,NA,NA,NA,NA,NA,NA,NA,NA,NA,NA,NA,NA,5,243.4,113.7,0
"Arizona Cardinals",11,1,36,NA,8,NA,1,427,NA,NA,NA,NA,NA,82,NA,"FFToday","0519","DST","9017",NA,NA,NA,NA,NA,NA,NA,NA,NA,NA,NA,NA,NA,NA,NA,NA,NA,14,242.5,135.9,0
"San Francisco 49ers",11,0,37,NA,7,NA,1,395,NA,NA,NA,NA,NA,79,NA,"FFToday","0530","DST","9027",NA,NA,NA,NA,NA,NA,NA,NA,NA,NA,NA,NA,NA,NA,NA,NA,NA,8,242.8,122.3,0
"Carolina Panthers",11,0,35,NA,7,NA,1,405,NA,NA,NA,NA,NA,77,NA,"FFToday","0527","DST","9028",NA,NA,NA,NA,NA,NA,NA,NA,NA,NA,NA,NA,NA,NA,NA,NA,NA,5,230.6,140.3,0
"New York Jets",8,1,37,NA,7,NA,0,435,NA,NA,NA,NA,NA,75,NA,"FFToday","0505","DST","9004",NA,NA,NA,NA,NA,NA,NA,NA,NA,NA,NA,NA,NA,NA,NA,NA,NA,13,246.6,137.9,1
"Las Vegas Raiders",9,1,37,NA,6,NA,1,431,NA,NA,NA,NA,NA,75,NA,"FFToday","0513","DST","9011",NA,NA,NA,NA,NA,NA,NA,NA,NA,NA,NA,NA,NA,NA,NA,NA,NA,13,229.1,124.7,0
"Miami Dolphins",9,0,37,NA,8,NA,0,417,NA,NA,NA,NA,NA,71,NA,"FFToday","0503","DST","9002",NA,NA,NA,NA,NA,NA,NA,NA,NA,NA,NA,NA,NA,NA,NA,NA,NA,6,240,136.1,0
"HOU",18,NA,52,NA,12,NA,NA,389,NA,NA,NA,5357,NA,NA,NA,"RTSports","0532","DST","9127","Houston Texans",NA,NA,NA,NA,NA,NA,NA,NA,NA,NA,NA,NA,NA,NA,NA,NA,NA,NA,NA,NA
"LAR",14,NA,53,NA,11,NA,NA,429,NA,NA,NA,5771,NA,NA,NA,"RTSports","0528","DST","179","Los Angeles Rams",NA,NA,NA,NA,NA,NA,NA,NA,NA,NA,NA,NA,NA,NA,NA,NA,NA,NA,NA,NA
"SEA",14,NA,49,NA,10,NA,NA,405,NA,NA,NA,5514,NA,NA,NA,"RTSports","0515","DST","169","Seattle Seahawks",NA,NA,NA,NA,NA,NA,NA,NA,NA,NA,NA,NA,NA,NA,NA,NA,NA,NA,NA,NA
"DEN",11,NA,63,NA,15,NA,NA,477,NA,NA,NA,5240,NA,NA,NA,"RTSports","0511","DST","89","Denver Broncos",NA,NA,NA,NA,NA,NA,NA,NA,NA,NA,NA,NA,NA,NA,NA,NA,NA,NA,NA,NA
"PHI",14,NA,54,NA,21,NA,NA,406,NA,NA,NA,5028,NA,NA,NA,"RTSports","0518","DST","154","Philadelphia Eagles",NA,NA,NA,NA,NA,NA,NA,NA,NA,NA,NA,NA,NA,NA,NA,NA,NA,NA,NA,NA
"MIN",12,NA,47,NA,13,NA,NA,409,NA,NA,NA,4971,NA,NA,NA,"RTSports","0524","DST","124","Minnesota Vikings",NA,NA,NA,NA,NA,NA,NA,NA,NA,NA,NA,NA,NA,NA,NA,NA,NA,NA,NA,NA
"NE",11,NA,36,NA,10,NA,NA,404,NA,NA,NA,5444,NA,NA,NA,"RTSports","0504","DST","134","New England Patriots",NA,NA,NA,NA,NA,NA,NA,NA,NA,NA,NA,NA,NA,NA,NA,NA,NA,NA,NA,NA
"JAX",11,NA,40,NA,9,NA,NA,392,NA,NA,NA,5705,NA,NA,NA,"RTSports","0509","DST","109","Jacksonville Jaguars",NA,NA,NA,NA,NA,NA,NA,NA,NA,NA,NA,NA,NA,NA,NA,NA,NA,NA,NA,NA
"PIT",13,NA,46,NA,17,NA,NA,367,NA,NA,NA,5711,NA,NA,NA,"RTSports","0510","DST","159","Pittsburgh Steelers",NA,NA,NA,NA,NA,NA,NA,NA,NA,NA,NA,NA,NA,NA,NA,NA,NA,NA,NA,NA
"LAC",12,NA,54,NA,13,NA,NA,392,NA,NA,NA,5409,NA,NA,NA,"RTSports","0514","DST","164","Los Angeles Chargers",NA,NA,NA,NA,NA,NA,NA,NA,NA,NA,NA,NA,NA,NA,NA,NA,NA,NA,NA,NA
"GB",13,NA,56,NA,17,NA,NA,384,NA,NA,NA,5317,NA,NA,NA,"RTSports","0523","DST","99","Green Bay Packers",NA,NA,NA,NA,NA,NA,NA,NA,NA,NA,NA,NA,NA,NA,NA,NA,NA,NA,NA,NA
"BAL",13,NA,59,NA,10,NA,NA,338,NA,NA,NA,4942,NA,NA,NA,"RTSports","0531","DST","54","Baltimore Ravens",NA,NA,NA,NA,NA,NA,NA,NA,NA,NA,NA,NA,NA,NA,NA,NA,NA,NA,NA,NA
"BUF",13,NA,49,NA,20,NA,NA,365,NA,NA,NA,5648,NA,NA,NA,"RTSports","0501","DST","59","Buffalo Bills",NA,NA,NA,NA,NA,NA,NA,NA,NA,NA,NA,NA,NA,NA,NA,NA,NA,NA,NA,NA
"DET",14,NA,46,NA,13,NA,NA,432,NA,NA,NA,5928,NA,NA,NA,"RTSports","0522","DST","94","Detroit Lions",NA,NA,NA,NA,NA,NA,NA,NA,NA,NA,NA,NA,NA,NA,NA,NA,NA,NA,NA,NA
"KC",12,NA,51,NA,11,NA,NA,339,NA,NA,NA,5210,NA,NA,NA,"RTSports","0512","DST","114","Kansas City Chiefs",NA,NA,NA,NA,NA,NA,NA,NA,NA,NA,NA,NA,NA,NA,NA,NA,NA,NA,NA,NA
"DAL",11,NA,65,NA,14,NA,NA,687,NA,NA,NA,5810,NA,NA,NA,"RTSports","0516","DST","84","Dallas Cowboys",NA,NA,NA,NA,NA,NA,NA,NA,NA,NA,NA,NA,NA,NA,NA,NA,NA,NA,NA,NA
"CLE",12,NA,52,NA,13,NA,NA,400,NA,NA,NA,5959,NA,NA,NA,"RTSports","0507","DST","79","Cleveland Browns",NA,NA,NA,NA,NA,NA,NA,NA,NA,NA,NA,NA,NA,NA,NA,NA,NA,NA,NA,NA
"NYG",9,NA,67,NA,16,NA,NA,403,NA,NA,NA,5878,NA,NA,NA,"RTSports","0517","DST","139","New York Giants",NA,NA,NA,NA,NA,NA,NA,NA,NA,NA,NA,NA,NA,NA,NA,NA,NA,NA,NA,NA
"CHI",12,NA,47,NA,15,NA,NA,378,NA,NA,NA,5789,NA,NA,NA,"RTSports","0521","DST","69","Chicago Bears",NA,NA,NA,NA,NA,NA,NA,NA,NA,NA,NA,NA,NA,NA,NA,NA,NA,NA,NA,NA
"ATL",12,NA,38,NA,11,NA,NA,440,NA,NA,NA,5864,NA,NA,NA,"RTSports","0526","DST","49","Atlanta Falcons",NA,NA,NA,NA,NA,NA,NA,NA,NA,NA,NA,NA,NA,NA,NA,NA,NA,NA,NA,NA
"NO",16,NA,42,NA,8,NA,NA,382,NA,NA,NA,5793,NA,NA,NA,"RTSports","0529","DST","129","New Orleans Saints",NA,NA,NA,NA,NA,NA,NA,NA,NA,NA,NA,NA,NA,NA,NA,NA,NA,NA,NA,NA
"IND",12,NA,46,NA,12,NA,NA,450,NA,NA,NA,5889,NA,NA,NA,"RTSports","0502","DST","104","Indianapolis Colts",NA,NA,NA,NA,NA,NA,NA,NA,NA,NA,NA,NA,NA,NA,NA,NA,NA,NA,NA,NA
"MIA",12,NA,38,NA,11,NA,NA,405,NA,NA,NA,5353,NA,NA,NA,"RTSports","0503","DST","119","Miami Dolphins",NA,NA,NA,NA,NA,NA,NA,NA,NA,NA,NA,NA,NA,NA,NA,NA,NA,NA,NA,NA
"SF",15,NA,48,NA,11,NA,NA,342,NA,NA,NA,5114,NA,NA,NA,"RTSports","0530","DST","174","San Francisco 49ers",NA,NA,NA,NA,NA,NA,NA,NA,NA,NA,NA,NA,NA,NA,NA,NA,NA,NA,NA,NA
"CAR",13,NA,34,NA,10,NA,NA,458,NA,NA,NA,6364,NA,NA,NA,"RTSports","0527","DST","64","Carolina Panthers",NA,NA,NA,NA,NA,NA,NA,NA,NA,NA,NA,NA,NA,NA,NA,NA,NA,NA,NA,NA
"TEN",13,NA,44,NA,11,NA,NA,417,NA,NA,NA,5374,NA,NA,NA,"RTSports","0508","DST","189","Tennessee Titans",NA,NA,NA,NA,NA,NA,NA,NA,NA,NA,NA,NA,NA,NA,NA,NA,NA,NA,NA,NA
"TB",11,NA,43,NA,13,NA,NA,343,NA,NA,NA,5464,NA,NA,NA,"RTSports","0525","DST","184","Tampa Bay Buccaneers",NA,NA,NA,NA,NA,NA,NA,NA,NA,NA,NA,NA,NA,NA,NA,NA,NA,NA,NA,NA
"CIN",12,NA,41,NA,13,NA,NA,390,NA,NA,NA,6032,NA,NA,NA,"RTSports","0506","DST","74","Cincinnati Bengals",NA,NA,NA,NA,NA,NA,NA,NA,NA,NA,NA,NA,NA,NA,NA,NA,NA,NA,NA,NA
"LV",12,NA,46,NA,9,NA,NA,374,NA,NA,NA,5301,NA,NA,NA,"RTSports","0513","DST","149","Las Vegas Raiders",NA,NA,NA,NA,NA,NA,NA,NA,NA,NA,NA,NA,NA,NA,NA,NA,NA,NA,NA,NA
"WAS",13,NA,53,NA,14,NA,NA,485,NA,NA,NA,5925,NA,NA,NA,"RTSports","0520","DST","194","Washington Commanders",NA,NA,NA,NA,NA,NA,NA,NA,NA,NA,NA,NA,NA,NA,NA,NA,NA,NA,NA,NA
"ARI",12,NA,46,NA,13,NA,NA,473,NA,NA,NA,5711,NA,NA,NA,"RTSports","0519","DST","44","Arizona Cardinals",NA,NA,NA,NA,NA,NA,NA,NA,NA,NA,NA,NA,NA,NA,NA,NA,NA,NA,NA,NA
"NYJ",12,NA,48,NA,13,NA,NA,348,NA,NA,NA,4964,NA,NA,NA,"RTSports","0505","DST","144","New York Jets",NA,NA,NA,NA,NA,NA,NA,NA,NA,NA,NA,NA,NA,NA,NA,NA,NA,NA,NA,NA
