"id","adp_rts","adp_cbs","adp_yahoo","adp_ffc","adp_mfl","adp_espn","adp_avg","adp_sd"
"16162",1.18,1.13,1.3,1.5,1.8,1.3,1.36833333333333,0.225567186344902
"16161",1.89,2.19,2,2.2,2.56,2.4,2.20666666666667,0.225659527213504
"15281",3.29,5.71,3.5,4.7,4.57,4.3,4.345,0.803009962578298
"14802",6.71,3.74,6.3,3.7,7.03,6.2,5.61333333333333,1.36598763618937
"16211",5.3,7.6,5,4.4,8.37,5.3,5.995,1.45583595687609
"13130",5.57,8.01,5.9,6.8,8.64,7.7,7.10333333333333,1.11284420393073
"16185",6.53,8.5,7.2,6.7,8.44,6.3,7.27833333333333,0.885031386762953
"15715",8.34,7.15,9.4,7.9,10.14,10.1,8.83833333333333,1.1240465095162
"15287",8.31,11.45,7.9,9.3,10.32,8.4,9.28,1.25237108451662
"16167",10.48,12.77,15.2,11.5,16.2,12.4,13.0916666666667,2.00178600809932
"13604",15.47,11.98,11.3,11.7,15.29,14,13.29,1.70591129116767
"14832",14.66,17.58,11,13.1,15.07,11.8,13.8683333333333,2.19631825765049
"12626",20.16,7.83,17.2,6.9,18.06,16.5,14.4416666666667,5.13529751383068
"16181",11.2,12.55,15.7,15.2,16.73,17,14.73,2.14196171767845
"14836",12.72,19.29,13.2,15.2,16.37,12.6,14.8966666666667,2.3963629849327
"15711",15.19,16.08,15.4,18.2,21.56,24.8,18.5383333333333,3.54864489003275
"17044",14.27,18.52,18.2,22.8,20.26,18.1,18.6916666666667,2.56614117997346
"13589",26.27,14.91,20.6,27.8,4.44,19.1,18.8533333333333,7.76160994181548
"17042",18.12,22.6,17.7,25.5,22.31,21.8,21.3383333333333,2.69764351899126
"15751",23.73,24.44,20.1,13.8,26.47,20.4,21.49,4.09830859420485
"14104",20.01,23.58,24,18.6,23.27,21,21.7433333333333,2.00973187819227
"15762",23.71,22.88,22.5,18.2,28.64,28.2,24.0216666666667,3.56826949966258
"15290",24.36,26.38,21.6,20.1,28.22,25.7,24.3933333333333,2.78490374858609
"15710",30.19,21.16,28,21.5,27.38,35,27.205,4.82051086504325
"16641",24.15,29.9,21,47,25.9,23.9,28.6416666666667,8.63309603920993
"15256",23.03,26.47,33.8,26,33.59,32.7,29.265,4.25085383579974
"15754",21.59,31.8,31.3,25.6,37,29.4,29.4483333333333,4.87428769724927
"17472",28.13,35.25,29.7,30.4,33,26,30.4133333333333,3.03546628305365
"16194",38.74,27.14,35.6,21.8,33.86,29.4,31.09,5.64650629445619
"15794",26.73,34.22,27.1,50.4,27.56,23,31.5016666666667,9.07831558654406
"16615",27.75,35.61,30.4,31.2,35.63,35,32.5983333333333,3.00897223132566
"15708",31.05,40.66,34.6,31.4,42.49,35.9,36.0166666666667,4.31019205553019
"15282",36.91,39.65,29.5,36.4,39.47,36.6,36.4216666666667,3.36389365996542
"15253",33.03,34.97,42,35.6,38.89,40.6,37.515,3.20890817361087
"16190",38.09,41.84,35.7,23.8,43.68,44.1,37.8683333333333,6.9648173382764
"13593",53.26,34.63,38.6,55.3,25.79,34.5,40.3466666666667,10.5843243630485
"17045",41.32,34.58,42.4,35.7,43.67,45,40.445,3.92957906990897
"14835",48.96,38.48,33.5,30.8,42.94,51.1,40.9633333333333,7.48072560354646
"14797",39.4,30.41,45.7,39.7,46.8,51.7,42.285,6.79105723237062
"17071",45.13,47.64,41.9,32.8,48.55,42.2,43.0366666666667,5.20818159778973
"17081",45.45,47.57,45.6,35.4,49.29,44.8,44.685,4.41920335958115
"16627",43.78,48.27,44.6,43.7,47.23,45.8,45.5633333333333,1.71950251203332
"15753",41.34,59,48,41.7,49.43,37.1,46.095,7.11953123456875
"17104",44.72,44.48,39.2,67.7,46.73,42.4,47.5383333333333,9.31283060561551
"16598",39.75,41.87,54.2,47.2,51.03,56.8,48.475,6.19121084010767
"15284",46.19,52.68,40,48.2,53.46,52.1,48.7716666666667,4.69516210819416
"17051",36.66,47.57,54.6,47.8,57.86,48.5,48.8316666666667,6.65457340647935
"16580",68.95,47.92,47.7,48.6,33.51,47.2,48.98,10.3617614332699
"14777",68.47,46.23,50.2,53.8,32.68,53.5,50.8133333333333,10.6309072467447
"11675",61.15,57,56.7,35.9,50.4,46.1,51.2083333333333,8.40269880587316
"14071",44.09,47.26,53.1,52,57.01,61.4,52.4766666666667,5.7495294493453
"13635",35.26,58.95,59.2,49.3,58.17,60.2,53.5133333333333,8.9370757086545
"17052",47.04,50.34,61.1,49.8,61.02,61.1,55.0666666666667,6.09304156850711
"15756",58.43,56.72,65.6,32,59.13,64.1,55.9966666666667,11.1802663454658
"14109",62.03,60.84,54.1,43.2,59.79,60.9,56.81,6.60396345638991
"17473",44.86,51.74,63.9,66,61.65,66.8,59.1583333333333,8.0970085353927
"17102",57.69,64.39,47.1,79.5,62.17,52.1,60.4916666666667,10.3032089122219
"16581",76.53,64.83,55.2,70.2,52.31,53.1,62.0283333333333,9.18069608229984
"17070",43,69.5,57.9,58.7,72.45,74.8,62.725,10.9151175745691
"16616",63.38,69.7,66.3,45.5,68.61,65.1,63.0983333333333,8.14451229697368
"14783",78.47,62.23,56.8,77.7,49.54,54.7,63.24,11.1367245334224
"14073",97.95,64.53,49.5,43.1,63.84,77.6,66.0866666666667,18.0684067427713
"17043",54.81,71.91,66.8,57.6,70.2,77.4,66.4533333333333,7.93422053862606
"15789",66.73,68.97,67.7,48.6,66.99,88.5,67.915,11.5486691152415
"15259",63.47,70.16,77.3,58,69.84,78.1,69.4783333333333,7.11757546890481
"12620",94.71,56.9,73.1,66.8,56.02,71.8,69.8883333333333,12.9141374943208
"11671",75.75,78.02,69.5,54.5,78.56,83.7,73.3383333333333,9.41611812561607
"16192",63.9,81.87,77.4,65.1,71.88,89.6,74.9583333333333,9.10183940506289
"15742",65.26,85.54,76.1,65.4,76.44,86.4,75.8566666666667,8.43563407351352
"16579",89.99,73.91,66.7,87.9,51.18,88.9,76.43,14.1981289847172
"17103",63.9,77.7,70.8,89.2,91.51,70.5,77.2683333333333,10.0973435725552
"16222",73.4,70.66,60.4,89.8,80.4,91,77.61,10.7848891201223
"16614",81.96,79.72,78.3,66.6,83.88,78.6,78.1766666666667,5.52927260637017
"14085",71.29,75.26,85.9,68.1,85.5,87.2,78.875,7.62941620746088
"14823",63.39,79.09,86.3,75.6,95.75,95,82.5216666666667,11.3334305142892
"13630",80.2,89.8,105.9,61.2,77.58,81.2,82.6466666666667,13.4511296510326
"17497",84.27,101.32,81.5,73.1,84.21,77.8,83.7,8.7850194460039
"14102",85.52,94.59,85.7,62.4,89.88,85.2,83.8816666666667,10.1639795629249
"14779",99.13,80.93,70.3,108.8,63.23,85.5,84.6483333333333,15.6641452758273
"15329",82.72,85.26,72.2,122.6,77.14,68.7,84.77,17.8419832604637
"15237",94.7,74.95,83.8,90,67.56,101.2,85.3683333333333,11.4550722632184
"16214",92.97,73.92,63.2,123.2,88.91,74.1,86.05,19.3573861871896
"15768",93.87,75.29,95.9,56.4,94.55,108.1,87.3516666666667,16.8392472284904
"13299",101.64,85.26,82.9,98.8,84.87,72.9,87.7283333333333,9.77728049556158
"14800",84.02,74.47,94.7,71.2,95.08,111.5,88.495,13.7048504187386
"16597",69.86,84.9,91.4,89.4,92.65,104.1,88.7183333333333,10.2463496209897
"9431",129.8,87.12,99.7,73,56.02,93.3,89.8233333333333,22.8792756781231
"16618",90.91,91.21,84,70.2,90.4,113.6,90.0533333333333,12.828582237419
"16206",74.59,110.15,100.4,76,94.25,102.7,93.015,13.3695035435128
"13163",74.97,100.41,95.6,81.5,85.99,121.8,93.3783333333333,15.257349504055
"15261",87,107.91,90.5,81.5,99.38,108.1,95.7316666666667,10.1714509234862
"15698",127.49,89.99,98.4,82.7,85.69,110.3,99.095,15.6189102799566
"16604",63.67,87.16,96.9,119.4,116.07,115.4,99.7666666666667,19.8569162314349
"17032",115.05,104.21,92.3,123,86.52,83.3,100.73,14.6624213552878
"16414",118.42,96.24,87.2,130.2,92.62,84.5,101.53,16.8818590998345
"0532",127.4,98.7,93.9,99.7,NA,93.1,102.56,12.6853616424602
"532",NA,NA,NA,NA,102.62,NA,102.62,NA
"17068",68.14,102.08,108.9,120.3,93.17,125.6,103.031666666667,18.9628974725793
"13116",128.45,96.08,103.5,105.1,76.95,108.9,103.163333333333,15.3487313988992
"15972",76,90.94,112.4,94.5,110.95,139.1,103.981666666667,19.9820089219166
"16593",88.31,99.53,99.5,102.8,109.9,125.5,104.256666666667,11.4346821361836
"16582",120.48,112.59,98.8,116.5,73.95,103.5,104.303333333333,15.4454358594663
"13674",144.36,77.54,105.3,103.1,93.84,103.3,104.573333333333,20.1382907803904
"17256",89.17,97.52,106.7,87.6,111.22,136.1,104.718333333333,16.4195598973365
"0528",128.31,98.32,87.4,107.8,NA,102.2,104.806,13.5146610760315
"16188",105.19,96.5,109.3,78.1,110,130.4,104.915,15.7294985616198
"0511",144.53,90.3,102.4,89.9,NA,99.7,105.366,20.2034705929452
"11244",106.93,108.05,94.8,139.3,94.78,94.5,106.393333333333,15.7934983106622
"515",NA,NA,NA,NA,107.12,NA,107.12,NA
"12186",110.03,118.48,104.3,98.8,109.87,101.6,107.18,6.48978427992796
"17066",89.48,108.83,109.5,96.2,116.72,123.6,107.388333333333,11.5637571989192
"16186",106.13,108.74,115.5,83.2,117.57,121.3,108.74,12.5201424379544
"14842",107.1,132.66,120.9,91.5,112.87,89.5,109.088333333333,15.3103760204931
"15255",91.48,117.04,120,118.3,109.07,99.9,109.298333333333,10.4989117160886
"528",NA,NA,NA,NA,109.97,NA,109.97,NA
"12611",125.3,100.87,113.7,102.9,80.95,136.6,110.053333333333,17.9489662345465
"0515",147.26,108.35,108.8,79.5,NA,113.5,111.482,21.5591673308595
"15798",90.91,97.59,109.5,134.3,114.41,122.2,111.485,14.5156981115848
"511",NA,NA,NA,NA,113.22,NA,113.22,NA
"15757",74.82,141.99,130.8,105.9,122.83,112.9,114.873333333333,21.3735238606605
"16622",NA,NA,114.9,NA,NA,NA,114.9,NA
"17514",94.4,118.64,109.1,119,120.38,138.3,116.636666666667,13.1920552690709
"13319",111.8,123.72,124.2,115.1,115.04,113.9,117.293333333333,4.84051879680497
"16184",104.92,127.59,116.6,87.2,128.44,139.5,117.375,17.236368285305
"16187",113.26,134.41,106.4,100,116.66,136.4,117.855,13.4817478466258
"17075",129.9,130.58,125.8,94.2,124.25,112.9,119.605,12.7590670374705
"13671",133,108.57,113.2,127.3,117.62,126.6,121.048333333333,8.58103804261984
"16213",127.05,113.32,97.6,140.6,120.37,130.8,121.623333333333,13.6712016865949
"14127",118.71,140.28,130.3,90.4,135.59,122.4,122.946666666667,16.288562108288
"15721",100.89,129.39,124.2,134.9,136,125.6,125.163333333333,11.6934036485913
"15799",127.53,131.88,117.3,150.5,116.75,111,125.826666666667,13.0590807061174
"17501",117.56,123.73,123.5,112.8,133.31,146.9,126.3,11.1548390097452
"17499",121.02,134.92,117.1,125.8,130.06,132.5,126.9,6.29140153966772
"14056",148.03,128.61,112.6,141.1,101.43,137.2,128.161666666667,16.3339680999103
"16620",143.77,137.08,129.1,90.5,138.35,130.9,128.283333333333,17.5767371513853
"12860",153.38,116.97,118.8,133.8,122.98,124.3,128.371666666667,12.3972233674409
"15779",127.01,131.13,132,96.8,137.7,147.5,128.69,15.6615261069923
"14136",150.18,133.99,127.3,95.1,123.18,143.6,128.891666666667,17.6661374920747
"12801",NA,NA,128.9,NA,NA,NA,128.9,NA
"12437",165.36,110.6,121.8,134.4,130.61,115.2,129.661666666667,17.9444275627716
"13590",147.98,125.16,125.8,137.6,101.77,146.4,130.785,15.7284325877268
"504",NA,NA,NA,NA,132.14,NA,132.14,NA
"17053",104.52,135.22,130.7,138.9,134.82,151.8,132.66,14.2138289469563
"15979",150.52,131.21,123.8,146.9,131.94,112.8,132.861666666667,12.8909094800259
"518",NA,NA,NA,NA,134.05,NA,134.05,NA
"0518",154.22,122.53,123.8,134.2,NA,138.3,134.61,11.4988590738386
"17482",114.85,120.84,123.4,154.3,135.09,163.5,135.33,17.9126714925496
"16169",132.34,137.84,130.6,131.1,128.59,153.4,135.645,8.43468187505216
"16080",125.84,138.65,128.4,108.1,155.2,160.8,136.165,17.9347648901977
"14782",159.56,133.41,122.7,142.9,105.68,155.2,136.575,18.5842242686281
"16148",NA,NA,121.4,NA,124.77,168.9,138.356666666667,21.6411742339047
"16809",142.38,144.22,133.3,112.8,149.36,154.3,139.393333333333,13.52832912406
"14861",123.4,140.88,123.8,153.2,137.55,157.6,139.405,13.0808559225559
"16174",118.57,128.25,130.7,150.5,146.54,164.4,139.826666666667,15.4488334690861
"524",NA,NA,NA,NA,139.83,NA,139.83,NA
"17030",NA,NA,124.1,NA,127.6,169.2,140.3,20.4852792674805
"17039",159.63,142.08,130,143.7,116.39,152.3,140.683333333333,14.1966764498675
"15761",161.66,161.01,130.9,111.8,139.26,140.3,140.821666666667,17.2492148774629
"7836",NA,NA,115.9,NA,140.25,169.2,141.783333333333,21.7866294369327
"16165",118.97,157.33,132.5,151.5,145.25,146.7,142.041666666667,12.7706165560721
"0510",170.62,134.76,NA,140.4,NA,122.6,142.095,17.6805394431279
"17477",125.82,145.23,129.3,143.5,144.28,165.9,142.338333333333,12.9838802837296
"17462",NA,NA,118.6,NA,140.13,168.6,142.443333333333,20.4778519923898
"12676",162.41,144.28,127.6,132.8,135.21,153.2,142.583333333333,12.1330741730564
"15712",119.53,144.19,130,156.2,143.97,162.8,142.781666666667,14.6525986508272
"510",NA,NA,NA,NA,143.24,NA,143.24,NA
"16680",158.48,138.23,130.4,154,138.78,141.2,143.515,9.67471231269092
"0504",174.24,139.87,129.3,124.4,NA,154,144.362,18.0616127740576
"514",NA,NA,NA,NA,144.9,NA,144.9,NA
"13592",172.41,137.22,122.4,154.4,121.55,162.5,145.08,19.4382380888804
"0524",172.76,121.84,NA,119.1,NA,169.1,145.7,25.2817285801426
"17498",148.57,155.77,100.9,156.5,146.03,168.1,145.978333333333,21.3491837600931
"531",NA,NA,NA,NA,146.48,NA,146.48,NA
"16747",138.12,149.74,130.7,139.3,152.23,170.4,146.748333333333,12.8184429848385
"0530",NA,NA,126.5,NA,NA,169.2,147.85,21.35
"16843",179.85,152.77,132.3,143.4,149.75,135.1,148.861666666667,15.6516404003613
"16150",181.74,148.82,125.6,154,120.31,165.4,149.311666666667,21.354130292652
"15694",166.21,147.59,125.1,166.3,124.78,167.6,149.596666666667,18.7042977830111
"14138",165.17,NA,128.4,NA,153.38,152.7,149.9125,13.3732258169074
"16287",160.21,157.33,128.3,125.4,160.61,169.4,150.208333333333,16.9444911565841
"17074",NA,NA,NA,165.7,167.48,118.6,150.593333333333,22.6343711102287
"14059",178.27,145,127.2,170.5,123.62,160.3,150.815,20.6651556571281
"15749",163.06,148.69,125.5,147.7,159.76,160.8,150.918333333333,12.8105248613092
"16846",174.62,144.82,138,147.1,145.39,157,151.155,11.8858091156359
"0531",183.5,143.95,139,156.3,NA,134.4,151.43,17.622020315503
"509",NA,NA,NA,NA,152.02,NA,152.02,NA
"17485",151.05,150.61,130.1,147.4,163.86,170.3,152.22,12.7727822602073
"16164",148.06,148.86,129.5,158.8,160.82,169.7,152.623333333333,12.6926772414473
"0512",NA,160.27,132.3,NA,NA,166.5,153.023333333333,14.872696086752
"16178",146.01,155.68,131.6,160.6,157.28,169.3,153.411666666667,11.9356195435716
"0522",194.05,152.48,136.7,128.9,NA,155.4,153.506,22.5226673375957
"16723",NA,154.59,125.3,NA,166.69,169.8,154.095,17.5689932836233
"15331",NA,NA,124,NA,168.61,169.7,154.103333333333,21.2909219047827
"13354",184.68,150.92,129.6,162.5,154.97,144.3,154.495,16.8914157192344
"11222",168.85,166.95,125.8,141.5,158.97,165.4,154.578333333333,15.7711185575265
"0514",175.63,146.27,139.4,147.6,NA,165.7,154.92,13.5232229886222
"15716",151.83,159.26,119,160.2,174.54,167.9,155.455,17.7867738783625
"0509",171.07,148.71,137.7,152.6,NA,168,155.616,12.4093651731263
"17474",159.41,157.87,126.7,153.4,167.88,169.9,155.86,14.2279173926943
"14833",177.94,164.32,NA,123.1,146.72,168.9,156.196,19.4181992985962
"16596",164.29,154.83,127.6,143.9,175.67,170.9,156.198333333333,16.4911384453052
"13132",157.94,160.56,125.8,164.9,166.72,161.7,156.27,13.9210763472753
"17517",168.96,149.5,126.8,159.7,166.46,168.9,156.72,14.9958483143391
"11150",NA,NA,NA,NA,143.46,170.1,156.78,13.32
"17500",178.15,163.73,131.5,136.9,162.23,169.2,156.951666666667,16.946259584017
"14871",NA,NA,NA,NA,143.75,170.2,156.975,13.225
"15786",169.13,NA,129.2,143.1,174.88,171.2,157.502,18.0735236188188
"13719",184.24,152.27,NA,153.6,161.32,141.7,158.626,14.251200089817
"522",NA,NA,NA,NA,158.94,NA,158.94,NA
"16684",177.46,NA,NA,147.1,141.65,170.1,159.0775,15.0548171277502
"501",NA,NA,NA,NA,159.11,NA,159.11,NA
"13303",NA,NA,128.3,NA,182.13,169.1,159.843333333333,22.9300622667178
"16896",NA,150.04,NA,NA,NA,170,160.02,9.98
"0501",187.08,159.99,129.6,159.6,NA,169.1,161.074,18.6262670441503
"16269",173.34,141.73,NA,165.4,157.74,167.9,161.222,10.9632082895474
"16628",188.59,NA,NA,129.3,164.78,163.7,161.5925,21.1321572195079
"12616",186.1,NA,NA,NA,129.56,169.9,161.853333333333,23.7732978126487
"0507",194.8,161.51,132.3,162.4,NA,158.5,161.902,19.8521136406177
"15293",NA,156.56,NA,132.7,188.18,171.5,162.235,20.3930447702152
"11936",196.43,161,133.8,153.2,164.28,164.8,162.251666666667,18.5820849356458
"13192",171.52,NA,124,NA,185.46,169.7,162.67,23.1435541782156
"13164",NA,NA,NA,150,169.1,169.4,162.833333333333,9.07536347603897
"16193",150.56,165.82,NA,152.8,174.44,170.6,162.844,9.54209536737083
"0526",NA,151.05,NA,167.7,NA,170,162.916666666667,8.44337347009804
"17543",175.24,160.18,NA,NA,151.83,165.2,163.1125,8.47538015371582
"16603",180.33,NA,123.5,NA,177.95,171,163.195,23.1728790831006
"507",NA,NA,NA,NA,163.26,NA,163.26,NA
"0523",185.21,162.02,136.4,NA,NA,169.5,163.2825,17.633315591516
"14717",192.65,160.41,139.6,149.9,167.95,170.3,163.468333333333,16.7405549655785
"12263",NA,NA,NA,156.6,NA,170.4,163.5,6.90000000000001
"13772",175.93,151.28,NA,NA,158.93,168.9,163.76,9.40223111819743
"0529",NA,157.04,NA,NA,NA,170.6,163.82,6.78
"521",NA,NA,NA,NA,163.9,NA,163.9,NA
"13629",157.59,155.37,NA,137.1,200.84,168.8,163.94,21.0683772512265
"16751",NA,NA,NA,164.8,NA,NA,164.8,NA
"17222",179.77,161.96,NA,153.2,164.13,165.7,164.952,8.57752738264356
"16195",152.81,NA,NA,163.6,174.2,171,165.4025,8.22417283074717
"14860",168.59,164.7,NA,140.8,182.98,171.2,165.654,13.8434094066455
"15889",173.14,NA,NA,159.8,159.52,170.2,165.665,6.09510254220549
"0521",NA,161.93,NA,NA,NA,169.6,165.765,3.83499999999999
"17047",155.23,168.06,NA,NA,170.98,169.2,165.8675,6.22909855035221
"17668",189.88,NA,130.2,174.9,170.28,168.2,166.692,19.7578768090096
"15797",194.56,164.78,131.4,NA,174.73,170.5,167.194,20.5117367377802
"17099",NA,NA,NA,NA,164.65,170.2,167.425,2.77499999999999
"512",NA,NA,NA,NA,168.06,NA,168.06,NA
"16444",NA,152.01,NA,163.5,187.53,170,168.26,12.8557438524576
"16681",194.22,159.37,NA,164.8,157.23,167.9,168.704,13.309621482221
"13113",NA,NA,NA,NA,168.07,170.1,169.085,1.015
"0516",183.5,156.33,NA,NA,NA,167.5,169.11,11.1503751805339
"17107",172.78,NA,NA,NA,166.65,168.6,169.343333333333,2.55716422798554
"11679",NA,NA,NA,NA,NA,169.4,169.4,NA
"14244",NA,NA,NA,NA,NA,169.6,169.6,NA
"0503",NA,NA,NA,NA,NA,169.7,169.7,NA
"15981",NA,NA,NA,NA,NA,169.8,169.8,NA
"17171",NA,NA,NA,NA,NA,169.8,169.8,NA
"17521",NA,NA,NA,NA,NA,169.8,169.8,NA
"16216",NA,NA,NA,NA,NA,169.8,169.8,NA
"14143",NA,NA,NA,NA,NA,169.8,169.8,NA
"14867",NA,NA,NA,NA,NA,169.8,169.8,NA
"17736",NA,NA,NA,NA,NA,169.8,169.8,NA
"17277",NA,NA,NA,NA,NA,169.8,169.8,NA
"14600",NA,NA,NA,NA,NA,169.8,169.8,NA
"0506",NA,NA,NA,NA,NA,169.8,169.8,NA
"0527",NA,NA,NA,NA,NA,169.8,169.8,NA
"0520",NA,NA,NA,NA,NA,169.8,169.8,NA
"0513",NA,NA,NA,NA,NA,169.8,169.8,NA
"16584",NA,NA,NA,NA,NA,169.9,169.9,NA
"17508",NA,NA,NA,NA,NA,169.9,169.9,NA
"16635",NA,NA,NA,NA,NA,169.9,169.9,NA
"17108",NA,NA,NA,NA,NA,169.9,169.9,NA
"16643",NA,NA,NA,NA,NA,169.9,169.9,NA
"15337",NA,NA,NA,NA,NA,169.9,169.9,NA
"12678",NA,NA,NA,NA,NA,169.9,169.9,NA
"16333",NA,NA,NA,NA,NA,169.9,169.9,NA
"15369",NA,NA,NA,NA,NA,169.9,169.9,NA
"16292",NA,NA,NA,NA,NA,169.9,169.9,NA
"16419",NA,NA,NA,NA,NA,169.9,169.9,NA
"0508",NA,NA,NA,NA,NA,169.9,169.9,NA
"0519",NA,NA,NA,NA,NA,169.9,169.9,NA
"17466",NA,NA,NA,NA,NA,170,170,NA
"15238",NA,NA,NA,NA,NA,170,170,NA
"9064",NA,NA,NA,NA,NA,170,170,NA
"15241",NA,NA,NA,NA,NA,170,170,NA
"17463",NA,NA,NA,NA,NA,170,170,NA
"12140",NA,NA,NA,NA,NA,170,170,NA
"16678",NA,NA,NA,NA,NA,170,170,NA
"12155",NA,NA,NA,NA,NA,170,170,NA
"17685",NA,NA,NA,NA,NA,170,170,NA
"17486",NA,NA,NA,NA,NA,170,170,NA
"16594",NA,NA,NA,NA,NA,170,170,NA
"17648",NA,NA,NA,NA,NA,170,170,NA
"17706",NA,NA,NA,NA,NA,170,170,NA
"17134",NA,NA,NA,NA,NA,170,170,NA
"15319",NA,NA,NA,NA,NA,170,170,NA
"13418",NA,NA,NA,NA,NA,170,170,NA
"13066",NA,NA,NA,NA,NA,170,170,NA
"15292",NA,NA,NA,NA,NA,170,170,NA
"15752",NA,NA,NA,NA,NA,170,170,NA
"16621",NA,NA,NA,NA,NA,170,170,NA
"17519",NA,NA,NA,NA,NA,170,170,NA
"17096",NA,NA,NA,NA,NA,170,170,NA
"17076",NA,NA,NA,NA,NA,170,170,NA
"14105",NA,NA,NA,NA,NA,170,170,NA
"14592",NA,NA,NA,NA,NA,170,170,NA
"14315",NA,NA,NA,NA,NA,170,170,NA
"16630",NA,NA,NA,NA,NA,170,170,NA
"15301",NA,NA,NA,NA,NA,170,170,NA
"17542",NA,NA,NA,NA,NA,170,170,NA
"16629",NA,NA,NA,NA,NA,170,170,NA
"17184",NA,NA,NA,NA,NA,170,170,NA
"17529",NA,NA,NA,NA,NA,170,170,NA
"17505",NA,NA,NA,NA,NA,170,170,NA
"17073",NA,NA,NA,NA,NA,170,170,NA
"16633",NA,NA,NA,NA,NA,170,170,NA
"17079",NA,NA,NA,NA,NA,170,170,NA
"17234",NA,NA,NA,NA,NA,170,170,NA
"17541",NA,NA,NA,NA,NA,170,170,NA
"17254",NA,NA,NA,NA,NA,170,170,NA
"12785",NA,NA,NA,NA,NA,170,170,NA
"17086",NA,NA,NA,NA,NA,170,170,NA
"17205",NA,NA,NA,NA,NA,170,170,NA
"12645",NA,NA,NA,NA,NA,170,170,NA
"15785",NA,NA,NA,NA,NA,170,170,NA
"16636",NA,NA,NA,NA,NA,170,170,NA
"15771",NA,NA,NA,NA,NA,170,170,NA
"16299",NA,NA,NA,NA,NA,170,170,NA
"16428",NA,NA,NA,NA,NA,170,170,NA
"16640",NA,NA,NA,NA,NA,170,170,NA
"17752",NA,NA,NA,NA,NA,170,170,NA
"17269",NA,NA,NA,NA,NA,170,170,NA
"13189",NA,NA,NA,NA,NA,170,170,NA
"16645",NA,NA,NA,NA,NA,170,170,NA
"17106",NA,NA,NA,NA,NA,170,170,NA
"17544",NA,NA,NA,NA,NA,170,170,NA
"17547",NA,NA,NA,NA,NA,170,170,NA
"14146",NA,NA,NA,NA,NA,170,170,NA
"17607",NA,NA,NA,NA,NA,170,170,NA
"15332",NA,NA,NA,NA,NA,170,170,NA
"12677",NA,NA,NA,NA,NA,170,170,NA
"13193",NA,NA,NA,NA,NA,170,170,NA
"17605",NA,NA,NA,NA,NA,170,170,NA
"14137",NA,NA,NA,NA,NA,170,170,NA
"14209",NA,NA,NA,NA,NA,170,170,NA
"14870",NA,NA,NA,NA,NA,170,170,NA
"15795",NA,NA,NA,NA,NA,170,170,NA
"16642",NA,NA,NA,NA,NA,170,170,NA
"17726",NA,NA,NA,NA,NA,170,170,NA
"14258",NA,NA,NA,NA,NA,170,170,NA
"13898",NA,NA,NA,NA,NA,170,170,NA
"526",NA,NA,NA,NA,170.04,NA,170.04,NA
"16850",NA,NA,NA,NA,NA,170.1,170.1,NA
"16746",NA,NA,NA,NA,NA,170.1,170.1,NA
"17060",NA,NA,NA,NA,NA,170.1,170.1,NA
"15414",NA,NA,NA,NA,NA,170.1,170.1,NA
"15727",NA,NA,NA,NA,NA,170.1,170.1,NA
"16613",NA,NA,NA,NA,NA,170.1,170.1,NA
"15718",NA,NA,NA,NA,NA,170.1,170.1,NA
"17528",NA,NA,NA,NA,NA,170.1,170.1,NA
"13289",NA,NA,NA,NA,NA,170.1,170.1,NA
"16036",NA,NA,NA,NA,NA,170.1,170.1,NA
"16649",NA,NA,NA,NA,NA,170.1,170.1,NA
"0502",NA,NA,NA,NA,NA,170.1,170.1,NA
"16601",NA,NA,NA,NA,NA,170.2,170.2,NA
"16432",NA,NA,NA,NA,NA,170.2,170.2,NA
"16385",NA,NA,NA,NA,NA,170.2,170.2,NA
"16171",NA,NA,NA,NA,NA,170.2,170.2,NA
"17058",NA,NA,NA,NA,NA,170.2,170.2,NA
"17652",NA,NA,NA,NA,NA,170.2,170.2,NA
"16189",NA,NA,NA,NA,NA,170.2,170.2,NA
"16207",NA,NA,NA,NA,NA,170.2,170.2,NA
"17078",NA,NA,NA,NA,NA,170.2,170.2,NA
"17098",NA,NA,NA,NA,NA,170.2,170.2,NA
"17520",NA,NA,NA,NA,NA,170.2,170.2,NA
"13672",NA,NA,NA,NA,NA,170.2,170.2,NA
"16212",NA,NA,NA,NA,NA,170.2,170.2,NA
"13718",NA,NA,NA,NA,NA,170.2,170.2,NA
"14778",NA,NA,NA,NA,170.36,170.1,170.23,0.13000000000001
"17049",NA,NA,NA,NA,NA,170.3,170.3,NA
"17475",NA,NA,NA,NA,NA,170.3,170.3,NA
"17481",NA,NA,NA,NA,NA,170.3,170.3,NA
"15787",NA,NA,NA,NA,NA,170.3,170.3,NA
"0505",NA,NA,NA,NA,NA,170.3,170.3,NA
"10700",NA,NA,NA,NA,170.64,170,170.32,0.319999999999993
"15802",NA,160.21,NA,NA,180.62,170.3,170.376666666667,8.33252396069495
"16387",NA,NA,NA,NA,NA,170.4,170.4,NA
"17061",NA,NA,NA,NA,NA,170.4,170.4,NA
"17512",NA,NA,NA,NA,NA,170.4,170.4,NA
"14974",NA,NA,NA,NA,NA,170.4,170.4,NA
"0525",NA,NA,NA,170.3,NA,170.7,170.5,0.199999999999989
"16752",NA,NA,NA,NA,NA,170.5,170.5,NA
"16342",NA,NA,NA,NA,NA,170.5,170.5,NA
"15788",NA,NA,NA,NA,NA,170.6,170.6,NA
"12956",193.86,163.89,NA,166.8,158.97,169.6,170.624,12.1387455694565
"15368",193.09,153.38,NA,169.7,167.77,169.3,170.648,12.7501049407446
"530",NA,NA,NA,NA,170.68,NA,170.68,NA
"17059",NA,NA,NA,NA,NA,170.7,170.7,NA
"15755",NA,NA,NA,NA,NA,170.7,170.7,NA
"14095",NA,NA,NA,NA,NA,170.8,170.8,NA
"17507",NA,NA,NA,NA,NA,170.8,170.8,NA
"16639",NA,NA,NA,NA,NA,170.8,170.8,NA
"17105",NA,NA,NA,NA,NA,170.8,170.8,NA
"17503",NA,NA,NA,NA,NA,171.3,171.3,NA
"17080",NA,NA,NA,NA,NA,171.8,171.8,NA
"17476",NA,NA,NA,NA,173.31,170.3,171.805,1.505
"523",NA,NA,NA,NA,171.81,NA,171.81,NA
"17031",NA,NA,NA,NA,173.75,169.9,171.825,1.925
"16583",NA,NA,NA,NA,173.7,170.1,171.9,1.8
"16204",NA,NA,NA,159.4,191.72,164.6,171.906666666667,14.170065474639
"16626",179.12,NA,NA,156,182.73,171.3,172.2875,10.2711571280942
"17055",178.9,168.96,NA,NA,NA,170.7,172.853333333333,4.33424605772318
"16608",175.49,NA,NA,NA,NA,170.3,172.895,2.595
"17511",172.91,NA,NA,159.6,192.63,170.6,173.935,11.9076456531088
"14122",NA,NA,NA,164.2,187.29,170.5,173.996666666667,9.74532480503116
"17518",179.71,NA,NA,NA,173.38,169.8,174.296666666667,4.09733517735071
"11945",201.05,158.79,NA,164.2,179.16,169.1,174.46,14.8906964242778
"17599",182.97,NA,NA,158.3,185.71,170.9,174.47,10.8719984363501
"16166",178.87,NA,NA,NA,NA,170.3,174.585,4.285
"13146",NA,NA,NA,NA,179.12,170.1,174.61,4.51000000000001
"17220",189.4,163.02,NA,NA,176.76,170.1,174.82,9.71929009753284
"17048",NA,NA,NA,NA,180.2,170,175.1,5.09999999999999
"529",NA,NA,NA,NA,175.23,NA,175.23,NA
"16778",NA,NA,NA,168.4,186.35,171.1,175.283333333333,7.90256639045541
"17502",188.03,NA,NA,NA,167.9,171.2,175.71,8.81511202424564
"516",NA,NA,NA,NA,175.78,NA,175.78,NA
"15254",177.28,NA,NA,NA,179.94,170.2,175.806666666667,4.11055011187338
"16788",189.97,NA,NA,166.8,NA,171.7,176.156666666667,9.97024350532902
"14983",192.37,NA,NA,NA,166.57,169.6,176.18,11.5146949590512
"16617",NA,NA,NA,170.8,188.06,170.2,176.353333333333,8.28148671569437
"16757",186.68,NA,NA,NA,173.1,171,176.926666666667,6.94973061028668
"14086",178.85,NA,NA,NA,184.31,168.9,177.353333333333,6.37950015457498
"16201",NA,NA,NA,NA,186.09,170.3,178.195,7.895
"16619",NA,NA,NA,NA,187.73,170.1,178.915,8.815
"8851",NA,164.21,NA,NA,202.8,170.3,179.103333333333,16.9395205231894
"527",NA,NA,NA,NA,179.2,NA,179.2,NA
"17072",187.5,NA,NA,NA,179.85,171.2,179.516666666667,6.65862014401049
"506",NA,NA,NA,NA,179.63,NA,179.63,NA
"0517",190.83,NA,NA,NA,NA,169.7,180.265,10.565
"17082",NA,NA,NA,NA,190.24,170.4,180.32,9.92
"17506",179.83,NA,NA,NA,190.69,170.6,180.373333333333,8.21070168878533
"525",NA,NA,NA,NA,180.58,NA,180.58,NA
"17478",NA,NA,NA,NA,191.09,170.3,180.695,10.395
"502",NA,NA,NA,NA,183.33,NA,183.33,NA
"15738",NA,NA,NA,NA,200.94,170.3,185.62,15.32
"16610",184.5,NA,NA,NA,206.73,170.7,187.31,14.8427827579602
"17157",NA,NA,NA,NA,204.73,170.3,187.515,17.215
"517",NA,NA,NA,NA,187.74,NA,187.74,NA
"13133",NA,NA,NA,NA,205.76,171.1,188.43,17.33
"508",NA,NA,NA,NA,189.96,NA,189.96,NA
"17069",NA,NA,NA,NA,190.88,NA,190.88,NA
"14080",181.34,NA,NA,NA,204.28,NA,192.81,11.47
